Id,Ridge,Lasso,ElasticNet,KernelRidge,SVR,GradientBoosting,XGBoost,LightGBM,CatBoost,Ridge_u,Lasso_u,ElasticNet_u,SVR_u,GBR_u,XGB_u,LGBM_u,Cat_u
1,12.224196440426123,12.22384910293163,12.223798095332032,12.229946927419855,12.24311299651722,12.210414502664522,12.211176,12.196255098209832,12.209333825630797,12.224019217318492,12.223897295825322,12.223798378965606,12.235237446640948,12.215702927025992,12.229798,12.216976450015697,12.209333825630797
2,12.170959479416139,12.161772873720802,12.161754559950694,12.143179733258204,12.090400785499789,12.06804952050752,12.085874,12.057818206302048,12.084764001265976,12.173671993566971,12.158799850288874,12.159499607621516,12.143023722771167,12.044759108149522,12.081127,12.079989899576209,12.084764001265976
3,12.291793578536408,12.29190669053388,12.293143443744654,12.29720836171602,12.3120031488438,12.27940709619619,12.271412,12.253385084960943,12.297798202710112,12.286481079234973,12.294649614524717,12.291366682033328,12.309358472585274,12.28845819786933,12.290854,12.26338780801613,12.297798202710112
4,12.056047297342884,12.08370916650515,12.082547854973756,12.07588204388465,12.111000201594834,12.07047106748665,12.058345,12.030712143811908,12.1045651654529,12.054803732503053,12.083122190471279,12.076666127340724,12.089890403757451,12.031504657098294,12.015938,12.068665085398527,12.1045651654529
5,12.57321848198622,12.588241685546476,12.587693254927323,12.577269629515909,12.587331724817737,12.59666784412691,12.595917,12.59374011103409,12.569995303123617,12.57533601169796,12.588094158306887,12.588088235837219,12.570244330060232,12.586309515601053,12.606285,12.606955568565665,12.569995303123617
6,12.014764314998217,12.020625696089187,12.019098578008597,12.034979248280461,12.08981062961211,11.96962804036969,11.999466,11.987319358929051,11.976541578753267,12.013832744550221,12.019133406069074,12.017329713698778,12.123309258380516,11.956380116073273,11.982149,11.982494132063708,11.976541578753267
7,12.560720509787691,12.555412477934913,12.554907826655604,12.566505059567124,12.581923808546613,12.54958455042694,12.570444,12.566343570397532,12.576235899744955,12.56338361240858,12.554546856181892,12.555505748872244,12.56325323929601,12.524358202767626,12.559724,12.552271429381166,12.576235899744955
8,12.348347153787854,12.313456120560659,12.309767792088259,12.332090417986802,12.330705306167191,12.31719369733737,12.314251,12.29968226458793,12.400220492189085,12.355563187200437,12.307565018125546,12.315466232800087,12.30803869430978,12.303865920695609,12.342077,12.309964086594197,12.400220492189085
9,11.765192805214783,11.788138948996275,11.792001229978196,11.748253847120733,11.728095063308055,11.791475935446472,11.759177,11.769923715672016,11.819979457065765,11.754757311284635,11.80872295504061,11.805308250033148,11.740904617344475,11.823176578061965,11.759586,11.793660828566226,11.819979457065765
10,11.696151896566683,11.674662509475933,11.67700201067865,11.690428518294924,11.692844118883611,11.748985580374525,11.762106,11.760570633638167,11.737437273054416,11.701811222417138,11.679319425523568,11.674144620229773,11.652609198872742,11.7391435187076,11.739339,11.774424832854178,11.737437273054416
11,11.778926551923355,11.765832096029742,11.765045261600017,11.775399924352296,11.771184906774124,11.764354267578513,11.766351,11.764060610665554,11.750777008332191,11.778287454251581,11.760918508654319,11.76023625496113,11.78585580412398,11.76281846409666,11.763451,11.75449801173694,11.750777008332191
12,12.864152093166616,12.859096255086818,12.858452921161636,12.862963502145567,12.827864618979213,12.82237008133801,12.800581,12.79411863589011,12.82732070588461,12.86956216156481,12.857894012507066,12.859474479392839,12.882340951050766,12.792566928467927,12.804714,12.81126614873236,12.82732070588461
13,11.791184615409419,11.78000504090827,11.779906331107323,11.77842533817631,11.783630364439077,11.80170836071908,11.830234,11.834585118581709,11.825954769033427,11.791150285510865,11.778925981161045,11.779027749041378,11.81501252674493,11.804365715209192,11.832303,11.813142432919,11.825954769033427
14,12.337725327197,12.341420725932599,12.341507317335985,12.32783269923358,12.304754626580603,12.274698872026836,12.268444,12.262076123379636,12.295654905598937,12.334990329835858,12.342141257711889,12.342025024028947,12.322455740541203,12.263326730031592,12.267676,12.279423630147821,12.295654905598937
15,11.993962691800842,11.977541355352178,11.977138026710621,11.990020029251596,11.9772163531455,11.957679449574519,11.979401,11.962218417335905,12.003039031406638,11.9935115819932,11.97447239494788,11.975064329495329,11.983318428116386,11.971759241359406,11.956815,11.96771215702197,12.003039031406638
16,11.821359094018527,11.808522214462554,11.807642889879627,11.823605466570307,11.848678330344923,11.751094103500197,11.762571,11.752877543665962,11.714485735623938,11.824735929194503,11.808846783078128,11.808584704625646,11.81652853168165,11.779577985804849,11.743646,11.782718221611653,11.714485735623938
17,11.957877958648172,11.962296923973055,11.961533352057858,11.956192102599717,11.990333133924702,11.949043937881099,11.948085,11.973037443446685,11.977234117258309,11.959104458428223,11.96114761163013,11.962411178106631,11.985215022724097,11.960746596480075,11.959294,11.958366253108345,11.977234117258309
18,11.59664717861474,11.586741622167253,11.588858467203917,11.579942872930552,11.531980630854843,11.609076777224791,11.643412,11.623432191239749,11.596641431952454,11.602156807381814,11.59145282575201,11.585724190346664,11.611072334926837,11.629702478369095,11.654705,11.64870755549849,11.596641431952454
19,11.95557151970747,11.943534720120587,11.946096111804973,11.951461013969007,11.951841626710538,11.938584942885011,11.943384,11.954049747019441,11.960613883222146,11.947832978063717,11.94926442508816,11.9425673390283,11.964952853165512,11.962919107793192,11.961997,11.953333496939647,11.960613883222146
20,11.68963222599312,11.715397094786091,11.713860990861095,11.69407589325941,11.72009316205701,11.751347335480506,11.717908,11.72446530614735,11.726691203766464,11.692016074492331,11.712631290207721,11.715499921127352,11.727889077709476,11.710493002427485,11.695512,11.722488119238701,11.726691203766464
21,12.69161270579161,12.690831375295186,12.689438845479632,12.69830799576672,12.705587092192161,12.716941203890089,12.706563,12.72516030725534,12.719399843061442,12.698311275349905,12.681928648875159,12.683501133177428,12.68812405045472,12.721388241337376,12.72105,12.699619169451365,12.719399843061442
22,11.740571764592225,11.754138100723003,11.755602552685339,11.72663142118278,11.711606430597007,11.757597958611193,11.767513,11.78392510236291,11.75910126214582,11.74063519173116,11.76061046663657,11.75970858395581,11.709181874714934,11.759938283324596,11.758456,11.755754790945945,11.75910126214582
23,12.369591902681977,12.375218288835221,12.375919345525297,12.360593333263228,12.343117574024314,12.376795292338091,12.27746,12.351425566209231,12.352843817315678,12.366808377724515,12.376782598404635,12.374840022852078,12.350934741767587,12.36190339434827,12.261931,12.298525057387172,12.352843817315678
24,11.870693937679837,11.846758658018079,11.84614319969344,11.864215500692286,11.83276290277768,11.822411819340267,11.825443,11.815313561083638,11.802488657040016,11.868345809940527,11.848234119000534,11.847523188437384,11.83221169557075,11.828756968084468,11.810796,11.839412144255405,11.802488657040016
25,11.925912799440987,11.933522632006827,11.933356131518213,11.925164539723456,11.93906849140539,11.909611235452488,11.883786,11.875932928917608,11.911017307285064,11.92749847142385,11.932967882348098,11.93380547656053,11.95189760042807,11.902904713382396,11.87437,11.900352187090414,11.911017307285064
26,12.450010008112551,12.44368587785756,12.443145331399922,12.431415754035296,12.410889686770746,12.437396422714938,12.436112,12.430033204534006,12.454500992498728,12.45332836341614,12.442791272371094,12.443877346281935,12.434584346677816,12.442515186294935,12.432359,12.42166253390376,12.454500992498728
27,11.734218756302099,11.728853048314154,11.728274959700407,11.754239044900936,11.766060804477808,11.824108844568409,11.829405,11.784238953045216,11.808811981659712,11.735186650633917,11.725518789227648,11.72620074266441,11.758366199803787,11.804614373939993,11.838129,11.819906888042356,11.808811981659712
28,12.55503077760644,12.555185833130341,12.554791503559512,12.551775001914557,12.55047817204538,12.596853632606434,12.571279,12.584543763823113,12.586654313259249,12.557965280098891,12.55411223194274,12.55530272250525,12.567773005242593,12.579464235857579,12.584501,12.592241953274243,12.586654313259249
29,12.174665888378952,12.165567510172266,12.16478169845183,12.173891591186337,12.208817392413252,12.122515425141788,12.1404295,12.131645292967008,12.141814318589397,12.17743045363732,12.163118917042611,12.166021394685377,12.152030939909404,12.120619564279492,12.128971,12.147462799423186,12.141814318589397
30,11.155025242410018,11.191222048449685,11.188770744996281,11.188373739695452,11.212194246534722,11.050241315001072,11.165324,11.159763258950152,11.103041561808114,11.157812315207831,11.193443380589144,11.191713979931174,11.170672456359624,11.14340053374675,11.1276655,11.164919275234908,11.103041561808114
31,11.399250412809232,11.272723424080107,11.28043345357867,11.415378992943888,11.445714739865801,11.466294103712318,11.280901,11.36195387174827,11.33112391309452,11.39314471267494,11.269535403348375,11.273640757684749,11.517275169413479,11.473377103766797,11.321968,11.495206053837276,11.33112391309452
32,11.842983013599934,11.835589397702837,11.834158352261174,11.85321506193741,11.860328965583486,11.841657919819943,11.84326,11.817988642013972,11.858718790830393,11.842372637232941,11.827385518681867,11.827123185074248,11.853219152419321,11.827057729502929,11.834655,11.844995607711787,11.858718790830393
33,12.167531940736133,12.171630445284983,12.171788515012903,12.150777845639503,12.139751533003633,12.133254989160987,12.161385,12.09615687972013,12.120197975573669,12.167476126502448,12.171494911263506,12.171575218309203,12.131706421493893,12.1128076190995,12.119416,12.148743025532209,12.120197975573669
34,12.08124954892424,12.111311147566097,12.111323908050293,12.070898838153141,12.080403496047495,12.06954438050651,12.041897,12.01279993773295,12.041396919995716,12.081479692856243,12.11157268029957,12.110944285746966,12.090408814045674,12.080457513692306,12.023134,12.048750202869613,12.041396919995716
35,12.527789315764657,12.519330947381828,12.519469771394272,12.531142304549077,12.549864037000031,12.549338532471053,12.538997,12.564776187739723,12.575202389604929,12.526046515591915,12.519010942287183,12.519155617583463,12.524035110634872,12.57819469293992,12.538562,12.552802141113993,12.575202389604929
36,12.649491401380377,12.646854695260327,12.646092161228145,12.661416978853238,12.686024609879233,12.634353416877193,12.642002,12.6447100916269,12.640518220422456,12.655865352003296,12.644773288629251,12.64722304911138,12.67505636734944,12.625009846609712,12.63773,12.667480427205053,12.640518220422456
37,11.8939297392093,11.891423088022531,11.88989509515513,11.902043131858736,11.907815917748312,11.88564253620088,11.897836,11.842811123719754,11.865936349357373,11.900185799654704,11.888761014246946,11.891972463749411,11.915854459080725,11.90863080601514,11.911957,11.873014564503949,11.865936349357373
38,11.89072779666431,11.895434179242104,11.895287834263996,11.885713819700095,11.881112445906242,11.954426598666002,11.941955,11.91921202554386,11.918240857148499,11.890227037164374,11.896274040949374,11.896012590692848,11.907857285621665,11.951659252385555,11.928608,11.941244389747435,11.918240857148499
39,11.760230937626094,11.761500762803916,11.760673333004632,11.761503862951649,11.791643005184223,11.770291150712836,11.764502,11.784242360006768,11.771329372504814,11.7593909902981,11.759458511077218,11.761666559814778,11.778587813666883,11.748119436873468,11.768672,11.744890191324057,11.771329372504814
40,11.24609755428831,11.241784375743446,11.24452207085039,11.28141337258046,11.310008060882247,11.379746753966502,11.374469,11.397492721661601,11.344379160232334,11.246170622925952,11.25172599802772,11.257175943887331,11.249026466674135,11.318999036226987,11.37627,11.34240290362623,11.344379160232334
41,11.841451019886463,11.855691552116147,11.855395055789222,11.834515051509687,11.860878089816065,11.880667799406215,11.85839,11.862244129558592,11.87865676354723,11.84010780046637,11.856569531335772,11.85616755862228,11.879499311837337,11.869062206886332,11.851421,11.854356754646656,11.87865676354723
42,12.048348246532148,12.052266653566814,12.05182422957284,12.044801400670783,12.053250126237351,12.003119489229753,12.025268,12.015675996212487,12.03163246474964,12.051138578808153,12.050810691557988,12.052654430659553,12.029507749498238,12.013611342321031,12.023018,12.014965153681922,12.03163246474964
43,11.88351083125148,11.892350079514825,11.892991053115475,11.887017437998523,11.878755126587116,11.90131287191637,11.841501,11.838227009333364,11.873160317600194,11.885237501971716,11.89343168753394,11.892260299130765,11.873813858345848,11.898982636091386,11.862908,11.86136368957621,11.873160317600194
44,11.791361154833867,11.78429546835883,11.783603365844979,11.808233450092875,11.810748544636425,11.775584606274439,11.784734,11.796660232110728,11.806722008334216,11.793038769949902,11.785190946812559,11.784618275833797,11.808632163111723,11.792901326349977,11.788921,11.790244157166967,11.806722008334216
45,11.860412514090344,11.852656730523082,11.85150219518776,11.90469973195443,11.905707222344331,11.876308097413183,11.887428,11.86404664979297,11.869474247508625,11.86505058500231,11.853986726418151,11.853182471865958,11.902195745744182,11.894903418361322,11.884867,11.916588264521788,11.869474247508625
46,12.565257421485846,12.563077027210854,12.56350385845582,12.577828454035876,12.599693041703649,12.572851038444883,12.585767,12.589823224297955,12.574616807032656,12.563928426395405,12.56344562694939,12.562867126528737,12.574240240928315,12.573558311129554,12.603675,12.61019755564961,12.574616807032656
47,12.552339948085002,12.540644633446522,12.541469853979361,12.548554205628394,12.527666253388334,12.562897349438911,12.61253,12.604779590157033,12.643968665963818,12.548190474412115,12.54231472757185,12.540243465806254,12.545816692716597,12.559964965437816,12.586279,12.58720303139789,12.643968665963818
48,12.453274435199353,12.455137961517899,12.45460944579847,12.44489652731139,12.426603076620891,12.377238022330426,12.407432,12.391773346568414,12.389200458292548,12.457636223195125,12.453288965297698,12.45569952392508,12.435855228975385,12.365698696833006,12.400451,12.40610710066075,12.389200458292548
49,11.450808799951158,11.465769364940767,11.468895300659977,11.42928367703515,11.399338579079078,11.531428252734736,11.456518,11.48098415724962,11.523471760784822,11.449996391162584,11.4829654131667,11.481088302933,11.479134459138379,11.47491158654117,11.480461,11.453292560986883,11.523471760784822
50,11.75915420737351,11.765131196043933,11.765048159929712,11.772342329801951,11.789178415534266,11.746323880081775,11.744575,11.74658862177363,11.739500874731682,11.760198050001142,11.765167124632539,11.765155570208245,11.783266822028425,11.720723241821476,11.725456,11.737349028547168,11.739500874731682
51,12.088202876296247,12.084876434699474,12.085360134351479,12.082405365126906,12.084791612028718,12.074183042596944,12.0952425,12.107052976552954,12.074141280180383,12.086288654839747,12.085709439768557,12.084683467767286,12.093043911399908,12.082296274332187,12.092447,12.068465463322639,12.074141280180383
52,11.716510757333106,11.739734969547174,11.738711775550275,11.722958477415695,11.715369664098624,11.721174676754748,11.699674,11.699328237310956,11.702980106893426,11.719130913190716,11.740359160595503,11.739888360709946,11.718591209952278,11.716006619732308,11.698502,11.703255603826994,11.702980106893426
53,11.449570065948494,11.482365512368343,11.48636803149206,11.479282351421878,11.531866792526923,11.597419688070254,11.601493,11.58331666568448,11.57650446751815,11.43569960665898,11.490591059415832,11.480582998592082,11.524337374398499,11.610583623878231,11.594105,11.559961958324516,11.57650446751815
54,12.748188752357102,12.731732896074067,12.733928130676233,12.775782408377328,12.86584509447911,12.811019066071722,12.882527,12.854679364239486,12.929578657446333,12.749096124805103,12.74341814234444,12.74168744336638,12.838762084390785,12.745348099442902,12.88108,12.85877965550851,12.929578657446333
55,11.751589444416883,11.747186030335502,11.747525357283935,11.752641230645468,11.737922097674495,11.730767597148624,11.725596,11.746459239365258,11.746701967805173,11.751685777710492,11.743442268771274,11.743321355343411,11.746203727626995,11.74269861063384,11.735183,11.750100253989498,11.746701967805173
56,11.991097075782523,11.993341896899155,11.994537792891833,11.970825319321527,11.929261594312093,12.004962637494899,12.000418,12.020247026429487,11.991998705122635,11.98877462319616,11.995787931887758,11.9929503923849,11.964281809448227,12.020661508523627,12.041221,12.039232332473638,11.991998705122635
57,12.148743760221244,12.151439371349495,12.152292835725667,12.150906766941976,12.16225759126614,12.227119079604611,12.250771,12.267154192982913,12.238988702623336,12.146825804307682,12.150477747483407,12.151128996837317,12.167607494632895,12.172127614773494,12.253783,12.23863324513471,12.238988702623336
58,12.175662979505038,12.173207466951457,12.173871840646008,12.168454774330502,12.164360180835232,12.169365208073511,12.1663065,12.15835797045672,12.164847667330113,12.173019892538282,12.175118411103744,12.172884611887755,12.16386340719735,12.147880171670776,12.165216,12.170966957657122,12.164847667330113
59,13.01617366781256,13.03390757735666,13.031270146553243,13.072008204188595,13.121392095561891,13.049562335182728,13.19929,13.100865283998047,13.143391095321359,13.022330009431059,13.036036765080192,13.03445012142187,13.023058239219116,13.02258999624384,13.14833,13.07542617768511,13.143391095321359
60,11.680191550031376,11.67966075726459,11.678524323226286,11.673303090363392,11.678364303021604,11.689729313914986,11.670408,11.659722577519602,11.670380432946823,11.681785900996665,11.680756894589832,11.680087699123288,11.699863762434829,11.680734947242835,11.64851,11.65369817299726,11.670380432946823
61,12.127934164000932,12.123397612816397,12.123784011255394,12.109289175278057,12.086180764414918,12.031130786916558,12.052041,12.035457804834877,12.05250664301694,12.128573121214265,12.123198219675016,12.123662309205118,12.107374497594897,12.01548004788451,12.050072,12.054833270881042,12.05250664301694
62,11.471514922879434,11.507428549539826,11.505380640936941,11.49267526183514,11.511118693914577,11.513768705252572,11.517521,11.453024483708518,11.51324094406555,11.47492927167313,11.506144578090826,11.506697825490468,11.54531608437951,11.517129291347016,11.524959,11.467427098893628,11.51324094406555
63,12.261873267227081,12.258445060120852,12.258139945276056,12.259403319267308,12.263601843515424,12.233303473330077,12.30326,12.336111159396838,12.345987397016323,12.263166845539622,12.257521946587282,12.258613007073441,12.250351786109213,12.29010170781548,12.319716,12.300872948735265,12.345987397016323
64,11.928942121417203,11.913504588209019,11.90917219347468,11.915155697740456,11.898985206989472,11.834067443192785,11.827218,11.820883769168653,11.850175509589864,11.933963848369524,11.919004203140917,11.915782188245954,11.930386011673521,11.84357623688339,11.830846,11.826000154831979,11.850175509589864
65,12.328807340948948,12.336026014516012,12.33579600439136,12.352747010807311,12.398828478735025,12.348128397834076,12.349629,12.35739377181906,12.324365903783445,12.331540660653966,12.336055584509346,12.33594209271525,12.363220397722325,12.36408315561695,12.359426,12.362562573008985,12.324365903783445
66,12.560388313147191,12.57193571101614,12.571260648662438,12.566511406630836,12.58456080225081,12.585292083672384,12.603381,12.603953405817458,12.569285098568207,12.562421182641888,12.57232827391728,12.571960427806342,12.577730870339222,12.633063245343811,12.589392,12.583452705319031,12.569285098568207
67,12.400307325468544,12.409728505296993,12.41065690690774,12.382719103187068,12.346757814457295,12.4000247897917,12.478559,12.487779372861397,12.457420420677934,12.396811320722687,12.411185385733283,12.409347012672518,12.378004530247377,12.36965694088583,12.47486,12.490761209534693,12.457420420677934
68,12.303773801584407,12.299052582381156,12.299275841045842,12.300356800286842,12.278746232757104,12.241747080006185,12.286539,12.276643950280057,12.278965050482423,12.303323361072026,12.299016574629043,12.299081944378928,12.28763416452721,12.262121171651225,12.2806635,12.272072048832408,12.278965050482423
69,11.231831661139447,11.242386735251277,11.2434420016777,11.27554702801803,11.291685514981737,11.299836104816816,11.328216,11.377389404600125,11.307323250705746,11.230632091521695,11.24553869126936,11.242057215373514,11.247833550805305,11.314034149407414,11.307899,11.326713793731738,11.307323250705746
70,12.284751981000317,12.290848195588973,12.28671046376167,12.271461417149897,12.255463410609792,12.281349964926715,12.369762,12.36568585112506,12.27711337903574,12.304304882809205,12.281788309866236,12.292249332068865,12.254753219291194,12.28891519398681,12.330363,12.316363244704279,12.27711337903574
71,12.530147074184976,12.544277935482544,12.544937337509124,12.509311235366528,12.469016652662269,12.49798557505825,12.53966,12.494346419606888,12.560399080930193,12.530157810474451,12.543239300803778,12.543962433133562,12.47773422605192,12.50978583385689,12.511245,12.525623412116413,12.560399080930193
72,11.6694595242236,11.665702507548435,11.665268278977985,11.683275695087366,11.684133521650221,11.712592756230327,11.676595,11.660770108263463,11.660047985141508,11.672591007664325,11.66541253663283,11.665770052122673,11.694227904872502,11.676312087956475,11.661785,11.68771857401984,11.660047985141508
73,12.148572726202568,12.151894977239705,12.152146169517682,12.172159425550996,12.194178909532708,12.192663865740034,12.185475,12.181167499648012,12.201462362191739,12.147434956056562,12.15276740162829,12.151788925369868,12.149985846902013,12.176172923186765,12.192696,12.191776011403725,12.201462362191739
74,11.845614947211276,11.844988526869894,11.844261707787398,11.87449652173614,11.903986467739639,11.866502240197665,11.863244,11.840806341047362,11.85531084022179,11.84710947691218,11.84333702238009,11.84531170589248,11.884772793279199,11.872155473543467,11.8526,11.838599685378199,11.85531084022179
75,11.515660849372539,11.538115458812085,11.539653210059713,11.516321255595974,11.539864881229974,11.536539306284613,11.523184,11.520422629500738,11.481778481157365,11.513068301165227,11.541192569056186,11.53760662775542,11.51484702163179,11.561435883273326,11.501527,11.538640861710746,11.481778481157365
76,11.471923242287897,11.463634266060089,11.463887794297824,11.456084560274165,11.451488044939959,11.518132866996059,11.518052,11.508513385216508,11.508229409052339,11.470465923376048,11.461761689047627,11.462806109972913,11.490195321000433,11.4732528803095,11.485057,11.520711840271147,11.508229409052339
77,11.6686870446545,11.651446851391002,11.650769247476285,11.680585518410407,11.696873684912543,11.692744115710017,11.678581,11.664729060750965,11.657276955938482,11.66964897313822,11.652457242613266,11.651911802604465,11.71790681023735,11.687719172377973,11.698454,11.679893273973963,11.657276955938482
78,11.67421515033388,11.668989198571458,11.667810376172016,11.689502226698226,11.717065993083452,11.705857658604685,11.7285595,11.733554449087341,11.696906210920174,11.681898599970603,11.666844340815352,11.669266982773973,11.725102409944416,11.714015649270118,11.736601,11.704499674097756,11.696906210920174
79,11.739172897695164,11.734739737826892,11.735089822892093,11.73965327822615,11.824488552340586,11.688059004949173,11.721372,11.713929853608555,11.698363535847049,11.73826279612389,11.734360563476177,11.734632930784224,11.76356727991198,11.716801540840812,11.71362,11.712884121871738,11.698363535847049
80,11.648623779902287,11.629475295435682,11.628552284387048,11.650252431922802,11.697839161751025,11.629548397774181,11.614865,11.639820056617957,11.638072277595557,11.653326140510758,11.628034085772246,11.629618426519688,11.689213262672155,11.661150707030139,11.624997,11.622192617710544,11.638072277595557
81,12.27184373079886,12.261352156785396,12.260864513593035,12.263173622372811,12.243739799721078,12.191916520576783,12.230594,12.222299970152465,12.207949147775018,12.272244079035143,12.260523947965662,12.261621576204666,12.262119046059919,12.230202876757332,12.235751,12.232629709259346,12.207949147775018
82,11.99387728164974,11.99243629926986,11.994033578575719,12.021502196220265,12.070825558953201,12.065021111084821,12.042413,12.025320452577342,12.040106940657267,11.991973401335851,11.990446450325214,11.991680491149882,12.034636292845802,12.049511406104994,12.030171,12.023475346360819,12.040106940657267
83,12.442047790057346,12.4378252053175,12.437338450841116,12.442276421373872,12.453201784376606,12.378413715785483,12.389188,12.336243425818925,12.393456277165178,12.447633390437893,12.437304540021877,12.437904744783566,12.444213216519369,12.368993398208312,12.358991,12.381140862854474,12.393456277165178
84,11.771298309351737,11.780945998543897,11.779805991512404,11.764079499486764,11.738215087521658,11.728667895773432,11.743065,11.749343830140848,11.710115264227491,11.771341459996803,11.77279279980686,11.771454735715688,11.748574507359859,11.765128484088473,11.738776,11.739219615950637,11.710115264227491
85,11.996401071097148,12.012640471281744,12.011789148221167,12.001559155478278,11.997924257557516,12.009080524973157,12.035719,12.02849499901119,12.022303957881393,11.997893029548873,12.011206914076089,12.012932686686305,11.993609763883814,12.02658580704512,12.052111,12.043843351570123,12.022303957881393
86,12.508370720748953,12.508876408612167,12.507262426520908,12.493901502422986,12.492511974206359,12.488189281080476,12.477665,12.477941309590976,12.422940655494843,12.514098006866893,12.505580385854206,12.509446784390585,12.496266159885216,12.477893478846294,12.451073,12.470397234957245,12.422940655494843
87,12.154147596427606,12.141261572255138,12.141239891982513,12.143417206870998,12.15073675584086,12.093403100850743,12.08814,12.067901123856897,12.074507750267792,12.154881366152344,12.14202505066327,12.144419268854662,12.142034293995401,12.095892041407454,12.076779,12.088529836456384,12.074507750267792
88,12.031246837313757,12.035666619799406,12.033839642915252,12.004477969911798,11.987106378231614,12.051400970351336,11.992378,12.01166873317698,12.022890183388679,12.035558373552403,12.026345763221368,12.02785624984062,12.033856393327616,12.024086946479978,12.006983,12.03762997447216,12.022890183388679
89,10.976703054876454,10.953640194362968,10.957201400852982,10.865632937831226,10.99946262492861,11.07196957738853,10.868195,11.046314980439602,10.996551160300719,10.982543803322818,10.969992827622226,10.988045646983574,11.072711558893715,11.200864833909138,10.921037,10.98640463986677,10.996551160300719
90,11.681790198787922,11.673280891359843,11.672847365407003,11.67258551655208,11.68304531906018,11.683761356115753,11.6707945,11.69592053658975,11.681865118010343,11.686604413419234,11.672038252685669,11.673667496614108,11.711119912052832,11.70293524007574,11.695164,11.680537952535472,11.681865118010343
91,11.551181574568355,11.534362742845241,11.532002708261118,11.575773769265409,11.6269468460877,11.501709186940026,11.511233,11.510704573083716,11.502926944124006,11.567412120085919,11.52900286290425,11.535258433909027,11.621204240539395,11.511099539148088,11.507572,11.507938707739912,11.502926944124006
92,11.634896840156047,11.668378353805537,11.667229182844272,11.628812199483836,11.642379809330025,11.648014086280762,11.536521,11.541907143886826,11.614362511198562,11.634437880326017,11.664808976987583,11.665184351777947,11.685249013122101,11.64214176946144,11.552462,11.538465963896204,11.614362511198562
93,11.823253969762849,11.83379737002907,11.833393882065959,11.821685451329262,11.839359001001469,11.849881033098484,11.846909,11.829843468665505,11.853769382935074,11.828272453489786,11.83325298817141,11.833954593146542,11.846143952143677,11.787781122238828,11.811764,11.82774049105361,11.853769382935074
94,12.086662295651477,11.907767241482881,11.919986471183435,12.050561735599143,12.047264002341866,12.030942950418327,11.978589,12.118136113592774,12.014219529259982,12.06434100893488,11.919182715223382,11.908373222046732,12.069561184533915,12.107357260932266,11.975203,12.140714118109173,12.014219529259982
95,12.186217759858136,12.191180155531619,12.191145743385404,12.189388985611966,12.195260632834126,12.213762341047333,12.201314,12.215050712365306,12.211138571541756,12.186357195086176,12.191535401232263,12.191134468892509,12.201832322878033,12.257601982503443,12.222824,12.20181050057901,12.211138571541756
96,12.158900653747127,12.144512013461574,12.145458434121238,12.15860299268615,12.179193049372202,12.103958322940162,12.054244,12.067968789105747,12.103226407609641,12.153523808902833,12.149104546197492,12.148387137060244,12.159248682371006,12.099139861306861,12.064599,12.07911957080142,12.103226407609641
97,12.30823128491957,12.30845249441966,12.309294283067302,12.301160775372097,12.290233048796399,12.314653488552453,12.324494,12.339236326111196,12.300390039511973,12.308413258449809,12.313626043007362,12.314617459764376,12.283637966728008,12.28711506470875,12.3232155,12.323441448931913,12.300390039511973
98,11.67165755717672,11.664439224333313,11.662559642415786,11.679247379365815,11.68873405463206,11.737687884514619,11.767076,11.7347498305762,11.753043504765293,11.676036273601873,11.660526994798685,11.665282553770147,11.673888143578061,11.751125102456225,11.767188,11.776541044874602,11.753043504765293
99,11.21464613223575,11.235853134894091,11.238731043870665,11.205138487785398,11.248865818525584,11.296046629473702,11.303853,11.339474903648142,11.319548262147146,11.196751322575807,11.25751007321098,11.25345737599503,11.279754442531589,11.299386582991428,11.299919,11.281344832227777,11.319548262147146
100,11.622498487933138,11.62588655644784,11.62462211331395,11.633463968992963,11.649157081769841,11.703692882895263,11.702537,11.734486467744764,11.682496064067683,11.625518000412766,11.62746513868839,11.626486271342177,11.65045419114731,11.677821919744176,11.709818,11.699092240955105,11.682496064067683
101,12.277863738356992,12.293876690724865,12.294790680904617,12.270445914480936,12.268617375516216,12.268442854249106,12.258559,12.267149785170353,12.270486595243035,12.278906650752718,12.302653748305582,12.303508653866901,12.264658656997241,12.268657491009348,12.281486,12.261589060230719,12.270486595243035
102,12.050844517605826,12.04422272888089,12.044999890473395,12.042763254132185,12.040270214775417,12.07747649850986,12.043722,12.06707491180425,12.08186927232661,12.04869095864367,12.04354110349345,12.044079953559907,12.058699953302165,12.052851018946914,12.045048,12.05846280331431,12.08186927232661
103,11.655205872470784,11.65495755054416,11.656932515194624,11.654700805853071,11.684876445831147,11.686511715688399,11.626747,11.672281370655682,11.654135444703503,11.651231096229466,11.658055625257877,11.654759589565828,11.71452153070991,11.69053445038807,11.652516,11.658763039159293,11.654135444703503
104,12.105981503538358,12.11135367235424,12.111265372569411,12.105298330472191,12.120563181348658,12.150772981133997,12.151827,12.168442134976484,12.16542525594776,12.108208641394567,12.11142838603001,12.111347496043427,12.112279128039505,12.177534325399467,12.1782,12.158394249978361,12.16542525594776
105,11.984433650418794,11.973500586357824,11.973566848593125,11.994511329330741,12.016911962699949,11.929483539966823,11.982947,11.91071922207756,11.92270263410026,11.986994969384867,11.972671861565848,11.97412850608546,11.951265570681844,11.944986149547903,11.9524355,11.96225332976645,11.92270263410026
106,12.429520956629267,12.434598703473917,12.433590099567535,12.431430875978775,12.455094753492926,12.505284568849884,12.501049,12.523138746043513,12.47099666095423,12.432912105665965,12.432358688525921,12.43506438531429,12.436370199055965,12.46815418488735,12.475014,12.476401090648869,12.47099666095423
107,11.381101903718937,11.399571769210905,11.399182712786395,11.342579367764506,11.299078885664416,11.420506117248557,11.315803,11.313126004643621,11.321151179843291,11.374186266847909,11.40140684474024,11.399647416889131,11.40073289581122,11.371298506462699,11.287721,11.361737657398221,11.321151179843291
108,11.42457229885887,11.402456844795475,11.40315254179907,11.446578812632323,11.481066578360664,11.526815732726096,11.49664,11.508326517029872,11.515618432391959,11.423418381097326,11.401928373422585,11.402366024715691,11.524304948005573,11.526100280946489,11.507226,11.501587097127823,11.515618432391959
109,11.606973955501317,11.608254259145323,11.602824064084139,11.641321481957725,11.702677802824038,11.68910444615977,11.728888,11.774221615712941,11.63784695668262,11.615131952068134,11.599363263057597,11.609301968704747,11.648445478140657,11.719047928756769,11.718081,11.694406743566548,11.63784695668262
110,12.23266906074484,12.254677931270866,12.255465399395613,12.226288286567215,12.232831560839491,12.197673003815362,12.186542,12.161323122411918,12.19143514428665,12.232925395966003,12.259975468817633,12.259966578649669,12.259265000036237,12.2002422216145,12.19458,12.181944667892527,12.19143514428665
111,11.890035373637344,11.899133524523872,11.901123864333039,11.875841704545053,11.848347571399634,11.830265340075513,11.864557,11.860440874354424,11.853312096914822,11.88723339417518,11.902754724297925,11.898360474063358,11.879896537870174,11.82771041480245,11.882197,11.860087980483247,11.853312096914822
112,12.051841314725515,12.041690439631944,12.04185813843725,12.045261483966838,12.046833739412667,12.056968364737687,12.037423,12.032634506455974,12.048667952427285,12.05258129814459,12.042162871930955,12.041703551747512,12.072272562647013,12.07413886427182,12.051001,12.042050894012666,12.048667952427285
113,12.752220980191751,12.749934462411415,12.749165877334004,12.789328509155474,12.788770012856611,12.700387585733322,12.720488,12.681674324401806,12.718147440472695,12.754522387723204,12.745337736548096,12.746191768366065,12.76724909153893,12.7022229135258,12.6805525,12.674158318882279,12.718147440472695
114,12.345212530523883,12.37302556859704,12.370615077493083,12.309319298121288,12.354596711552864,12.294586226761217,12.24462,12.27854148871925,12.279740948077189,12.343010931499633,12.362162828842543,12.3546992767918,12.320336134696792,12.320505406463823,12.315504,12.318350672035187,12.279740948077189
115,12.37664046664805,12.403049594658633,12.403140233065471,12.359438641025491,12.38451278335566,12.351903350556233,12.330106,12.332828843698659,12.364008482074233,12.379512211541927,12.403312715171381,12.402948432106658,12.329207646611527,12.315420775731978,12.329915,12.30629783034666,12.364008482074233
116,12.029649720141897,12.017691749190954,12.015863387573173,12.04029028019654,12.070672529400486,12.008872403012212,12.0092325,12.004941498556288,12.025994869569448,12.032075440419597,12.01969549684381,12.018391318673482,12.056006665092385,12.037950549063103,12.008774,12.003401015689997,12.025994869569448
117,11.709988863414463,11.719591980200725,11.719120183142309,11.710547742615883,11.768466091639429,11.772660901592127,11.755578,11.763467756765637,11.75319073746102,11.711827896653324,11.718902252262318,11.719685160981555,11.802936892578993,11.800773998033785,11.746484,11.74189170844661,11.75319073746102
118,11.919807786843496,11.910768509562475,11.91047295409351,11.922897362435382,11.922088130877754,11.897824605900732,11.904895,11.881115407688508,11.9115300481764,11.920645515980016,11.909985540433695,11.910983101104668,11.9174965017449,11.89945653760754,11.910651,11.905819254712709,11.9115300481764
119,12.688273083301482,12.703147424750998,12.70435055573745,12.688846053266921,12.69216078165455,12.73465567265237,12.702633,12.689336955179849,12.689090262327017,12.69165053564227,12.706020877479233,12.702769807207465,12.663276228760445,12.74491817530603,12.7403965,12.730927039057146,12.689090262327017
120,12.107038842015887,12.11649491772342,12.116361571160713,12.083437363660758,12.03624330007539,12.05171746884905,12.043993,12.036672324809263,12.049210529049727,12.107357255374696,12.11660174924631,12.116396351391527,12.084360014037207,12.037203515919199,12.0463505,12.044182499877062,12.049210529049727
121,11.984906207205547,11.998982733988461,11.999784593007075,11.95949894938071,11.991742855913703,12.001556454313704,11.958332,11.975377156409117,11.994485183225702,11.983381154602107,12.000461630863374,11.998314352888352,11.991287626206354,11.97781625055928,11.976402,11.986907734708867,11.994485183225702
122,11.47356285950456,11.512404557247304,11.512353971251299,11.465226504127173,11.444209284392773,11.505625975529384,11.563049,11.51327428433155,11.510678513960281,11.475788480105,11.512988038516502,11.512859170340743,11.46720344898168,11.502661463262989,11.5439,11.474860820774293,11.510678513960281
123,11.890077852761488,11.892139687939364,11.89194527017167,11.883901265755494,11.856655713459347,11.846915807019903,11.829933,11.835491031136726,11.839210414969775,11.889683061083492,11.890837525167397,11.891042610676399,11.87219079664123,11.838237453274537,11.82001,11.842167716373412,11.839210414969775
124,11.972249711225516,11.965944609151297,11.96685504478608,11.968689276185854,11.9699282636893,12.030948505301877,12.00466,12.013896924036164,11.987922238385664,11.970198192712415,11.965015607702735,11.965632962725387,11.972207028892624,12.03772525911554,12.004644,12.017651016998904,11.987922238385664
125,12.040753330528283,12.05032924892828,12.051208450335439,12.031027196191417,12.053151570021948,12.01450753056791,12.027631,12.072805010062929,12.019125915304231,12.041401458066579,12.054726651595768,12.055204158607228,12.03399444458827,12.045394537622292,12.038505,12.001881856786968,12.019125915304231
126,11.51669664542239,11.55813960209102,11.558690995584064,11.493927472033466,11.449653222285532,11.361219627469259,11.333811,11.360458008619723,11.406076527469999,11.517922765387025,11.55963487757335,11.557636857679983,11.501419577655422,11.354763736183205,11.350671,11.30215915165127,11.406076527469999
127,11.773365268558818,11.743269026929816,11.742804850182367,11.778819593550114,11.798363794730369,11.843379150662463,11.8208685,11.814474435850032,11.786262023948662,11.772692777799966,11.739390740355581,11.74128291347489,11.797860839943645,11.828768369129827,11.816933,11.845404446614513,11.786262023948662
128,11.423303739399977,11.41932422049631,11.418240207692113,11.422197754780917,11.425355466846733,11.430930569997955,11.44961,11.430591929907212,11.439487736478455,11.430269687529426,11.417573228885894,11.419895797228905,11.449619196027884,11.474608794860925,11.444215,11.450341720697974,11.439487736478455
129,11.830088770048366,11.821098143095575,11.820302404792054,11.838484384841973,11.8670349175922,11.906661756816728,11.907756,11.92323560704123,11.898645363865155,11.831550129133753,11.821979737157895,11.821503139659734,11.838428254299396,11.899899852945243,11.914412,11.916054911313394,11.898645363865155
130,11.808265350944657,11.820053683662088,11.820629908668238,11.80412684281384,11.811881452543433,11.827254168183341,11.829184,11.855998062727302,11.847889412616317,11.810319622395678,11.829368312073278,11.829530878896053,11.794403548262363,11.825518820772524,11.836113,11.802944537076824,11.847889412616317
131,12.371652243712424,12.361459882668743,12.361617826069192,12.365728926469556,12.320126700605964,12.277203297708795,12.257482,12.279084113856449,12.266713638453695,12.371919091534124,12.360896891963096,12.361188098347464,12.319077070761518,12.278555383792428,12.264294,12.294403578132734,12.266713638453695
132,12.348214497739233,12.332277199984663,12.332802681565417,12.347989613668965,12.351557764662848,12.282185778409685,12.294351,12.287870686001938,12.286998766067633,12.344823598121836,12.332664313442422,12.332324665869592,12.352989517901717,12.290442194222404,12.278778,12.309412101851978,12.286998766067633
133,11.947873121138482,11.938236443260136,11.937770983233348,11.943246772767425,11.919010973208076,11.91726744618852,11.940749,11.940867346589547,11.946926325996328,11.949068231538934,11.9365137524655,11.938540282108306,11.922120811703676,11.902707984244755,11.941735,11.954482096116573,11.946926325996328
134,12.224814642023038,12.226487224326783,12.22821907244382,12.223357118842333,12.211514272785255,12.272910978471732,12.28186,12.315546099684315,12.32560388200777,12.21803811848434,12.229994738680906,12.22594104980153,12.221219158073836,12.262684741615823,12.285637,12.307778409199285,12.32560388200777
135,12.113289632776445,12.116778340696357,12.116318006036444,12.119255778833393,12.121995959776683,12.04360052760469,12.0637,12.030411220188586,12.027063945476913,12.114796431873618,12.114002780101552,12.1144814787771,12.10788370052626,12.057239224627752,12.059691,12.045608666345858,12.027063945476913
136,12.123738929376186,12.133239926354399,12.134822403593631,12.112989150317798,12.098225955832167,12.104340523303126,12.09583,12.082981313336175,12.110645521792648,12.12539118592979,12.143381043959863,12.145463016350222,12.10933747315665,12.091590560938668,12.106152,12.086649302658266,12.110645521792648
137,11.859690856743986,11.849298466142685,11.84864678776075,11.865492762201342,11.87608887889314,11.895812046703664,11.877221,11.876206172216602,11.89772435556853,11.859340676698071,11.845761627225869,11.845015353068556,11.852177655071984,11.900569316474124,11.889769,11.891852286366527,11.89772435556853
138,12.180786414949333,12.190993435233702,12.196642222190686,12.139591554915256,12.114858577799023,12.136550385464357,12.21098,12.19653678426391,12.275118989967645,12.167115263032503,12.202458402549391,12.188973406425992,12.129568668522374,12.181497496724766,12.181201,12.194179790051967,12.275118989967645
139,12.392645341926608,12.402731076922548,12.404180866929961,12.39671140325266,12.394630923137338,12.426045834319487,12.397588,12.383764702482667,12.382964190024271,12.393167850507858,12.411818781018704,12.4129626343771,12.392402862677418,12.410249913824371,12.401281,12.411982919147547,12.382964190024271
140,12.226917118932954,12.228961960549809,12.228440936561267,12.241993958378309,12.273456251317135,12.219331573382894,12.242836,12.226313047098843,12.20679398028718,12.226402840989175,12.227592861344029,12.226677110811288,12.267622897430932,12.24658395235008,12.22717,12.243066469921935,12.20679398028718
141,11.518820487858152,11.505850806220904,11.505668715913377,11.550630173928283,11.61811255629144,11.593830051607402,11.601351,11.606416804844887,11.566467954962594,11.517489523422542,11.505314193539721,11.5050584805117,11.56568122163879,11.579727847184353,11.596153,11.592490027129577,11.566467954962594
142,12.40821286396282,12.406603159792056,12.407167792901625,12.413991413823567,12.404210181443478,12.402615618159976,12.45867,12.456062009201547,12.405318251352035,12.40816523561996,12.40611363884417,12.40647923545572,12.397203524358046,12.43160771505002,12.453747,12.428403415941753,12.405318251352035
143,11.725216115249925,11.72453742132491,11.724447466282317,11.731913541227941,11.767616144967523,11.71386860297779,11.71696,11.709802718337693,11.716008693262292,11.73183912522858,11.724824832426819,11.724205304193791,11.78582602758308,11.699248093052185,11.722551,11.717298717166914,11.716008693262292
144,12.306677933180815,12.304694411121279,12.305265938868981,12.302636423307337,12.298321369688743,12.282296646940996,12.267026,12.27949937746628,12.267207617443674,12.30496110152777,12.307609376593996,12.307175212590774,12.293023568836615,12.27013582908241,12.250536,12.271077650559954,12.267207617443674
145,11.869657483310915,11.857181295153518,11.859064426523345,11.839077149290722,11.82554759062948,11.816809677213039,11.783057,11.83040051861317,11.84240356733946,11.86445793356345,11.861036920893921,11.856466187894158,11.87495980002917,11.830130406750808,11.79336,11.791120688697678,11.84240356733946
146,11.769147127722583,11.76361236464665,11.765288810892999,11.757618913660572,11.764240235856585,11.729025909622635,11.742121,11.781939833490211,11.764268207872641,11.759821581859061,11.766646270283019,11.76314539562306,11.752130642765017,11.769906651586819,11.770176,11.724326482310882,11.764268207872641
147,11.590154064443873,11.585770327737446,11.586079314300246,11.599443906007952,11.59719028372926,11.584972947679805,11.574242,11.543738225299043,11.558359848597977,11.595172322826969,11.585151938294521,11.585429758820204,11.5898470774469,11.598614414902869,11.5776615,11.571851235790838,11.558359848597977
148,12.296695532157509,12.294407425805485,12.294380387935082,12.293645920526503,12.319864122135526,12.298198597115803,12.26954,12.261263695811968,12.285256357790235,12.29697887493871,12.293653227197606,12.294690520965032,12.291499048211264,12.314905509892135,12.283506,12.269987949925255,12.285256357790235
149,11.941797198828464,11.938097412183083,11.93859024974197,11.943333887453747,11.969504322281827,11.903971758220584,11.903855,11.927853759152306,11.863342936670609,11.945148438437965,11.9380025150149,11.938538690993628,11.926425683725036,11.91051268739573,11.916193,11.942855283526487,11.863342936670609
150,11.627834985351958,11.624272360983351,11.623134324688928,11.606608442087522,11.538996093166546,11.597945356900336,11.635975,11.63610689756741,11.597502278471708,11.633583035467673,11.621371727722938,11.62511720652709,11.60927556908585,11.619422838099771,11.6356735,11.640254698317387,11.597502278471708
151,11.805971985526181,11.803965013931297,11.803389262688077,11.82368845434911,11.820944937692826,11.818936986271753,11.816569,11.833585994901705,11.826884565130085,11.809936634650116,11.80037375074491,11.800898774668584,11.799956869483841,11.825532541884478,11.80193,11.81486836067389,11.826884565130085
152,12.654932582281338,12.66331982297599,12.662700089981218,12.666692288416273,12.727411816960643,12.717624674734527,12.690755,12.687011160777013,12.68991366523306,12.659142585440895,12.66073730864652,12.661056977927737,12.707819442871992,12.697462610260915,12.68793,12.674806017517833,12.68991366523306
153,12.140394546142856,12.13920909541445,12.1395247240494,12.143268875218974,12.160658589022479,12.109469142298888,12.0870695,12.110015395161762,12.105259101875648,12.140177055936856,12.140469227829021,12.140316708860274,12.147981569551385,12.130672393927544,12.112287,12.105235065064436,12.105259101875648
154,12.239510118626505,12.250631552927933,12.2479492447304,12.255172596991509,12.317411045334529,12.210059840145052,12.212984,12.235497871487052,12.242588576911938,12.254004560990069,12.245516389110067,12.25146475086012,12.26526969855603,12.239809845462029,12.209597,12.191062675059678,12.242588576911938
155,11.548781452364944,11.531736357610884,11.535367921298056,11.538397033337205,11.579516497107356,11.597383169873748,11.536225,11.58371418921399,11.544748120986768,11.535105569605882,11.537638054817888,11.531075808779972,11.566768843135018,11.61833923141673,11.562384,11.541384770896698,11.544748120986768
156,11.306249803381508,11.336620981248819,11.34206421345344,11.262687577927647,11.258426533672601,11.258306428553869,11.268616,11.295550856693303,11.31006052010802,11.309465638745117,11.36539760676017,11.363548119927886,11.31889552003193,11.284304596057463,11.221925,11.270930859444032,11.31006052010802
157,11.614625353229842,11.606985319037372,11.607076946090642,11.607206081879763,11.588485738257383,11.576132964891976,11.566254,11.541125375101856,11.569359447908175,11.615072014677208,11.602299567729197,11.601367157543635,11.595363940695268,11.558490580856194,11.564666,11.563258658920935,11.569359447908175
158,12.439584047276997,12.449944535987541,12.450544245758017,12.437137009437334,12.45659422795066,12.569195734876168,12.570102,12.621099975153676,12.604555773600637,12.437559008945549,12.450396022514733,12.4499444122895,12.441504904613941,12.591358172437047,12.595711,12.604088892734932,12.604555773600637
159,12.369085223849364,12.372962534956281,12.372314094668898,12.375226178938544,12.390545221322194,12.343667569204397,12.332285,12.320622355069702,12.332613978484801,12.368079564911248,12.368779339484478,12.366952110823714,12.39479762997918,12.325558051228043,12.322596,12.343602277993744,12.332613978484801
160,12.65427286336618,12.630500392604729,12.630041567950178,12.674825815634978,12.668547227565236,12.581352091787991,12.569437,12.592318458770484,12.632807816223902,12.654398191442064,12.62878331238964,12.630960058163197,12.66104271801517,12.605511537309779,12.567129,12.609630099756545,12.632807816223902
161,12.07630841982252,12.051017895630714,12.050571546179794,12.068789780920033,12.074176790390604,11.9749976509571,11.976573,11.964682179441006,11.979565488083479,12.085910875625233,12.045278273366108,12.046506840439482,12.078209229673474,12.00158411337277,11.97971,11.97784929168493,11.979565488083479
162,12.898155585181767,12.898890594945744,12.898439991850093,12.9149198062919,12.91396609096495,12.916876374616898,12.874156,12.948442834780868,12.990659714189082,12.903248587807308,12.896168316969662,12.896668654708375,12.90130098546347,12.939694296082724,12.915231,12.926594531025865,12.990659714189082
163,12.429860078381447,12.433470128896339,12.432427729203143,12.40918778825541,12.412640253492397,12.363404257557043,12.381829,12.415584956253348,12.357237476228688,12.436783257735984,12.431445226512261,12.433644049859824,12.425001517151122,12.405933694471706,12.402749,12.403046584834408,12.357237476228688
164,11.474385379239724,11.464849780301437,11.463630999713743,11.477209650081573,11.485511084759475,11.470050820969393,11.46696,11.499400524436583,11.44361455902941,11.48005695396792,11.46624221401647,11.465343786744885,11.531639664228502,11.443602236378187,11.481448,11.478040647277359,11.44361455902941
165,11.939574675591427,11.94787168853625,11.948236024828295,11.937285313426488,11.921986627966968,11.884511215220538,11.880461,11.859366885406406,11.907020194714386,11.937156028046077,11.948426820179908,11.947644463691304,11.95289015465566,11.90327852333324,11.882427,11.855290852586963,11.907020194714386
166,11.676454968568656,11.676847640885859,11.681445128717767,11.667441207188302,11.65205923694813,11.698659727565486,11.733558,11.70231874213317,11.751127370122632,11.666147357577845,11.685115018083014,11.675624053580894,11.6634590925261,11.71036470570899,11.72153,11.727848908193097,11.751127370122632
167,12.156546374173848,12.137360376078833,12.13628304313524,12.129730257557373,12.129819535322447,12.113220386286773,12.113686,12.076422300688977,12.115429163861462,12.160732650865116,12.133280277684104,12.133502723320635,12.116059867105038,12.119422115750638,12.105841,12.085351755403764,12.115429163861462
168,12.727766272282908,12.736220189237214,12.735502768602272,12.73245132112578,12.731974029824213,12.731347424115757,12.765472,12.786840427062153,12.745391258089565,12.731269408934274,12.734785499220607,12.736463934299454,12.734150878240397,12.695661628479384,12.763786,12.787876718141115,12.745391258089565
169,12.174317569829418,12.169101835448423,12.170313589037805,12.16595349579518,12.146955120316761,12.173474358154074,12.1896305,12.197636487205175,12.192538310318694,12.171391836194108,12.167918785110338,12.168751171005015,12.148110685493782,12.178182149529471,12.1916,12.166755864608902,12.192538310318694
170,12.355317001619666,12.340959467329,12.339907891290483,12.337533595698124,12.34370662731401,12.399216498980909,12.391371,12.385600828527611,12.371247514930625,12.354604926173346,12.338629321207824,12.34179930801265,12.322472828387214,12.392370886769514,12.376933,12.370181076019406,12.371247514930625
171,11.712870682553612,11.729689748917352,11.728656192380269,11.703595464780795,11.691950564040335,11.723808171211523,11.697524,11.727028390771048,11.709564266825105,11.712115019121491,11.726615985906164,11.725043614049765,11.722779847754754,11.729627677066787,11.701324,11.695443243112383,11.709564266825105
172,12.218757717111487,12.2260921066453,12.222826976290348,12.228485329377422,12.264226688824214,12.17244523009561,12.17707,12.188172007598546,12.209995467526102,12.216228915670577,12.216117919925981,12.211126572258205,12.253073846770352,12.176116046435087,12.165348,12.175872995914169,12.209995467526102
173,12.333264422837953,12.377818482704196,12.376687058529413,12.328905670896011,12.287341490757786,12.263035449795218,12.286251,12.281457268956641,12.228411687324833,12.33872627455453,12.377223566772189,12.377465476818212,12.304573452789011,12.266631565906588,12.24835,12.327945946255957,12.228411687324833
174,11.93508037815328,11.925042533219584,11.927563391930338,11.9281715115093,11.887437664543869,11.890194298546495,11.899144,11.90081531501246,11.921209637655501,11.92455684175896,11.93136555363156,11.924276348614242,11.950152405441093,11.90276529273532,11.903382,11.893969849179427,11.921209637655501
175,12.209402520091224,12.195300434712815,12.19563544372684,12.190006276431578,12.137792768010891,12.13407681397558,12.0913925,12.072064680840718,12.1259432931345,12.20957627225732,12.192564811353169,12.194260569681498,12.161222929822632,12.12721051517135,12.085576,12.087461420211778,12.1259432931345
176,12.293623748074701,12.30449647236451,12.306447512468878,12.293168668561613,12.24875516689714,12.26879445582716,12.283341,12.287926885088988,12.307819267286424,12.291872818964531,12.301579028839656,12.3033992708503,12.251832528945036,12.279329952407485,12.284211,12.278862530587256,12.307819267286424
177,12.313994292876831,12.316096949834698,12.315140321458284,12.324199229970482,12.36808934322847,12.278604822264088,12.269056,12.267486798582945,12.228043381138534,12.319902606506057,12.313475797711124,12.316517545945105,12.315300259712528,12.319221425242423,12.279405,12.276079396754366,12.228043381138534
178,12.098220091241565,12.091136044596674,12.091174074488064,12.096985637826178,12.059595933476048,12.050604878908628,12.028835,12.014779926444852,12.006875897309119,12.100144479807796,12.091113618688714,12.090932575582457,12.082483760254867,12.054319432076735,12.012871,12.033064045669143,12.006875897309119
179,12.968234221128482,12.99665916704669,12.995027479483191,12.996899717726228,13.080201697062835,13.022958878650607,13.027002,13.004754367308607,13.030814990556594,12.966037925287628,12.987662116585676,12.980295097818955,13.038534892584543,13.06649966369627,13.039292,13.038829256480813,13.030814990556594
180,11.549465279557474,11.561772506553957,11.563134975108811,11.551845113937734,11.520329916182641,11.63714726989041,11.622305,11.588888599331288,11.615652961160318,11.549811395043232,11.568124246513577,11.56918533977932,11.571938220985146,11.643626558959681,11.603726,11.612572569876374,11.615652961160318
181,12.040497499344447,12.031601010249235,12.032135833912752,12.041119744806172,12.04202007638834,12.077350874378668,12.065705,12.039253216505612,12.079370338157803,12.0355486497257,12.032332970522399,12.031560910450391,12.048029580827373,12.065575669902625,12.053838,12.060069734684134,12.079370338157803
182,12.006816047540193,12.03571727965532,12.035016529009777,12.037758930455533,12.083671437522119,12.097202453776923,12.147523,12.192187820380122,12.10255321160433,12.01748821745504,12.034967371597553,12.035681393231737,12.033551513896258,12.09555811505298,12.1597,12.11652134352071,12.10255321160433
183,11.6644228913565,11.642629551576835,11.644155045591912,11.64931437883741,11.628939874958125,11.681085545304319,11.600126,11.627973818570407,11.670026158063934,11.658289874875255,11.64529283266444,11.642665016352476,11.617844168524247,11.694571675123534,11.618459,11.636904715643636,11.670026158063934
184,12.212850760265656,12.21197276468632,12.212138385267991,12.219137512007821,12.20649516495329,12.249993885577208,12.221455,12.211140992093313,12.218239291487698,12.216553015425388,12.212275953822866,12.21198176865804,12.233211614016824,12.2097445852639,12.242295,12.217699903468175,12.218239291487698
185,11.732205250251843,11.747178047488768,11.746421556352729,11.745374214377769,11.740417646551588,11.67790794729387,11.686607,11.673520061502481,11.696368937797345,11.732760581009998,11.747608240005551,11.74727389585977,11.672284906719982,11.70053114948916,11.688423,11.6706040209458,11.696368937797345
186,12.777917692167692,12.744980450182343,12.746362332763834,12.737885145391145,12.662997719470457,12.782094080025342,12.870127,12.837467489190617,12.7479196053025,12.763804596240893,12.748133974173944,12.744594152812036,12.645471946119427,12.770193190927747,12.829674,12.83735869848208,12.7479196053025
187,12.139849826427282,12.132325609333064,12.133038221996504,12.143418088945573,12.143802046019177,12.098361829388816,12.082053,12.084025558480787,12.088870169427054,12.139653716648972,12.135703339149467,12.135123137109302,12.120864148317837,12.088381627486651,12.0740185,12.093043205152366,12.088870169427054
188,11.675202885440843,11.710202467712488,11.70927413019103,11.702330508062216,11.719959213817845,11.756984547052657,11.75694,11.755865500479777,11.75669961854998,11.675523624544594,11.709652440752901,11.709512561308673,11.694930009407551,11.719755962812739,11.729047,11.761781101895634,11.75669961854998
189,11.918837551009483,11.915222767494422,11.915761657180877,11.884368501387955,11.833858332542812,11.893732690687457,11.868817,11.868265129091993,11.846688488551537,11.92049797569652,11.913885741241021,11.920242259703558,11.905316710998328,11.865625516353271,11.887545,11.884308877200736,11.846688488551537
190,12.475505786145577,12.481855162858531,12.48013356650251,12.4705865832349,12.485097230933226,12.496963798813628,12.502253,12.529519944303624,12.530133632320915,12.481747214057384,12.472663820125122,12.474245042005208,12.485781467763333,12.450846550361272,12.505046,12.508759478095213,12.530133632320915
191,12.408090717024937,12.427315892644804,12.42884730840512,12.437015154458134,12.522261261199278,12.487291018809016,12.515984,12.51732422461214,12.546604777545342,12.404052610877944,12.432265583665501,12.425826431588915,12.4484118852421,12.515028986184854,12.513453,12.500509458575438,12.546604777545342
192,12.202281725481637,12.1979626893914,12.198968243322668,12.16179658719697,12.107618151760052,12.060677779725959,12.06445,12.063429215589315,12.104522682942783,12.19543527698524,12.199248643186333,12.197740783692776,12.159058499090294,12.008408260035623,12.072228,12.079716465215611,12.104522682942783
193,12.228855146860322,12.227076088554748,12.22795450659787,12.22413090938968,12.212874435750305,12.206951026743095,12.216898,12.246773482909347,12.224086073723791,12.22683923366194,12.22622979521603,12.226789931320067,12.212207111491745,12.230205033222678,12.214131,12.218913306597088,12.224086073723791
194,11.819107779980005,11.825946845450689,11.82854200260801,11.814700408173515,11.801871733399562,11.827662991668577,11.847511,11.83507380787351,11.83711553644315,11.806876166909369,11.830136099401267,11.825669383057344,11.813252330033253,11.823177084675702,11.817417,11.842764846301908,11.83711553644315
195,11.696793606495888,11.695334984674904,11.695149475977642,11.704419104192915,11.710389739169889,11.725504196872752,11.700036,11.71204004891056,11.707000521205165,11.696814348747601,11.695194855122155,11.695522177646357,11.712025069375208,11.740409059586371,11.705984,11.7022776425112,11.707000521205165
196,11.869187261078693,11.867497755107323,11.868256622487825,11.857199980809309,11.852055071007602,11.914333561892548,11.899738,11.931699945416156,11.921654344804217,11.8681243641112,11.870400056673574,11.86723567222707,11.834710640088295,11.908144749922643,11.893673,11.906805743037289,11.921654344804217
197,12.661740857161321,12.609572656824504,12.6095810200145,12.665790285345402,12.692218792295282,12.60751032254299,12.588803,12.610674658087238,12.60998073691023,12.65989753964259,12.610285799321991,12.609978047027628,12.658596029247521,12.634062214156625,12.598188,12.623969824201504,12.60998073691023
198,12.570892944430565,12.552487760430374,12.552347051659925,12.57239762100715,12.507972884776187,12.639230306744027,12.696011,12.673949312032923,12.625556832213595,12.579655223585913,12.552038263538263,12.552388044956132,12.482992528247843,12.5877036218036,12.675332,12.664905487879224,12.625556832213595
199,11.694398580631962,11.672659011878544,11.671348215370035,11.706438225096809,11.699365344683763,11.69094421902016,11.612672,11.619406004053355,11.64492646897317,11.697307672630766,11.67594406262408,11.673900160790202,11.755750182854142,11.700248403072814,11.669859,11.630956505519597,11.64492646897317
200,12.598320047099778,12.610297701961775,12.609820856601221,12.608823462103185,12.65867374489017,12.638794766469625,12.602785,12.61598402664066,12.624065844145125,12.597598165972547,12.608728455959945,12.606521929277458,12.614959432985817,12.622617765118626,12.592081,12.58111646504128,12.624065844145125
201,11.782455217810654,11.777985931628898,11.7777869254336,11.78603763616243,11.816276194881029,11.857899882042222,11.77998,11.828339382689887,11.792102622310761,11.7896966433231,11.776130361966517,11.776370598986311,11.809142941659763,11.858698051711904,11.807104,11.816559831987536,11.792102622310761
202,12.002761446031867,12.005604053379288,12.00654975252634,11.991235170041147,12.010865433824522,12.015511253436408,12.032653,12.00545200143918,12.0340995230523,12.00017758161447,12.010279174281566,12.00973589441978,11.990931743036272,12.038219985213964,12.031616,12.032556537502964,12.0340995230523
203,11.654622523910067,11.670814707825942,11.672444881986236,11.645695101051889,11.597580633749152,11.678793539864468,11.713416,11.704147598910152,11.654098203997275,11.644287823134107,11.682586775433865,11.680568664019754,11.624965113502503,11.66621103375774,11.717712,11.714123727356148,11.654098203997275
204,11.869238591105649,11.880109756486116,11.880326869199587,11.866392362364904,11.869908616416286,11.883040716900856,11.8647585,11.859774639847059,11.868950980612492,11.869065397350603,11.879704739760983,11.879828595321477,11.860502329360445,11.861527163241128,11.852186,11.867567491055421,11.868950980612492
205,11.616208546022806,11.638165483543126,11.638789780976706,11.612955303213027,11.610891375315784,11.644241471424648,11.644838,11.662112806547013,11.595531627465302,11.615381744690824,11.639396463745223,11.637670198996268,11.624826344303067,11.686200248314625,11.6530285,11.669999033832093,11.595531627465302
206,12.0917649968761,12.095409527387195,12.096447311182109,12.100175165374479,12.133875548575526,12.098613684130314,12.110123,12.095772378550489,12.117796603436096,12.093162765759224,12.102388669341366,12.101048818637311,12.105320731399582,12.078145013112982,12.090176,12.104495872262879,12.117796603436096
207,11.78271273622369,11.787967435860526,11.789172685382042,11.782743937660737,11.794367483757464,11.851760619307335,11.820591,11.84353279234422,11.835038579921308,11.779358811955777,11.79491448287618,11.79456254376686,11.767983981047317,11.833421984725708,11.825407,11.812219876099093,11.835038579921308
208,11.72812648976727,11.719838341183547,11.719999867569372,11.751879057348518,11.795211487698044,11.806123722045333,11.77151,11.761500297843643,11.821836096636204,11.728291159447041,11.720333259992032,11.720430901442727,11.756291342204664,11.779737689582882,11.753986,11.769644678690268,11.821836096636204
209,12.37432875500982,12.397660948420054,12.398748267632868,12.359775400979863,12.302945657228468,12.366465874467913,12.3708725,12.366537804359567,12.398611205187642,12.369755859918742,12.396069566125176,12.397121731836405,12.338960072938066,12.365838740355501,12.3304615,12.342931203966947,12.398611205187642
210,11.970605906877163,11.964003740780388,11.965132087623726,11.960430450638917,11.928664113553959,11.933602893078046,11.964562,11.937668701344403,11.931572001225453,11.970570411924779,11.96893207065979,11.97158829922004,11.94063074529728,11.939148371985928,11.952349,11.933936584539099,11.931572001225453
211,11.442340457624512,11.453182019301215,11.453362301110916,11.44616885773109,11.431378739658687,11.472153395932931,11.5179615,11.482424662583602,11.422118017495261,11.443390652287029,11.456415360892843,11.455988071704708,11.447528810215868,11.457101466251835,11.483977,11.46982181805467,11.422118017495261
212,12.054886367941341,12.039540450324349,12.039979290360106,12.050792610644166,12.047563830517129,12.090617675520631,12.05228,12.096983997675041,12.029322340769095,12.05409711729611,12.040370965044307,12.039593078404064,12.043870897934362,12.085971367792856,12.067321,12.05381378278041,12.029322340769095
213,12.430948168525068,12.438065630730671,12.43685527499977,12.433338829429179,12.43086299729105,12.418596388967815,12.430174,12.447774791045143,12.42799449388842,12.43595717016074,12.435319997465841,12.438692999592044,12.446730437378807,12.445476357983871,12.462806,12.446507244835447,12.42799449388842
214,11.881235614633672,11.892791720188182,11.89275878886328,11.886667259490762,11.927606990588606,11.925447146676847,11.922623,11.92450204849676,11.932744264074671,11.88344238653392,11.892614606637535,11.892886640009166,11.91113238803327,11.93941060106573,11.909408,11.920506075145685,11.932744264074671
215,11.914177121761508,11.933273687287647,11.934115795559505,11.91315683316897,11.914034035372271,11.905548034783992,11.892567,11.934423579879345,11.916471097852918,11.913394004972673,11.936334157274585,11.932432730427772,11.932318479332752,11.908205451785662,11.895991,11.881967919253013,11.916471097852918
216,11.812865134241628,11.812772428217045,11.812677103709229,11.805364582770066,11.800923273674751,11.868436835268714,11.869345,11.888590744882299,11.865885564789385,11.808283660286861,11.812296349236071,11.8129667982206,11.824720040616107,11.85544482628257,11.880236,11.892317851991104,11.865885564789385
217,12.259080321093421,12.265529829716856,12.265221062400357,12.255536169119214,12.264921182327576,12.204418678560456,12.219915,12.23292704713414,12.216163022396504,12.260405515081818,12.263711243960971,12.263977509516208,12.25276163998826,12.214024565599132,12.237929,12.209252138400297,12.216163022396504
218,11.373703290963793,11.37405233978204,11.37542343954974,11.352061863524646,11.392081074901464,11.285034061550867,11.284931,11.178032893716809,11.274771695048443,11.367318043460294,11.377390795469541,11.3732882597728,11.430709786419508,11.319609609313245,11.268805,11.15796263235777,11.274771695048443
219,12.410243870904239,12.439113328531006,12.438714029496463,12.421421815706577,12.40644045387897,12.365856808948886,12.382273,12.367143874167725,12.35042423595141,12.413228901458632,12.439283578839797,12.439021843334373,12.394119400154656,12.371907388920517,12.391125,12.35995993016069,12.35042423595141
220,12.080710829368403,12.066964759491302,12.066768863507919,12.07563829157552,12.073476972381151,12.086258393226496,12.07958,12.091668173183802,12.099757913608967,12.081511094749255,12.064821836161357,12.065217160634377,12.066251191222028,12.08791352057375,12.085341,12.070852072902001,12.099757913608967
221,12.277326907261745,12.284913977332861,12.285456619900268,12.261871842601424,12.238640160605794,12.271947842505856,12.285865,12.317834569688248,12.281067292888116,12.27627626425405,12.284196175707976,12.284600734668587,12.236904236749423,12.272853024288448,12.280121,12.29708440775721,12.281067292888116
222,12.27247303878683,12.261622479807668,12.261681676933373,12.277493541913467,12.299579799416005,12.256594157393867,12.278076,12.278945517244626,12.291453159067597,12.272276916614807,12.260975617324755,12.262866407284049,12.26156199959399,12.284402997909279,12.278561,12.258035866275891,12.291453159067597
223,12.048778853463842,12.02325635695757,12.023202327581657,12.05483213176878,12.07089112409822,12.066236206748101,12.070307,12.073590606058566,12.053120135418428,12.048471154552523,12.022575389230077,12.023584309079775,12.069852818673864,12.056028857492997,12.066647,12.06056693157577,12.053120135418428
224,11.585728843404953,11.598663779414766,11.599056158747167,11.61156196274822,11.67071970620273,11.715623431886998,11.704443,11.73130296718155,11.667228376196517,11.585885717109827,11.599634597289047,11.598445388132522,11.658632315821446,11.728647073232583,11.72097,11.685432726966678,11.667228376196517
225,12.923934781658557,12.932531953619673,12.933253480146686,12.955548218378295,12.96987247757194,12.95256043111897,12.978391,13.076573891167964,12.953788904200813,12.923462282968755,12.93642255197306,12.936109023743498,12.953148173268893,12.920189917963132,13.003632,12.948594978531514,12.953788904200813
226,11.440409671044714,11.43880924943743,11.439095984657687,11.448985199131132,11.488714646799238,11.495536161638888,11.472937,11.483310549054451,11.492088691719196,11.440455057184755,11.442417998000904,11.441582568267906,11.497074814471253,11.489805564373802,11.479091,11.486302695542246,11.492088691719196
227,12.459792307358459,12.451534637029283,12.450344420622974,12.448559614425905,12.462611414854223,12.489861258750532,12.45926,12.475182904989323,12.437896597292871,12.462605571540362,12.448952597551287,12.45213579912649,12.474373255866954,12.49741427883737,12.447485,12.49373719944467,12.437896597292871
228,11.4940203730537,11.491681073950616,11.492407727078952,11.500256498239985,11.512480074416432,11.454106123617652,11.466303,11.476933512001649,11.468414194207064,11.495320373134174,11.493335082125508,11.491234124388706,11.515765884755226,11.489657946486698,11.479454,11.451883263382362,11.468414194207064
229,11.594577265754742,11.595959792195416,11.596981228076332,11.604335584738806,11.660464441909184,11.720813727862827,11.711842,11.761099806958136,11.722806191877053,11.590335899691842,11.598027201657983,11.595453439645448,11.653249996163215,11.701959781417223,11.699941,11.702900358715636,11.722806191877053
230,12.162820669176325,12.148738450690908,12.148497687195926,12.162403703043985,12.167909078612587,12.182269593297464,12.183862,12.210398288565026,12.181653827644936,12.163142807753362,12.14726409699753,12.147496691628803,12.16126298699769,12.179457128784865,12.19778,12.174047424270062,12.181653827644936
231,11.838409617062043,11.837432303709205,11.836863298959434,11.85291524511598,11.858690227538535,11.841109955445948,11.858994,11.86690367962967,11.85125865092258,11.838638665090997,11.834788348525285,11.83517243899751,11.852356417847522,11.855101696814689,11.855089,11.84311472260792,11.85125865092258
232,12.746060228507549,12.74481104867864,12.744259936095341,12.784185228839974,12.838645694953247,12.808503166723087,12.782576,12.74432044967741,12.817004521323959,12.747500855007855,12.745474366796607,12.745053553614808,12.80859599548626,12.78862652271051,12.780946,12.769080564437834,12.817004521323959
233,11.434606002706962,11.435661344572088,11.436932050683945,11.454036892418548,11.464391439577529,11.485912900312007,11.502629,11.488083401643234,11.468717490646686,11.433571935277458,11.437638582852564,11.435907492168992,11.456790999833624,11.48345678310109,11.47693,11.469197107965785,11.468717490646686
234,11.726225046619579,11.737139703724782,11.73695530422387,11.757015492643985,11.819832897986599,11.77013751430089,11.801917,11.787195173229295,11.790963908037984,11.728868672267954,11.73728646316797,11.737098780506768,11.804523470633184,11.802726586362763,11.8076725,11.794548000284422,11.790963908037984
235,12.298271707418248,12.280155422867036,12.280497523247124,12.292011544360793,12.295935157650643,12.24376277109307,12.239581,12.214862585946948,12.259617222337287,12.296130175681396,12.280515774622426,12.2802384591764,12.298745849273788,12.251243760111793,12.2277,12.248880702072363,12.259617222337287
236,11.358532389638164,11.352448530617615,11.352840183842618,11.36796632529803,11.391851591695563,11.292063756061665,11.236463,11.335656209232285,11.291113315109678,11.359055796052992,11.35346442911904,11.352131319295868,11.401827830944036,11.326718943920781,11.270276,11.286291506712123,11.291113315109678
237,12.182442286754451,12.187793671196571,12.188758433423715,12.169942497909737,12.1564947365383,12.104774239255377,12.122683,12.09571943253091,12.105493524784237,12.183079845587184,12.193880060480769,12.194898379334603,12.156592662825457,12.092973521892308,12.093611,12.076760895079996,12.105493524784237
238,12.303362956227376,12.307406727908322,12.307435148916284,12.28840892335019,12.263425224300613,12.254799721955253,12.266001,12.252554944119968,12.246544829482476,12.302455663334767,12.30729361019123,12.307458484316728,12.25922855408602,12.242488221972733,12.283392,12.269681024276508,12.246544829482476
239,12.509614851238975,12.512574731754572,12.512229670026636,12.502055498935064,12.491632623332771,12.460416805834988,12.444342,12.426438661984296,12.445326713089495,12.511095034406214,12.511681338051277,12.512574731098995,12.510164715072513,12.432611181630353,12.412083,12.449913955845318,12.445326713089495
240,11.718737288667658,11.726902159400579,11.727424875895583,11.696179453924668,11.681288236876451,11.704567897475837,11.764271,11.75158035310822,11.785921867132654,11.717502672083345,11.726628585085633,11.726772756264374,11.725906945500368,11.739451464271937,11.781581,11.811421512003639,11.785921867132654
241,12.437724299270117,12.440061947209571,12.439302800248665,12.449776729569415,12.466775614962813,12.533740930402773,12.555288,12.567306574614582,12.538418608899617,12.43980596397042,12.441031387455594,12.440459833509362,12.446933193198012,12.553250301844187,12.568174,12.572166758456827,12.538418608899617
242,11.553725313088433,11.546772085471543,11.548121448612035,11.519644208330504,11.515408701304633,11.524326630958758,11.513996,11.518672779618056,11.539202268083217,11.553335118956298,11.553400100655436,11.552312062643303,11.575567148448153,11.514410338431917,11.533858,11.545232493598002,11.539202268083217
243,11.416685618439733,11.430871587925134,11.43045220759495,11.430871250789085,11.403979001892564,11.454091485822765,11.464858,11.486198441531272,11.43915161385155,11.41780061207553,11.430337636165032,11.429267873806053,11.427887612801271,11.474290067814497,11.442601,11.475024535165906,11.43915161385155
244,11.779210928379635,11.784197012412738,11.784128449806277,11.782923899964796,11.805915392272018,11.784705925325294,11.813493,11.803152825534617,11.808408031850043,11.780535765285046,11.785174721002369,11.788452182084004,11.78567608398178,11.784190770450875,11.7924185,11.828997274262495,11.808408031850043
245,12.366800672365926,12.371962299332518,12.372826453461347,12.358173632212665,12.347225619762895,12.34047533264736,12.362691,12.386889043663752,12.380842919329632,12.364349872284281,12.371018572811744,12.371690356465923,12.353946716032764,12.352517288750109,12.379657,12.356229545109693,12.380842919329632
246,12.316114739279708,12.315745903209052,12.316946187488437,12.30356715435059,12.311376568109496,12.317155391694234,12.323161,12.317556832206657,12.306126740922586,12.313155484176116,12.318311570482203,12.315304687223664,12.330832495683746,12.348345535340359,12.339805,12.292302785835814,12.306126740922586
247,11.858439089862403,11.868497567239102,11.87122286839669,11.87548715708494,11.962515304214335,11.829745830132905,11.816849,11.824443736282532,11.81295794337025,11.853345633786088,11.881579674962403,11.879597789514976,11.838251900889842,11.862154706141128,11.806671,11.827187363679727,11.81295794337025
248,11.914509827746384,11.912112774765127,11.912511911053748,11.897593094588688,11.88617643028547,11.876940522372955,11.873823,11.86221841244452,11.905135485553979,11.910820148290888,11.911524300188345,11.911919900019644,11.90388506608185,11.893112453726562,11.854119,11.853566565786448,11.905135485553979
249,12.171166705590338,12.173795803089323,12.173722768818044,12.165910084124782,12.170837656616673,12.159501434655676,12.149891,12.155872613984346,12.145103391057468,12.17138133161065,12.173961858058512,12.1736877864161,12.171589786940626,12.14838786064921,12.150658,12.14973281003094,12.145103391057468
250,12.592482357400655,12.602028644135789,12.601402862581118,12.587185584556908,12.600011646626514,12.58131096148685,12.510131,12.508904938185179,12.62393496010487,12.587334420035189,12.599592402227515,12.602428017036068,12.635635718816143,12.56879431671659,12.523225,12.54561132728295,12.62393496010487
251,11.236646012418888,11.277910741536935,11.275433311671382,11.26615130245886,11.37145176968717,11.360693298796154,11.310862,11.291279849113858,11.356384356291793,11.248538798078076,11.275462711499259,11.278283647921661,11.341787704243046,11.379003006999922,11.332036,11.294731229307207,11.356384356291793
252,12.549089690753716,12.537777167256486,12.538966568977578,12.571627489705985,12.543775884049246,12.560656244850612,12.487819,12.513697869882398,12.494229259830334,12.548435157670093,12.539429624901341,12.537949552095402,12.54793072625082,12.604578688648331,12.427643,12.547363097603531,12.494229259830334
253,12.065160200377427,12.067351433200889,12.068104850245042,12.063976877142075,12.064837352273782,12.061174386471285,12.057618,12.061632218017786,12.075568347269005,12.062979459445552,12.072527243947201,12.071619845374011,12.059883056846038,12.086938094407014,12.055652,12.055591120360331,12.075568347269005
254,12.08042557490591,12.0829425988392,12.08056969770525,12.088098866414327,12.038877712717701,12.057409710495113,12.069903,12.035779063931184,12.036585962467154,12.08772498072652,12.069546874735018,12.07152683878316,12.064830690688966,12.01424076622121,12.058787,12.064679261857489,12.036585962467154
255,11.851034147730838,11.859197343391273,11.859177348417145,11.849256015039888,11.837834862691098,11.888956886382594,11.8810835,11.867120703375784,11.86802518167481,11.851114547411198,11.860086474987126,11.859886164855137,11.849575399020743,11.869303383880137,11.8608675,11.892180019422323,11.86802518167481
256,12.321663229153332,12.314377396749943,12.315087555453882,12.318416766922086,12.309957666690945,12.334278892340894,12.352416,12.357772492042544,12.332794846348996,12.318732993029695,12.314810001560145,12.314406025047711,12.30059463910537,12.359847007538658,12.346807,12.353809137749284,12.332794846348996
257,12.212196518427474,12.217917984677317,12.216844305392739,12.2101517135331,12.222543720644186,12.206385623067838,12.190779,12.2226616336969,12.207216929584193,12.217352165334209,12.215735515228975,12.218315809670942,12.22125279996817,12.240525865890435,12.208384,12.195685489389351,12.207216929584193
258,12.378446965737815,12.372662382139495,12.372124736581888,12.372368653947415,12.358640023284165,12.3730521410979,12.377571,12.411798976760066,12.367897828212305,12.37889694449848,12.371783863445195,12.3726970167173,12.378873207093525,12.374113078345745,12.355739,12.381098501319874,12.367897828212305
259,12.272770412230239,12.263894844997568,12.264265639846865,12.265986844415288,12.268884608443106,12.257878781946635,12.257304,12.237878721171645,12.258894868666454,12.271462864462519,12.265073372408882,12.263766564500404,12.276301092229673,12.277183602115347,12.252584,12.279325970969957,12.258894868666454
260,11.520465719867987,11.569356420664109,11.567074164826236,11.518571265825349,11.481684930708202,11.5630463930876,11.575405,11.573811117058911,11.547294986862852,11.526134606976617,11.571627192568343,11.570146344937994,11.54639344134444,11.601752526842647,11.568628,11.559356035764292,11.547294986862852
261,12.077800136094021,12.066721292402057,12.066801882380222,12.068057674165793,12.056574049875632,12.01886679449495,12.051594,12.06401707927535,12.091078248531657,12.078276743342212,12.068031962035503,12.069013761021562,12.070338059429044,12.028622564999381,12.032692,12.078025449039966,12.091078248531657
262,12.688422107781536,12.675632438746476,12.676113504642958,12.696719611184186,12.733849687049505,12.7178612182097,12.726778,12.73523935226291,12.71824257702067,12.687280687131006,12.675004559854614,12.675350448830525,12.683915479891676,12.703122503720524,12.717116,12.692425730913074,12.71824257702067
263,12.031839447340882,12.024465146771108,12.024695414781341,12.03930531344062,12.051848243102796,11.969386730457533,11.963722,11.977297154657037,11.963460903657333,12.030882996041605,12.024136491921132,12.024262379961732,12.059202865201081,12.006211827404341,11.971711,11.996087409058326,11.963460903657333
264,11.724488643643163,11.718023584898852,11.718906960493335,11.697877906402184,11.684194331720539,11.725484374582463,11.696488,11.718288537869835,11.706497720535765,11.72356443040427,11.719294987677195,11.717847950705822,11.71451121090003,11.714118169807255,11.697311,11.68778632636657,11.706497720535765
265,11.222249185159416,11.226212598788113,11.229545209548112,11.225154293782506,11.276171597583552,11.37379427939299,11.288225,11.331559965800226,11.32323672722083,11.212119856037106,11.233789044526665,11.22466251105258,11.264470444058537,11.341075071711813,11.275034,11.25673364818566,11.32323672722083
266,12.123407598554378,12.122920283635986,12.124021428153021,12.124287782090077,12.13941402232524,12.117839305764521,12.111628,12.088421081774111,12.080351966114636,12.123957603981918,12.12921313530344,12.130091320651623,12.123152510712433,12.107611318051651,12.110422,12.099279404220832,12.080351966114636
267,12.183915084044148,12.171283496026485,12.170900049630125,12.168714670240108,12.13051074434252,12.119496171763856,12.125657,12.128290517906246,12.12322435980923,12.18413665878535,12.168672635317959,12.169033441166267,12.146684180588576,12.128148961547106,12.119528,12.11996917597686,12.12322435980923
268,12.146442783791622,12.149870913299816,12.150966392292823,12.136947835425815,12.117771734882801,12.087455083517058,12.111713,12.109219504730905,12.097699478009378,12.142245348301275,12.15100677738869,12.149303311222154,12.094995056972241,12.124145073586153,12.110527,12.091888069020126,12.097699478009378
269,11.546821319647707,11.565394344043018,11.56343537895523,11.577924864626114,11.637913719160979,11.682077339914764,11.660375,11.67086874996818,11.644617305576936,11.552134789017762,11.565142322996948,11.564738303406246,11.58531249747661,11.670663980067717,11.664396,11.66720588809018,11.644617305576936
270,11.969539934756153,11.957987130013427,11.959795437163299,11.977563725564377,11.969985439527084,11.973873928226839,11.987527,11.974217040227046,11.99726135153231,11.965314054802553,11.965770110460147,11.964621976527118,11.944429015637562,11.99446647353833,11.977934,11.98056288800936,11.99726135153231
271,12.505584871864485,12.514697735448554,12.514398806308062,12.499897237641282,12.481874637634943,12.475227575959508,12.495859,12.50120735805146,12.490115536633676,12.506176081405481,12.514724577879809,12.514753173605289,12.486669997673298,12.466834756110398,12.488364,12.471590801807297,12.490115536633676
272,12.185991078125749,12.188449254925269,12.189761301583584,12.216338849334162,12.345467562464325,12.286404587987523,12.210912,12.245106705927606,12.272703370122759,12.183134107050254,12.187219170911039,12.18792486294821,12.19937869879301,12.276417620171282,12.26151,12.23065384606042,12.272703370122759
273,12.667134170758125,12.660237193084392,12.65830138211573,12.64864055663771,12.644688432899278,12.603199184775029,12.60097,12.59297928053645,12.61027912549407,12.673355311982114,12.656410240995545,12.66081182912522,12.67355927628911,12.60848606264254,12.58541,12.563535683886247,12.61027912549407
274,12.032235146633624,12.048248011214506,12.049398707896056,11.999743663036767,11.964156562322486,12.043066634535645,12.046762,12.044263608724892,12.044599283966264,12.019486908237564,12.049972174378714,12.047953214139946,12.002680580653365,12.026137104443134,12.045685,12.058570470758017,12.044599283966264
275,11.729947401925031,11.7222101412677,11.721899084560535,11.721275075121751,11.738078026235483,11.763975037904546,11.7620945,11.728323598535875,11.733160933397446,11.731343995163611,11.722782815145479,11.72238389945361,11.747500894424784,11.76099432544977,11.738253,11.753218531218959,11.733160933397446
276,12.051893660296805,12.063578671983734,12.064260142796938,12.041041149694035,12.096852161813967,12.057342734155128,12.104522,12.18106924161437,12.107980497999044,12.048564568682586,12.062143420238074,12.062877905834702,12.060129481002283,12.061729901227663,12.129078,12.092326786796987,12.107980497999044
277,12.207582624175261,12.196454197046675,12.197331253373314,12.198926007561415,12.213246801414785,12.222295348497065,12.22982,12.238552167537799,12.230029701754676,12.201956366368007,12.201700530228168,12.200724611949425,12.204021197071986,12.21672599666634,12.241473,12.226347577378313,12.230029701754676
278,11.598305775040552,11.590891019125614,11.590699647056525,11.607561545997415,11.633208664626048,11.587046274778782,11.565163,11.516462909514306,11.534492444712887,11.5994773039394,11.591021233218612,11.590850980960038,11.683845499786768,11.564628201784414,11.565929,11.551643191078572,11.534492444712887
279,12.877268847497286,12.872788688434186,12.872496033058388,12.884559936510387,12.900315119251854,12.858265307595158,12.812797,12.87037048570377,12.856085766385744,12.88109509511992,12.872183030092295,12.873151965857085,12.841674464891087,12.894679937661577,12.842707,12.782468452841213,12.856085766385744
280,12.272054928574827,12.264757878315319,12.26308668321955,12.260212268004128,12.255257625857281,12.255757648647439,12.228337,12.219652372841068,12.275708631456174,12.279645822814583,12.25360811341804,12.255124318932731,12.282798475751326,12.241110845455037,12.216712,12.246867959940461,12.275708631456174
281,12.316593192428753,12.31858935265452,12.319470582881564,12.310189358254334,12.2946833808705,12.298096422903269,12.268244,12.301819020378964,12.2800489299896,12.315637194503163,12.320551607800718,12.31832093571204,12.290576532898374,12.310079002273866,12.286573,12.307919126502817,12.2800489299896
282,12.218228919795168,12.202158224544327,12.200424998511398,12.206871447885915,12.217901087585366,12.136928730094157,12.149218,12.14679345495448,12.145702468039643,12.227734219918466,12.198079364541071,12.203129300845774,12.224451205079728,12.1340024185524,12.169016,12.16381944363021,12.145702468039643
283,12.284486294747374,12.273722247875492,12.271828897989108,12.27755117169474,12.262622465173072,12.26857267300682,12.312873,12.325537751387706,12.310556666587427,12.28242241001655,12.260785674547828,12.25814413673989,12.280313364183645,12.308952869108293,12.32578,12.291130904988766,12.310556666587427
284,12.308545106706939,12.310297809619254,12.31040988258934,12.315265965254136,12.36692651201723,12.462118872487157,12.464216,12.446408463693079,12.449357044927908,12.30595704178061,12.311705022438744,12.311146944931185,12.343447366823726,12.455770024994987,12.442708,12.453809495240764,12.449357044927908
285,12.177522573141397,12.169955264657222,12.170306320088237,12.162084537970092,12.13595516111892,12.13230891293364,12.151749,12.136966130655198,12.121400458512595,12.17757718275064,12.171179721805153,12.169923985217808,12.145744571105825,12.149172306979088,12.156663,12.144226084140948,12.121400458512595
286,12.041693216730629,12.045988645228213,12.044866834108744,12.02052748692493,11.990712906523779,12.000193975326486,12.015167,12.025212807435107,12.018859879439333,12.041261467422183,12.039628318484898,12.036779293316085,12.013513360973842,11.98355707951211,12.018613,11.982448927163487,12.018859879439333
287,12.116801477806122,12.125265206212148,12.126096292450873,12.141230896545366,12.165437348887275,12.082991592420312,12.101717,12.133063246458368,12.081731735188493,12.117433297318808,12.130251627563288,12.13168937114552,12.15518372680408,12.121557121975126,12.1095085,12.105456030626021,12.081731735188493
288,11.446507151802159,11.434337625131361,11.433811247416777,11.493567160317111,11.543226923173943,11.470159850310742,11.538283,11.529384149351145,11.504489745679875,11.4453983543146,11.431176240867556,11.431000392639724,11.495594424562242,11.50459636885083,11.563567,11.539198291685633,11.504489745679875
289,11.619071600387421,11.617951303932408,11.61756023567946,11.634566345022462,11.69075059488404,11.681359430786964,11.673555,11.648348570159952,11.645771921770885,11.621102497795235,11.61493335159313,11.615400614616446,11.670742537839752,11.680157520715952,11.665848,11.649906760980153,11.645771921770885
290,11.853786790756972,11.844314699392482,11.842302890724566,11.893019362820867,11.966519699999573,11.889286176432792,11.848928,11.826203603971397,11.907784529584058,11.85685048304939,11.846510785307872,11.845168948998714,11.928050771301892,11.90982802226018,11.85452,11.89648543779071,11.907784529584058
291,12.451449664961764,12.447630273099957,12.44798468914593,12.432413315429415,12.416014852416243,12.44298275012787,12.451965,12.412679374634829,12.443223123695612,12.452144958172735,12.450919640198302,12.451390016596894,12.438555668013652,12.44317865524673,12.434762,12.457440512573875,12.443223123695612
292,11.699741991176266,11.685943667147352,11.683660301653102,11.708275681590113,11.64434298418734,11.708760018773669,11.723618,11.787320802777764,11.67546075746323,11.698677256231209,11.673471256632219,11.674156406558605,11.679849945756864,11.729323612263626,11.781781,11.719621661256754,11.67546075746323
293,11.780723698063476,11.787797410929862,11.788428190433125,11.800036207842036,11.81710534211324,11.856518007338238,11.833278,11.845184773140536,11.837716020705546,11.781135887606723,11.792515491815456,11.792524888986978,11.823447621085094,11.890174159330096,11.80374,11.872539796701886,11.837716020705546
294,12.379581191232887,12.386226438104766,12.388142476692652,12.37802745455167,12.378612662562205,12.351521331331192,12.369083,12.401110157794257,12.350304198085407,12.370943626499749,12.397042534552542,12.39600457484284,12.388793016738182,12.378707476911696,12.401491,12.40080900379004,12.350304198085407
295,12.078816660009263,12.0783664660094,12.078448492506057,12.059620807390829,12.020810536335578,12.024911192638452,11.960426,11.919271657297239,12.006608350838205,12.079207917117147,12.078454306175875,12.079729826563145,12.04882414035903,11.985460096231161,11.968488,11.970615930629123,12.006608350838205
296,11.924102211398486,11.915122173968703,11.9154097933075,11.928036207027121,11.95901656960235,11.899003426018503,11.917087,11.911649972732594,11.887624455723326,11.925015755892995,11.915698315038144,11.915563041447834,11.919705030760683,11.861347140788178,11.921449,11.924296119413311,11.887624455723326
297,11.741633723204556,11.742283318486804,11.742524198896213,11.748901546727101,11.816732922068663,11.809407988980492,11.804879,11.774647551333993,11.78103725713362,11.741702552406224,11.745099515244858,11.744604049029505,11.82960079482547,11.805615747860418,11.792902,11.781169033265966,11.78103725713362
298,12.375832458773587,12.35437544997305,12.353752830258836,12.37408460461181,12.383621642203625,12.317812187122525,12.343119,12.310622200453123,12.346432565657485,12.376236204536845,12.355123483956959,12.35477581819698,12.386941532796017,12.315173842680608,12.349246,12.324008261799344,12.346432565657485
299,12.108176182729743,12.107301724495356,12.108580364390251,12.089459206892155,12.117921981412081,12.06151132469116,12.034841,12.04048761387,12.0613476006259,12.110256376974544,12.113795725142259,12.1166958928519,12.105257017376921,12.089060442029398,12.059486,12.056723741051165,12.0613476006259
300,11.941778405197221,11.98465198630012,11.984994249670217,11.950043725159588,12.02203016514209,12.005137981118297,12.024167,12.021550836948752,12.041585440689307,11.941553120398403,11.989507802674066,11.989300194711051,11.985177872827364,11.994796221890423,11.99748,11.972801509955575,12.041585440689307
301,12.006062549845774,12.028834743454974,12.027089250298038,12.012413302433204,12.016830125084269,11.9996557247409,11.990396,12.036279368698452,12.02657888874554,12.019773758568189,12.025852459115182,12.029332949200645,12.000920479494829,12.01519433930058,12.011336,12.045719427430088,12.02657888874554
302,12.515569066366886,12.512198517199788,12.512742417891173,12.506325056910232,12.49134005137774,12.539182847841275,12.533724,12.520163621831395,12.566403741230367,12.510921032880027,12.512616191291384,12.512160413264365,12.499761669268443,12.538792790150076,12.532855,12.534806902544512,12.566403741230367
303,12.295466479549615,12.294178344431897,12.294855139202284,12.296354400518638,12.29451723353069,12.316255547396455,12.302148,12.307739659124444,12.290789017682247,12.291945288059445,12.295746262887345,12.293777315187349,12.281080172395917,12.334206239885848,12.293532,12.312535368259532,12.290789017682247
304,11.810338505328176,11.807510531097968,11.806557946928939,11.804979539927764,11.817767378823646,11.790808476020784,11.755704,11.775300094700585,11.765351462700773,11.81053868887995,11.80189555652867,11.800660535598137,11.811130113703722,11.778001201392243,11.770373,11.751328901818617,11.765351462700773
305,12.616970002401938,12.6003178835142,12.599799676175403,12.610783371250047,12.616542064097795,12.547610683368118,12.6157465,12.66187948532035,12.55939101716371,12.617135892286626,12.599542855844085,12.600612226867606,12.57058458088231,12.618052060174044,12.614854,12.609590087130155,12.55939101716371
306,12.594046215546696,12.588197275370272,12.589290461440765,12.582814393558312,12.560663376165659,12.595342911052118,12.639768,12.64114755359782,12.54818667412874,12.592532797235638,12.59013307200702,12.588031087908146,12.571907152007412,12.579342458686737,12.592179,12.638618923692077,12.54818667412874
307,12.382393166671962,12.383702351363816,12.384503493565386,12.389005443797423,12.396063656127852,12.385787877108362,12.348326,12.404793035591103,12.414049151401661,12.380336399887575,12.382780312390405,12.383310840813547,12.426072768567144,12.355700202749027,12.357169,12.3737129683978,12.414049151401661
308,11.53140123553171,11.556829257093955,11.557927252397201,11.50535095997341,11.49608122083902,11.553553052027281,11.536918,11.523114307011408,11.545223388329903,11.533142256182272,11.558460476017022,11.556608447393497,11.54715644922171,11.547948569767952,11.499965,11.498463586208343,11.545223388329903
309,11.590563537180289,11.60898264363719,11.609869944050176,11.587841573353936,11.563723534002637,11.6192785102431,11.631691,11.620008106070891,11.620913139089227,11.589686881052902,11.614670082867692,11.61366433833454,11.592055216040873,11.629887173839451,11.625203,11.66717888571527,11.620913139089227
310,12.760131149489045,12.77203765200675,12.772025703139073,12.778345708947207,12.777693078434057,12.816915649601492,12.808964,12.781846480213481,12.823063800340716,12.76128688317933,12.772133550576546,12.772106570357677,12.733276528358163,12.831346740835201,12.806314,12.820289956344135,12.823063800340716
311,12.039160327021566,12.039433746294192,12.040164720634182,12.040180915988952,12.054082414694939,12.095350525958123,12.090492,12.08800961213966,12.095897637839315,12.037476706950862,12.038678164850701,12.03915102257214,12.038382002961258,12.088407774831122,12.088361,12.096568053205504,12.095897637839315
312,11.828828110866445,11.81637881296592,11.815557270429524,11.813744579599584,11.781775063151944,11.802316995577423,11.801853,11.838529209086403,11.816159709712142,11.826588575427111,11.814198141569948,11.816873563861432,11.802037219741383,11.806557556278701,11.792866,11.813455332130722,11.816159709712142
313,11.715408333389604,11.720248712109457,11.721225500001594,11.697197560173228,11.662075855545385,11.755093182462984,11.759939,11.761758811496085,11.73480921747751,11.716788230131908,11.729012166628825,11.73451133265701,11.717494031727416,11.75531981658988,11.7338085,11.77405792854991,11.73480921747751
314,12.68863827438346,12.689263135381646,12.68810716968398,12.723013598060923,12.681241006738235,12.528722543567527,12.494664,12.522307089385503,12.481709292366599,12.687640707757728,12.685270161850376,12.689966871656958,12.70000313653882,12.490485293300365,12.505955,12.498412156828415,12.481709292366599
315,12.024772562935443,12.03068725340533,12.033354024711196,12.036027018580075,12.072231072120365,12.012534841100251,11.954451,11.962722255034112,11.994380998924754,12.019093148150578,12.03648410785885,12.02953013758352,12.046170026971886,11.997877963543349,11.93092,11.96279353829429,11.994380998924754
316,12.153224886622555,12.152873052749724,12.154264935357174,12.146188804354884,12.138214495912775,12.12929923150851,12.111147,12.11535555629549,12.132483284257308,12.147022745109725,12.161135517384876,12.159698897502523,12.140758281311092,12.110492415965386,12.100308,12.120493410958012,12.132483284257308
317,12.493418132845912,12.468397319359052,12.468845652769682,12.490243000186075,12.467809796535194,12.426489228139326,12.423984,12.4171359718541,12.436016941010415,12.491987984394008,12.468563082827696,12.4685501205822,12.487557093523248,12.398132276698284,12.445146,12.44352944340695,12.436016941010415
318,12.443982969426509,12.456189516753305,12.456292073151872,12.452304845912288,12.470571848802988,12.488643795275548,12.486401,12.463790316268083,12.487472770812465,12.446203547239458,12.45653111411873,12.45660118953262,12.443193780924199,12.475812359332666,12.4829855,12.490691633642331,12.487472770812465
319,12.616866888384658,12.629856701999612,12.629568532635254,12.63810007349691,12.67114311658345,12.65294359695747,12.625542,12.651315703830704,12.666201206266003,12.616244024544747,12.624350542419505,12.620022505987215,12.633981583579942,12.67052177043062,12.650246,12.60607329817857,12.666201206266003
320,12.202568842517728,12.202355484899849,12.203369142713866,12.201496845637182,12.206010968753613,12.192966243368353,12.242122,12.232233328102591,12.202085385418169,12.199765614465484,12.204288558022466,12.201758269706245,12.209934221547151,12.201284201798394,12.227477,12.226744419317486,12.202085385418169
321,12.742240760312406,12.76229592411993,12.761575159474583,12.769997747352221,12.822436842554986,12.73232109904009,12.788997,12.837498217744,12.78040095741682,12.75217802688657,12.76118036648295,12.762287626195654,12.788265980534709,12.792100104334658,12.817523,12.81976973417038,12.78040095741682
322,12.734106254067838,12.729085592190643,12.727743782560223,12.743878959639563,12.736243671176249,12.740776796802285,12.74963,12.732682137673958,12.759413998523263,12.732603361597162,12.721852727013502,12.718134081509561,12.757195773110638,12.776613318473915,12.778968,12.7523807269561,12.759413998523263
323,12.48925756728572,12.503839088786526,12.505721816493423,12.50128665294423,12.486683448735588,12.550633687006576,12.502515,12.538283984930999,12.528318964818999,12.486897455702719,12.501221153541966,12.502837144833613,12.461054084945387,12.517183166098834,12.533303,12.518231839167054,12.528318964818999
324,11.673704942812135,11.697312244694913,11.695518165551883,11.695636011203712,11.729937042352837,11.721687193107266,11.701936,11.741074323883169,11.729592207575298,11.672605646135546,11.688665051802644,11.685361915151205,11.729956446226133,11.70691396503711,11.704381,11.718603223215048,11.729592207575298
325,12.48603230800816,12.451929592400125,12.452197089988989,12.45550988607063,12.451798993601123,12.491967293442743,12.470683,12.478073085245988,12.415018343215545,12.48913604195599,12.452107117476785,12.451579945560177,12.506559942095157,12.455114350987781,12.469161,12.47404677732229,12.415018343215545
326,11.362926644930752,11.35365611484524,11.355602320004602,11.37062996160605,11.445530388977701,11.446493368783186,11.3972025,11.372875795574217,11.400172780817499,11.364836406948232,11.364473359950827,11.364643929516198,11.44331885199987,11.457784250993585,11.395002,11.390444647248325,11.400172780817499
327,12.577309405366224,12.541733763084697,12.543924319400574,12.58078153751991,12.566818557531546,12.540948028797002,12.5795765,12.559083188589048,12.579834822098308,12.572145895330546,12.54614058812085,12.540889619124002,12.585199258365419,12.552273073724455,12.561012,12.555334760056217,12.579834822098308
328,11.917776432530848,11.910900679687636,11.91032739885768,11.914007400107359,11.923020181786947,11.880749820094094,11.877121,11.867674082913942,11.858091619167602,11.917352180154484,11.907646210198784,11.906810318671898,11.92616933078644,11.874728798089519,11.8717375,11.864844320824549,11.858091619167602
329,11.989102139491296,11.956158798649028,11.955473307415039,11.999843238845793,12.059586011418409,12.032996205383258,12.111911,12.067657134465577,12.011466507850242,11.989468060948479,11.954959640250417,11.955714155355095,12.024552254207517,12.008093350526828,12.100389,12.045001363842443,12.011466507850242
330,11.399799692621267,11.436021405299208,11.435866595877894,11.394155844312875,11.417158422542425,11.43121225358654,11.351472,11.328740969571886,11.375260077285192,11.397213250369576,11.436564907719854,11.435941139010389,11.460833513018159,11.388554675970799,11.373198,11.24867864713065,11.375260077285192
331,11.901745374589582,11.909373716200111,11.910329787093287,11.880066415615019,11.816980317497451,11.830548823708485,11.868007,11.909570356686025,11.857361723143988,11.89933472988447,11.913456046090621,11.912700511962253,11.83305438980308,11.833532781286102,11.88426,11.867502933038073,11.857361723143988
332,11.722977296714957,11.721196645403255,11.720945595840767,11.732715306456562,11.754820910389839,11.793851183481035,11.806229,11.808541424812763,11.787675876295127,11.723174335540842,11.720653946721459,11.720105033854678,11.745196527958527,11.796264070970414,11.790784,11.791609527089006,11.787675876295127
333,12.60048080287484,12.613978874152634,12.614547823435922,12.588722669023545,12.583016605051602,12.604458644391885,12.693866,12.720417335180981,12.654517535073156,12.601671928857428,12.613038020023538,12.613584445972764,12.569571449752525,12.60363049815296,12.704883,12.676573380727449,12.654517535073156
334,12.302987302734907,12.313485617214036,12.310592191579424,12.288980749867147,12.26999559504253,12.179309861208068,12.168237,12.172931098284083,12.230978445830647,12.301890683207857,12.299533130524969,12.29372184473786,12.275374639936086,12.197572583002087,12.163452,12.194752892790259,12.230978445830647
335,12.218431594448091,12.210598732912105,12.210790478415289,12.217226307496123,12.217628328170019,12.183626112390279,12.180011,12.197154950333358,12.199848855106545,12.215644538162538,12.21074746519165,12.210691694517134,12.215332246505277,12.20367952816886,12.1848755,12.179576624571665,12.199848855106545
336,12.439355501463993,12.442635100340384,12.441198060671189,12.458494131480458,12.394561906584233,12.270723974646875,12.263213,12.21175771295243,12.286669867037046,12.444218927893347,12.437896807883687,12.443684726552696,12.439886000237395,12.233514462719192,12.212789,12.216543673984619,12.286669867037046
337,12.814742936075213,12.823867256258659,12.820464573558372,12.825319656206638,12.834419134076649,12.81047883242136,12.796428,12.770400115831968,12.82290473782302,12.828413660121754,12.81750132572985,12.824970265126087,12.794781125661753,12.815722692594802,12.795336,12.8142642980842,12.82290473782302
338,12.277449439592997,12.287048001079262,12.287278344214899,12.281648249543597,12.304492047589454,12.291291337392666,12.296901,12.30871461766297,12.298020643828306,12.276886029050916,12.289142016527743,12.28869616569968,12.270232999590993,12.290915819830083,12.313317,12.29322788788182,12.298020643828306
339,12.306179985879767,12.292310932396738,12.29295544164486,12.2950556526018,12.295252387594209,12.242295693961832,12.270219,12.275529217094912,12.235240093356943,12.306096344968749,12.293058715057896,12.292234519964836,12.308338267064196,12.226608423546535,12.272893,12.279462467917936,12.235240093356943
340,11.896252328559415,11.897820108417468,11.897429995247737,11.892282494995738,11.917306295436447,11.879277719107751,11.869732,11.893257757309572,11.876792182746652,11.894717861290259,11.897941401120223,11.897878892560765,11.931841865114277,11.90224983566183,11.8779955,11.865790887851693,11.876792182746652
341,12.29371002522946,12.311737620676643,12.312047892317727,12.282677548336991,12.279503007012972,12.285585326530247,12.305897,12.276198185459714,12.30304034882064,12.292353628481338,12.311839674058914,12.311685039026,12.274509446816237,12.274294649879195,12.297118,12.314292901452678,12.30304034882064
342,11.293548394076335,11.328121321279376,11.330853928947842,11.282852265276212,11.27077373265135,11.313997775439065,11.355243,11.392613216683912,11.337067599564477,11.294824673625936,11.337691975407182,11.327268474924347,11.272118323030503,11.311881200202627,11.327409,11.314532458460237,11.337067599564477
343,11.308484645909328,11.29934087143597,11.302462450348623,11.309258411488653,11.335119279057492,11.424659139155327,11.423049,11.347156190901583,11.395391688531385,11.309947525918773,11.314434084302764,11.316223618451232,11.336393519130258,11.401157433542105,11.40249,11.389087264351492,11.395391688531385
344,12.531362818937467,12.515066654604198,12.515291009980535,12.532909813845508,12.53695715309055,12.536193725176993,12.565369,12.56020741031963,12.546455664347977,12.5295449358235,12.515088617671472,12.515104348014654,12.529215707921106,12.562444301428703,12.531939,12.562627717896074,12.546455664347977
345,11.411988049476832,11.433129076207873,11.433455970602784,11.424807983017512,11.41091890203549,11.40367799397114,11.371356,11.39676167649744,11.35532771685697,11.409698503392354,11.432975330330459,11.433045673917574,11.447549995003902,11.40077970475901,11.39391,11.373836914091314,11.35532771685697
346,11.772641984629958,11.77043150683996,11.770344647000446,11.780752045791967,11.791378910386339,11.836061777353509,11.852006,11.827092548794088,11.863770262401943,11.773235744853691,11.769390623937577,11.769512039516309,11.777935386328645,11.82365292280895,11.836637,11.830184003418083,11.863770262401943
347,11.88711845878113,11.883185672830164,11.883571361762431,11.910397347030468,11.913071902464893,11.8457344152002,11.883758,11.847065992411224,11.845314556507462,11.887277543829635,11.884525114679441,11.883535868451458,11.89558572848405,11.880248557035094,11.882812,11.858113803320265,11.845314556507462
348,12.107855652224558,12.09961174564994,12.10017004302794,12.096352221937089,12.104265649563427,12.090565810873318,12.071124,12.064113370479873,12.079431001603723,12.106209280835305,12.100096970160642,12.099452216761597,12.104416074636884,12.068979821420843,12.072883,12.060474038439292,12.079431001603723
349,12.157343626698673,12.166872653212517,12.165864081598537,12.159799295028687,12.143379779474593,12.121905513839424,12.123509,12.159380333061947,12.160914487143762,12.156974211713848,12.162729281288831,12.162450498869772,12.163323255136323,12.127344018334716,12.153834,12.131304902444647,12.160914487143762
350,12.9725410222471,12.96130069880799,12.962546907263096,12.98185857630454,12.972845016251839,13.037654563025821,13.058538,13.0248586776955,13.039907078924454,12.969800248477314,12.963946669258418,12.961011272749484,12.964374496843824,13.080702070199148,13.063863,13.077118514360656,13.039907078924454
351,12.5896791263352,12.589368571343423,12.589690465917393,12.593267062199764,12.627408353759693,12.625746945881323,12.525563,12.55254602085966,12.495968861781275,12.58905172511036,12.588875226538455,12.589190239011097,12.566434434271931,12.61149674264893,12.555637,12.535803260823856,12.495968861781275
352,12.157867968658284,12.158264647861113,12.158249120938724,12.149654536073774,12.154419010634635,12.174845355639889,12.189238,12.20951402597218,12.223087764180653,12.154785565593,12.15817711275083,12.158311912272081,12.170303306827494,12.1629096596652,12.185769,12.176102114071261,12.223087764180653
353,11.60588105720612,11.611800724613827,11.612845630305868,11.588851778750564,11.50102487636563,11.42974666614287,11.438867,11.446421061694707,11.390589855215081,11.60672236264351,11.61814802772549,11.617286407008875,11.590654992211846,11.421604359953678,11.432187,11.454582676100504,11.390589855215081
354,11.578275905146121,11.5985540832293,11.598907123383613,11.574096299448666,11.600173961552683,11.587749758450144,11.606186,11.619563842262389,11.642879021871778,11.577606816203806,11.59787354533627,11.598280362742805,11.58488954393515,11.610855086272919,11.594869,11.622955503070413,11.642879021871778
355,11.910631571458433,11.90624158526914,11.906212359547744,11.92001705320283,11.908361118346582,11.906548997640106,11.941039,11.899149825028633,11.916227363871847,11.90912283237327,11.90586228154836,11.90610447397586,11.898971743273089,11.90990077132066,11.92676,11.906589179163925,11.916227363871847
356,12.051201019272703,12.046332645132312,12.046907934336447,12.06665374583915,12.081384647566654,12.092620932253515,12.100523,12.114700886592747,12.096594820364077,12.052150435651507,12.051148088629262,12.054724814954147,12.044434219496697,12.113077578322097,12.093011,12.0996258593838,12.096594820364077
357,12.047347587242658,12.051226262588926,12.052075117938061,12.048556484455348,12.063636205098076,12.03766291999721,12.045034,12.043728763357798,12.031007526629597,12.045044144474288,12.053428027064816,12.050778139061915,12.05053800962982,12.024437093052954,12.048869,12.026353268554743,12.031007526629597
358,11.813883400233616,11.801063781546206,11.801094571206765,11.808977817503724,11.808005267545523,11.856258270140874,11.866649,11.853975683886253,11.914764456004676,11.806199943589414,11.799972616866185,11.801455726703804,11.818913554278616,11.846971500012128,11.827312,11.856672213516418,11.914764456004676
359,11.687471175454508,11.651048944628934,11.651464729533759,11.684937792855948,11.797802603278459,11.764361522514193,11.752996,11.710975613991913,11.702940307543669,11.68644764475473,11.65078829864788,11.650969102073844,11.731254521449246,11.747452829864223,11.767621,11.752923264413026,11.702940307543669
360,12.586557128881562,12.56407654275091,12.56204184337641,12.574654465368734,12.569813729913202,12.535562008204577,12.558555,12.518458022506776,12.552535176758617,12.589846038621497,12.559202014222905,12.565142985182788,12.568018869978374,12.551188994465091,12.554315,12.519603341361645,12.552535176758617
361,11.932148842584281,11.936049007979681,11.936536997606257,11.916335029146095,11.894893786243658,11.919752772163502,11.915572,11.885824070261956,11.929521769874906,11.92893003100278,11.937394673470065,11.935616087440016,11.908049443905597,11.883441146292155,11.898016,11.924082254948532,11.929521769874906
362,11.862125465233019,11.862898816488693,11.86101254491377,11.868240529854925,11.884910323503874,11.87681576324412,11.871885,11.876274201947998,11.897959895683362,11.86765544100284,11.864795229268521,11.863467791179392,11.868150149727333,11.885311043322114,11.878983,11.883751497580048,11.897959895683362
363,12.076085422410658,12.051011266090002,12.051804406653165,12.088737528093073,12.107126117081977,12.110407112390318,12.09925,12.17106355209663,12.070662302362221,12.076178020724344,12.05207747052263,12.050754977905456,12.124042936240631,12.132024110775262,12.128502,12.102586810468866,12.070662302362221
364,11.630233492779839,11.630652051123993,11.631955744778583,11.633042792303971,11.646708536124473,11.587855119623507,11.599015,11.606602731199027,11.615510478166016,11.630781727210866,11.62902750734889,11.630084712164665,11.64321783186371,11.574461775902328,11.600563,11.607914012644713,11.615510478166016
365,12.119648392073728,12.117632683105697,12.119548930013059,12.116529735025109,12.12259473706997,12.122045617515084,12.136884,12.132116859297398,12.119432052722058,12.111940447234215,12.121624733651634,12.116902980861797,12.119310069195164,12.114737883962663,12.125382,12.131993904326885,12.119432052722058
366,11.75861621822266,11.750341680772573,11.749512234371894,11.769389807374361,11.792912519724513,11.7582597451199,11.78274,11.74128949544818,11.733607096043126,11.760201483236257,11.751497303241798,11.750861672238571,11.852403307658788,11.764358180015904,11.788487,11.733055599680878,11.733607096043126
367,12.088875423238436,12.086441220346819,12.086834158104457,12.0712152254449,12.040301353902777,12.04021951850976,12.0136,12.020186646150158,12.016971110046102,12.086614318093883,12.086948545801151,12.08647276421292,12.044112984189718,12.054980478330753,12.0228195,12.015462774510063,12.016971110046102
368,11.935594069601336,11.930215805757038,11.931330627431336,11.91378220847951,11.906226451344766,11.984819808668743,11.970991,11.986274600777978,11.97354944696,11.935016224712232,11.92897200268181,11.929309385346778,11.92011288743417,12.016812636373228,11.990633,11.99445074496462,11.97354944696
369,11.849695132738576,11.862444851006698,11.861986254139246,11.85626499564498,11.875547753443307,11.853595050311933,11.854233,11.886066390199813,11.85578989680231,11.850719022464968,11.861510766314504,11.862402741451099,11.849425920959467,11.851247150516976,11.866241,11.857812074716668,11.85578989680231
370,12.053383560474995,12.04533560724847,12.044090469128196,12.036575587622757,12.005118076158384,12.005591734624955,12.034641,12.005385433853926,12.023419385734929,12.053667456540195,12.0423374652538,12.04596036703504,12.02989395585974,11.980051537468691,12.02061,12.015768042362886,12.023419385734929
371,12.085263244776199,12.084972010293107,12.085261054123228,12.08496380357441,12.07238590313808,12.083903524494298,12.096746,12.102636843280388,12.096490458052486,12.085802548406232,12.085663450259801,12.086946901328405,12.073506334427151,12.090257008035636,12.101471,12.091590711981866,12.096490458052486
372,11.635903324232313,11.626948676213441,11.625549656074856,11.666909730759945,11.700792498391735,11.744010012143985,11.679861,11.6780449794556,11.685809243137822,11.637596931828794,11.628613052628083,11.627569137158162,11.706713189161674,11.706695872146621,11.702795,11.684090665208101,11.685809243137822
373,11.656676751379965,11.670615766190451,11.670691679698951,11.629128727122271,11.63409222727596,11.707210808910864,11.658445,11.684955619571118,11.65393154491356,11.657182691481102,11.670157890461368,11.670640316403489,11.660666578560708,11.677976505533843,11.661485,11.62997421637552,11.65393154491356
374,11.763424671283403,11.75804086102434,11.758595214740305,11.76053427157566,11.731857265324269,11.751907978524669,11.761239,11.762536379819396,11.744273208820717,11.761214629629936,11.758338902501162,11.758285891599623,11.737518225260917,11.72609458310544,11.750498,11.721291903943687,11.744273208820717
375,12.234621846624059,12.230571316902743,12.231624775625479,12.221748572222786,12.20712758269682,12.22222775193324,12.228491,12.245837468275893,12.220286703042865,12.233391845795683,12.229452631935816,12.230147778815528,12.21188642781613,12.234365056747974,12.23498,12.234875066113663,12.220286703042865
376,10.858420808397936,10.880887407177237,10.881595520340195,10.772478440082907,10.780694390454586,11.03866357780992,11.015797,11.139219651808096,11.107074761592186,10.846011144368653,10.882109622176861,10.880783245611669,10.826619900374196,11.099736964964823,11.077469,11.001861431333404,11.107074761592186
377,11.850483593108981,11.842364182071211,11.842317951860528,11.83853703329212,11.827400939242025,11.870742569355993,11.804524,11.809879525897383,11.83884844896312,11.850151446737984,11.84070893988851,11.840468505952265,11.834339746991184,11.8638452312883,11.830897,11.8448727329131,11.83884844896312
378,12.556021933041642,12.547379388456465,12.547690141011039,12.562133384319962,12.587582939581823,12.53532984622201,12.552176,12.518264002514202,12.514236068978509,12.555826277774996,12.548704362264093,12.548675806196531,12.545768272896712,12.515425669473766,12.531769,12.54663017329123,12.514236068978509
379,12.613110407230572,12.6072481902613,12.603622696834137,12.63172324981843,12.698907040464418,12.642966278497058,12.752175,12.744690500877033,12.641384670099248,12.625169654012588,12.585775142605248,12.589503629961396,12.689500280068769,12.59335647349247,12.725113,12.664820635384707,12.641384670099248
380,12.071950459380188,12.071754971471337,12.071953272692832,12.075948600059263,12.096267906564652,12.086152795267134,12.088594,12.094735673039672,12.080880691915468,12.069908043125482,12.074093730848887,12.073441658009315,12.101338352511428,12.102900975797471,12.086603,12.073568877894898,12.080880691915468
381,11.925160583321441,11.920004323178242,11.914610709518481,11.930072335679279,11.941910232854688,11.91812000931234,11.888052,11.87025463984023,11.839618474294342,11.921076459868537,11.891921637811592,11.883650367741126,11.958556687198879,11.919672033513297,11.886202,11.871236511310967,11.839618474294342
382,12.2572592191108,12.2519303399134,12.250094917283075,12.261934421360102,12.240302566610609,12.210436715757488,12.212456,12.213123700782713,12.238842227217294,12.256080439245086,12.241624581394193,12.23777524631134,12.264913169002245,12.224335813306586,12.225852,12.231159869796494,12.238842227217294
383,12.256628787025871,12.257256409395476,12.257371525829804,12.245350337500657,12.211589388845425,12.223674339700464,12.237032,12.22366359733126,12.201175243410402,12.256190972908467,12.257074426332156,12.257240177164066,12.222596696414387,12.237441595960203,12.250817,12.23964561860154,12.201175243410402
384,11.348957513894502,11.369178791161042,11.368841742362498,11.321055355160334,11.254869659628437,11.256843519335883,11.274269,11.261665919977677,11.283159336297945,11.357349446920976,11.36943382381033,11.370092264870596,11.352892629360108,11.202897739063859,11.234023,11.211795049792412,11.283159336297945
385,12.530924861101035,12.515494259169664,12.514626651207186,12.519948017719338,12.514503114919677,12.508132776900826,12.512563,12.451103890376995,12.533724198653687,12.528233093975672,12.507316390249285,12.508425297147278,12.501833220964789,12.463738161375959,12.507493,12.493042574893234,12.533724198653687
386,12.12842055933377,12.112507122354623,12.1126667796775,12.128592134592129,12.100274171381228,12.146239217529137,12.127589,12.13249036329577,12.166223586033896,12.127749137308653,12.11281689223914,12.112750080110049,12.122155879183277,12.156752383029243,12.144221,12.139307319771692,12.166223586033896
387,11.26484686667024,11.326039027238352,11.327527255684695,11.265290662027649,11.3763937543373,11.323749306347151,11.201148,11.244940761842006,11.343057116420491,11.25793989816425,11.331089847876962,11.324737459709885,11.333416624919,11.32710970289646,11.283633,11.21227332627169,11.343057116420491
388,11.86455528942793,11.865634583960034,11.86575481517752,11.849769716079392,11.860547033806276,11.804787248287889,11.800346,11.782820853468136,11.738303554644432,11.86212334216068,11.868258965764216,11.867595219320577,11.89473118398559,11.801226669837797,11.774977,11.766617512112829,11.738303554644432
389,12.189284275369241,12.187530333173864,12.188124744431969,12.178009022831546,12.157228861849262,12.185435595246338,12.171616,12.205676255230681,12.18022071824853,12.186773413054242,12.188411112299608,12.187365268042136,12.173991054992392,12.203227668253252,12.188481,12.187770192435414,12.18022071824853
390,12.9759287803033,12.97429553342475,12.973742225609504,13.00448929042029,13.020495301479098,12.996658581024391,12.952716,12.952397266835897,13.008669592667719,12.977534122961416,12.972480176646352,12.97459993254272,12.991135034911352,12.972137743097946,12.996882,12.951782682213679,13.008669592667719
391,11.813838463519339,11.816294037260944,11.815493539969857,11.803203671095181,11.74892629670136,11.754830868046852,11.744812,11.746714203152232,11.755317579835284,11.813283761552102,11.813487677564204,11.811049701178838,11.772463219279953,11.753065488820663,11.733667,11.728482744598654,11.755317579835284
392,12.3351420139286,12.318403514820945,12.318337661552679,12.330195360398388,12.367663261263925,12.277100998263734,12.286995,12.286128840511717,12.311729287015535,12.334504124562564,12.317301772089705,12.317577516151516,12.360267411332023,12.282388749747334,12.288734,12.260058134360044,12.311729287015535
393,11.519798024695469,11.483213837842323,11.48284665711411,11.519661913626072,11.48568372258828,11.576439438646446,11.562995,11.579562297204403,11.583987642214286,11.52210212621278,11.47945714757055,11.480248618604488,11.53921900056046,11.564817770619142,11.561656,11.58209903699146,11.583987642214286
394,11.350203371297942,11.333088502532048,11.332085701608843,11.347415474309313,11.336319985507977,11.375450574175945,11.364669,11.391607960707448,11.387059931467071,11.354161891234426,11.331709932499527,11.333478090079193,11.386250545231016,11.365037221626567,11.379772,11.396912817513657,11.387059931467071
395,11.60104718960769,11.610137363709333,11.609680052850539,11.616610509208504,11.633637827810755,11.625325216922088,11.631255,11.629990799283096,11.606149710631549,11.60224792138973,11.610573600566946,11.610274713535414,11.655449206433795,11.6389457620129,11.650503,11.648300692923623,11.606149710631549
396,11.794315669224977,11.797584970772737,11.798167650912516,11.782740569947048,11.775503400918119,11.791784724804144,11.785337,11.758815998936072,11.75817157734708,11.792892786250253,11.799798794104062,11.79714507268786,11.789540541608206,11.766173383965372,11.766974,11.796661198516261,11.75817157734708
397,11.70527851180164,11.72553678281971,11.723704979539248,11.691627932909451,11.67292900996372,11.731410024305504,11.745891,11.729202364324772,11.778610289520206,11.707018382601207,11.723329816178241,11.725611247598975,11.714641690431739,11.72444712215971,11.7409525,11.723004678633618,11.778610289520206
398,11.86480898352718,11.852196152707448,11.851675074769801,11.870856363459762,11.92983939570752,11.989499131623436,11.930358,11.951443127941022,11.909802997096367,11.866353460495283,11.849937863025492,11.850116585219167,11.89016567593344,11.95207033768929,11.930959,11.950610883198534,11.909802997096367
399,11.143423829909265,11.135925523909293,11.136761669237288,11.079057758687634,11.089054939068653,11.284539565334864,11.21253,11.296491312291558,11.195643843472944,11.139221358222503,11.135190210240468,11.135689150703927,11.151145073165987,11.260558368163517,11.19709,11.227893197846885,11.195643843472944
400,12.254190963827982,12.255717281621417,12.254799049647351,12.259713527312533,12.281718031314886,12.258871261604476,12.245058,12.251193754134576,12.219757480499148,12.255766945857388,12.2539616879873,12.256096552838729,12.287591588643389,12.229984976822369,12.255882,12.248829941636627,12.219757480499148
401,12.425480151292192,12.41148582003899,12.412809857139758,12.40966872930649,12.407195908451232,12.364043359428866,12.348847,12.343749825169066,12.384764554257602,12.426439628937155,12.417707392188966,12.416842329260323,12.43526228113946,12.32251622326846,12.394137,12.38338858921779,12.384764554257602
402,12.213378622689904,12.200462393658622,12.200847131369565,12.181593363445238,12.1299419616246,12.158159544237728,12.159407,12.143533044460995,12.148222696052084,12.209009227006696,12.2014856861157,12.2013325220531,12.149054612890035,12.145655242039767,12.15463,12.16490021368898,12.148222696052084
403,11.539548363522405,11.543034710853838,11.543510056402269,11.535171448516577,11.5637699511615,11.524743727741873,11.523763,11.530637604418628,11.518228402328575,11.539069431657776,11.548358488409976,11.547227637026607,11.568492282004344,11.533696617651778,11.537008,11.507339586842582,11.518228402328575
404,12.438312104499415,12.422550195176255,12.419842318331472,12.419332687765948,12.42498220537098,12.443920438560797,12.435832,12.454275388015986,12.42275045227419,12.444945061115755,12.407453356206654,12.4099765588384,12.438337132526678,12.452218453647468,12.430152,12.44866532024471,12.42275045227419
405,12.054696702145502,12.052008865096642,12.051557712439955,12.057937896646543,12.067708111644537,12.062052802173989,12.070183,12.073345260352134,12.07739059791734,12.054375613021053,12.050879383912477,12.05219385266614,12.051630191988135,12.064478652754271,12.068424,12.068604416967911,12.07739059791734
406,11.918610695381096,11.924915290950318,11.923267413687023,11.930834004127002,11.954138198993464,11.96320361379053,11.940284,11.950897743553208,11.884025247688262,11.917828816366715,11.916993133764112,11.91547261566256,11.947671449591432,11.960211849206852,11.944852,11.951628037446184,11.884025247688262
407,11.615864140052551,11.591726018699353,11.592561827852442,11.616593884258135,11.614385592592267,11.687085029851415,11.672579,11.67979671756397,11.630216776462646,11.614106425039006,11.59866699601502,11.597389292301301,11.566745951870784,11.65631037695827,11.657309,11.649036836588486,11.630216776462646
408,11.958979300933947,11.990812895682232,11.991538369259661,11.971403774720159,11.999399341131488,12.032187816145473,12.027007,12.047633401333929,12.033142789605458,11.963098452154773,11.99255216392496,11.990117297817399,11.969613238483403,12.041640223558517,12.030375,12.02850893031423,12.033142789605458
409,12.53534752319739,12.543385446580476,12.541870768641052,12.532770166047902,12.52671818169476,12.484418554396091,12.503524,12.510693614986488,12.515972701541315,12.542065658638242,12.54118176497739,12.54364375144615,12.55288652803248,12.488853334532267,12.472936,12.50871179121048,12.515972701541315
410,12.63067208589505,12.640043675017699,12.63966774680939,12.646416634681943,12.669362121386538,12.650927041303902,12.641406,12.658264093471148,12.671273358264033,12.62990001091052,12.636683231309032,12.635281232195025,12.665691554707657,12.66467804303135,12.6701765,12.675922562847942,12.671273358264033
411,11.517347175111297,11.517031551456972,11.517465470998795,11.504268916637438,11.48899003212081,11.523457537956764,11.470991,11.53371256716124,11.479877910284644,11.519059940459355,11.518608744036504,11.520168931565127,11.4772223459244,11.454855140398578,11.486134,11.456966396054057,11.479877910284644
412,11.814798649915204,11.802764135508053,11.802858292000753,11.81644931404691,11.856187218902274,11.870951480078373,11.846682,11.862300199952873,11.843932251479258,11.812783438417174,11.802391540915036,11.80261041241205,11.875424810283002,11.856793087248342,11.825103,11.889591962408415,11.843932251479258
413,12.465445115665515,12.446306799273714,12.445768082072684,12.467921517666118,12.43725411852448,12.457412659119516,12.439868,12.392434901763036,12.399454595974998,12.464291494768261,12.445195418397569,12.446548902315273,12.445925290202661,12.428117401781748,12.443363,12.451195924545791,12.399454595974998
414,11.52098149144205,11.519858354237437,11.522254704494175,11.516187514122041,11.53395369091638,11.526124873621237,11.560236,11.5496319621908,11.564266745227924,11.517649426281443,11.516975988423612,11.518965081136738,11.558560324826134,11.555071664082618,11.562724,11.536342195619218,11.564266745227924
415,12.393936510491024,12.393026495620495,12.392256722778852,12.389318877537761,12.379096922935943,12.3856796214419,12.381636,12.384830092096777,12.384758939174663,12.395919384421072,12.391270438500012,12.393412092116884,12.379375857396523,12.399349244904393,12.370606,12.375009320192213,12.384758939174663
416,12.192433566844667,12.18477000301877,12.185573565173561,12.177558234646643,12.153044499787574,12.154371048599966,12.185061,12.12745061238403,12.189647503503231,12.190296962273614,12.184082520993508,12.1845874112107,12.15530148562969,12.139840246087859,12.177474,12.190755642426595,12.189647503503231
417,11.971636847572883,11.96617354371045,11.966106093949966,11.971712499127298,11.993160495947842,11.968559066408416,11.95929,11.973963410814772,11.950743611404697,11.971567914175385,11.966410357232288,11.966413725353203,11.997987835230115,11.97393511905064,11.977486,11.972713133075054,11.950743611404697
418,12.376487649066721,12.397065707290631,12.394655718831867,12.372233424842047,12.393662346558784,12.378851896794162,12.401124,12.417735459283874,12.389343456372272,12.39082029549538,12.392216533678049,12.397716723327587,12.38651810657055,12.379281353678898,12.428129,12.386280971280003,12.389343456372272
419,11.597627586855738,11.586053805800866,11.58683417406413,11.588700825389154,11.574003891467898,11.649010816541741,11.63634,11.605255548123981,11.633168068793887,11.587009714838953,11.593256206641751,11.59173664710397,11.589855551260039,11.602967683279616,11.6256485,11.638341049663852,11.633168068793887
420,11.828466945675364,11.834082652690554,11.832983229497254,11.834408000775582,11.870855300850513,11.823504459672225,11.830382,11.794937527773302,11.818394669579355,11.828127648204191,11.831696135064837,11.834494447357773,11.831444286173836,11.824056981032289,11.800847,11.81365561777664,11.818394669579355
421,12.117203224304225,12.159142741169369,12.161692900948209,12.138898964737079,12.175976573626402,12.201393488181596,12.177104,12.175658831561874,12.234964830936152,12.118531863530958,12.175140785385256,12.178097387454399,12.157491739091064,12.148939633230604,12.209983,12.245334302488342,12.234964830936152
422,12.335187240173287,12.326474334727596,12.327269073641062,12.307462992121337,12.289142490319144,12.252519038731307,12.281616,12.269698542873996,12.253467863761914,12.329046732524965,12.328952491016278,12.326141521214218,12.294757194148337,12.25185424028195,12.275066,12.293766628471333,12.253467863761914
423,11.608634442175726,11.589066095181979,11.591240417874268,11.59627310643624,11.558612048161633,11.646403337213867,11.579688,11.572086966680589,11.53055821336946,11.604639989820544,11.586302144720321,11.58792222064225,11.628553676492066,11.60308917362475,11.537522,11.561987396577575,11.53055821336946
424,12.630250452103516,12.630936364497355,12.630270687741575,12.635843084521124,12.669408240392638,12.677373184324193,12.678969,12.68889744517213,12.719927704551344,12.631600207718481,12.631776821936647,12.631324091139298,12.66173436335505,12.637797328676564,12.700663,12.68149621281539,12.719927704551344
425,11.878361086807503,11.87261190333171,11.872172668882532,11.871408821040925,11.856154875308818,11.856797876898705,11.8884115,11.877456536564207,11.871994342381258,11.87795925382305,11.871118131211157,11.872901284928878,11.880247221387137,11.86491694285668,11.884125,11.884146124628801,11.871994342381258
426,11.848722289831793,11.853152360013542,11.854237307483109,11.860302149869675,11.86538211672797,11.847195937106271,11.819545,11.84487417352366,11.832737970707814,11.84768315437483,11.851454418935408,11.852624834724406,11.843313744337506,11.855365569773406,11.790898,11.830098740097302,11.832737970707814
427,12.404028977835791,12.435262168760673,12.436571370805133,12.389860559687733,12.356824278619,12.4009685239799,12.348505,12.367858974612918,12.356705848142614,12.399000470963648,12.433579370397634,12.434527641504653,12.399990803427729,12.343706034891271,12.356221,12.340497579057269,12.356705848142614
428,11.632395154175894,11.617301493766586,11.616394907255769,11.652455290736581,11.669424304488704,11.637220819792942,11.654091,11.65565623551983,11.660344249035006,11.63332147685913,11.618233587784681,11.617627070601664,11.663361883807061,11.64598422129231,11.645249,11.652383337658028,11.660344249035006
429,12.19482461449827,12.201240732359114,12.201377171128486,12.190996860268214,12.174490629464332,12.183493288495407,12.219236,12.17758716111029,12.21727741034072,12.194566300813865,12.201098691364445,12.20112775540129,12.18132605201406,12.194047405155745,12.200427,12.206958443290134,12.21727741034072
430,12.162557245209777,12.156351829239792,12.155788168677834,12.155340664900626,12.17957001073765,12.080963747457808,12.064202,12.07760279545215,12.088575733478347,12.162580011660408,12.157286646847611,12.156823926739085,12.151738169360923,12.093719001071708,12.080735,12.062724706506838,12.088575733478347
431,11.431591650414884,11.442645913364531,11.442313000624875,11.4375422089437,11.482069150398436,11.468162177889106,11.475039,11.509133517322327,11.48191252901699,11.43136560633441,11.443609761689098,11.443403772667276,11.472192154637117,11.471400514888135,11.499472,11.460193641069523,11.48191252901699
432,11.550340286214128,11.554185364117288,11.550810320022412,11.540447244349638,11.517051862923031,11.619222049412853,11.630501,11.631750332234983,11.591960398503831,11.55058526435864,11.547841409624578,11.555163523573302,11.572012145545147,11.634910651801139,11.64215,11.609049535640475,11.591960398503831
433,11.670228896431022,11.652938817476894,11.653568287742461,11.675546608911842,11.660724067347454,11.752495990604098,11.773341,11.786869843909498,11.74170700314725,11.6707210175737,11.652174135209744,11.652757232366858,11.685249155340165,11.764854091130317,11.792084,11.75777788178002,11.74170700314725
434,12.088750487078697,12.086185824552102,12.086348082572023,12.085785025676334,12.086806189975732,12.085824102638668,12.0951,12.0830843716775,12.09068594482776,12.087496650405184,12.08580996565491,12.086070243497335,12.08979099857176,12.076991859302822,12.097812,12.100378576685037,12.09068594482776
435,11.363436515681041,11.365050467303647,11.365641102181444,11.353134273294053,11.365779468290526,11.326480173433678,11.36395,11.356466633337613,11.31345438777041,11.36519429602964,11.365951237952835,11.364952568019344,11.382613152542845,11.326748557828967,11.345238,11.341188980474584,11.31345438777041
436,12.36578531266213,12.31718628524557,12.316560222324805,12.35076185007445,12.321287378926776,12.25812523257278,12.269492,12.255912388092936,12.29363789803639,12.364718738517222,12.312933723487642,12.315180701713354,12.30021079729417,12.28116328455213,12.272074,12.294829643944189,12.29363789803639
437,11.620201709743002,11.60406141060962,11.603779865007626,11.618931111555991,11.593067148447021,11.571344992702377,11.57155,11.578395698709276,11.545021468352624,11.617322439995668,11.60278665901756,11.604505954809422,11.598359023507626,11.569029272062778,11.559662,11.565906607839887,11.545021468352624
438,11.687900479134862,11.681536696289378,11.681553079273984,11.695419461825388,11.668324555566464,11.697596924436887,11.653789,11.644650811283302,11.672607393517628,11.695150506363023,11.680921291717572,11.681116371003034,11.655043890646931,11.661034057939126,11.638446,11.665854037164312,11.672607393517628
439,11.51508011655425,11.531879927861194,11.529428519585815,11.530566587476532,11.527056242308042,11.584334373105712,11.530549,11.505285322662903,11.560838215192971,11.512340345983544,11.523270311687876,11.513857195568903,11.48742928300734,11.524714003313695,11.517134,11.499631112299118,11.560838215192971
440,11.89118059107212,11.883718904439814,11.884209207651937,11.888350547996232,11.878808744649014,11.82115176054452,11.827517,11.803963808450211,11.78800864525263,11.89021641186057,11.88383144802265,11.882330046724677,11.881427630559322,11.799606621754199,11.786595,11.831841859519232,11.78800864525263
441,13.086682836620463,13.083643398258536,13.08304877028118,13.107934523852801,13.102624033450681,13.071509505450909,13.129608,13.116039931821529,13.039382909472279,13.091611091867263,13.083411518713785,13.083779875497946,13.037884016673477,13.079247884826993,13.095072,13.124155031792693,13.039382909472279
442,11.594458425314876,11.582743894472559,11.584201280131403,11.585998862259101,11.595833230976414,11.67240795914886,11.643062,11.658083244134998,11.617682535669001,11.586931793594811,11.588496612741919,11.587654761171521,11.590915863294763,11.684342414875902,11.654204,11.6677701747673,11.617682535669001
443,11.936966031787774,11.929262307806715,11.92758347705709,11.934537347095805,11.909679686385456,11.929687318048545,11.896422,11.925642632690955,11.879681725811832,11.943096243290942,11.925733912166848,11.929910074069412,11.897908952207871,11.954473747593214,11.903052,11.91078462165837,11.879681725811832
444,12.173759222839026,12.155339830106723,12.155395988936068,12.159812427461816,12.143656810077015,12.11395987591711,12.104292,12.109924615196782,12.10829418801325,12.173704130972117,12.15628484923195,12.15539170322917,12.200980009489063,12.115989531622663,12.084857,12.114913654584141,12.10829418801325
445,12.27830319537617,12.283863873081359,12.28476935752915,12.274537772651943,12.261319423336102,12.269601950066765,12.280105,12.304434117674626,12.277680133293066,12.274952407643266,12.285557655597756,12.283600108799929,12.274414638534177,12.252316693011258,12.290367,12.269926968484043,12.277680133293066
446,11.908252002928712,11.916724204830667,11.91761113675844,11.90031415732128,11.885453240456382,11.904978508664133,11.888915,11.921916101986934,11.932815652137355,11.90471030650916,11.918882557136559,11.916316666732598,11.895246383139042,11.889210243114677,11.888613,11.880616965581842,11.932815652137355
447,12.23671078596287,12.22598699881976,12.226264569438376,12.236533685778783,12.179626284718845,12.31652976464475,12.253929,12.273205859936393,12.329957862519876,12.235959338563971,12.227073610722613,12.225725919407726,12.213667729015569,12.26439319953804,12.270282,12.273080996389725,12.329957862519876
448,12.241884715549489,12.253613047497726,12.25482081605097,12.23330540060725,12.215334839423258,12.225364537512922,12.230066,12.235983728493121,12.223437222348917,12.242675667016831,12.259374635438018,12.260582732643693,12.19165678543309,12.237573827058878,12.228033,12.24221189024735,12.223437222348917
449,11.734093730299305,11.745792894978123,11.745869159624956,11.737057281076718,11.764710704559494,11.779371650233994,11.777871,11.790157752610202,11.749718953207823,11.735694977586265,11.745692011331627,11.745816449666181,11.750830058209402,11.76780057019227,11.768236,11.761511164311848,11.749718953207823
450,11.599667314561314,11.605082124822308,11.602901147838073,11.618970349924664,11.657270018427367,11.624889923500303,11.668207,11.647999598514236,11.60630590328938,11.610174775046742,11.600625228425718,11.605693730556192,11.670698430313063,11.661109006399169,11.675394,11.673993454155143,11.60630590328938
451,11.610453434484596,11.617947665549654,11.618122682547755,11.592992770018553,11.555457957262552,11.559105105982104,11.560666,11.501068383119296,11.554928148170754,11.605733993889254,11.618532323388251,11.617801713666204,11.59757568694723,11.5769570981591,11.575865,11.558467588184586,11.554928148170754
452,12.397845011738175,12.38979451100996,12.389930836522076,12.390020057075875,12.436275730685356,12.33899173502163,12.333728,12.299153539890426,12.344051201974084,12.400008234423975,12.390175444268161,12.389770048715546,12.43541333701942,12.294365891061956,12.308672,12.349493960186223,12.344051201974084
453,12.228309430203685,12.226348366117392,12.225917747975547,12.230592039280914,12.246075930331514,12.202012321099003,12.204609,12.191938651281365,12.209352386980916,12.226721914811753,12.223173783325207,12.223816010466733,12.218335879677236,12.200917518867294,12.200735,12.194382121971456,12.209352386980916
454,12.207059134875811,12.217520628030467,12.217492904061485,12.204510642522953,12.234174309647832,12.301262926031367,12.304027,12.322079658505801,12.300958995489136,12.207718310017906,12.217521333486184,12.217600372168983,12.215021951861443,12.315227380603865,12.31438,12.320068724667518,12.300958995489136
455,11.975921795081641,11.959451231855,11.96432560594442,11.951928519340754,11.975134165679533,11.952021689245377,11.841778,11.84291642831093,11.896143378412225,11.959275146574592,11.968377528286592,11.957891217942906,11.958166233624622,11.939405981352802,11.81397,11.897791622559524,11.896143378412225
456,12.000788394955858,11.99251930388236,11.993465467741007,11.993136340893965,11.980464232889423,12.029033603152913,12.023503,12.030530782239888,12.008983733910886,11.994535082009959,11.996554548829348,11.995888956846338,12.003012388789715,12.023956176176604,12.03908,12.016447976546363,12.008983733910886
457,11.302122823328913,11.342520333083606,11.345707014447939,11.28221690925118,11.325292189678926,11.326261504296314,11.314129,11.321454422737006,11.383693572772216,11.28719969126592,11.35135402743182,11.34049240307227,11.360536738373407,11.308509140348983,11.286494,11.276142719809629,11.383693572772216
458,12.254096252889877,12.254252270064232,12.252287415871344,12.237308375446704,12.310578850479788,12.271766490853725,12.232062,12.184848531473216,12.203894561818533,12.261450603879203,12.250392855556408,12.254919915589552,12.290032911109993,12.288726375006481,12.194312,12.238361622836447,12.203894561818533
459,11.95781105232091,11.936733378961886,11.937783720190811,11.93456187710749,11.907579898783307,12.003672817379364,11.961736,11.96439001910938,11.949624220536732,11.959016702165032,11.939853435518172,11.946371821471693,11.96674899687919,11.972080519393936,11.954165,11.982602110472627,11.949624220536732
460,11.77521181327403,11.790946241084958,11.78997836142082,11.76922231998591,11.73998308495695,11.7116635469476,11.664338,11.717416920603858,11.668183628264378,11.777801797372128,11.785663959247655,11.786641816328405,11.789172359386471,11.747104035993374,11.6938,11.708178840950312,11.668183628264378
461,12.399629311034637,12.397233044152756,12.396048618683784,12.403292637714747,12.398121654369643,12.403014089889748,12.451866,12.445287706717023,12.442208533274384,12.403748501406698,12.39399019942953,12.39795315101296,12.413925701307711,12.409368131239264,12.46671,12.452687019472913,12.442208533274384
462,12.087046768523251,12.05568574825154,12.056025057457564,12.042890434926584,11.976323474851629,11.93664441362064,11.964994,11.981600134310966,11.963472261467524,12.086988808751704,12.053995292748679,12.059602294915086,12.022240727067235,11.982148776762696,11.985343,11.965600409537867,11.963472261467524
463,11.718209899934346,11.702854134797674,11.701366891400257,11.73990474184987,11.734722510893242,11.722338218524863,11.725524,11.749826681960373,11.733788053881868,11.71658066351156,11.692795722400714,11.69030955141541,11.728599998715726,11.758013200736453,11.737068,11.730411593948864,11.733788053881868
464,12.119315774290405,12.092010959951983,12.088973037278743,12.135631564240603,12.173055892506213,12.154727103619564,12.172275,12.134376963775045,12.173070245329521,12.13525450435698,12.075810219937056,12.078251293161578,12.140628428847632,12.16224152803721,12.188853,12.155686132327517,12.173070245329521
465,11.639788898432093,11.631859354475989,11.63198538038026,11.64987506429709,11.679958346880603,11.700849500122946,11.659353,11.694149221983192,11.628838373115341,11.640761742685456,11.631552897382448,11.63159729529957,11.679094003660408,11.682938555622563,11.678911,11.644565542806028,11.628838373115341
466,12.079349330312231,12.063637174146404,12.064499938305431,12.066199162142338,12.041622104659169,12.086818918225125,12.097183,12.092084954811474,12.053102736999485,12.07478917741037,12.064463443339115,12.063505250809639,12.051789148524186,12.085787173829074,12.101382,12.073795971793583,12.053102736999485
467,12.061667261925026,12.081782259445397,12.08267272714491,12.041666293144443,12.08557501728686,12.025547723532641,11.95249,11.94128259231493,12.057123582738871,12.059821027002005,12.086633178086505,12.085910444871738,12.058663753444469,12.025850797682073,11.924008,11.975085066266836,12.057123582738871
468,12.006105961127496,11.999689146681796,11.999518063634074,11.997426931252953,11.977219504000658,11.969922919880288,11.917794,11.930197958070428,11.912498232294947,12.00625265918855,11.99922171833262,11.99972165691264,11.99537224613384,11.969665199349395,11.933163,11.937020943257492,11.912498232294947
469,12.453428295011749,12.457522635561835,12.456888591823612,12.435692153036564,12.41284484696824,12.419832960446678,12.392729,12.402503955724674,12.377709778197794,12.457149781220592,12.456071993197517,12.457776582374157,12.441760853002785,12.406018831919125,12.405471,12.401760625062789,12.377709778197794
470,12.085787727166585,12.089056818292892,12.090663979507973,12.0789256014415,12.088311467609243,12.092084518447958,12.098781,12.103429027085234,12.122568860772832,12.08000501197603,12.099471725486152,12.09841875925349,12.06744511335039,12.091884065923045,12.100437,12.107354304701518,12.122568860772832
471,12.422287779060223,12.438930746482049,12.437719087386387,12.423534273470182,12.426640988373522,12.341749261937004,12.369543,12.366496462061912,12.411398269574095,12.432539472711833,12.437093298058734,12.439187566186202,12.415042474226615,12.31475661872094,12.379203,12.36992366129439,12.411398269574095
472,12.148419520780731,12.15364066126996,12.152437607998195,12.139679884409961,12.170224059695988,12.155526879471026,12.126797,12.14673867368357,12.141742441095584,12.14973006694839,12.14418618714535,12.147792691403527,12.1738427686996,12.154019543957409,12.110313,12.137384725467056,12.141742441095584
473,11.781218190453872,11.784700218609942,11.78626891352178,11.779941196824632,11.825227715642752,11.810668854664778,11.8092,11.862306271301645,11.860132889040306,11.776517686558345,11.792873373710805,11.79153444440906,11.777573247683998,11.842012261901864,11.84813,11.82006750753317,11.860132889040306
474,12.773017155729036,12.777134835297753,12.77679859935416,12.784724025893132,12.798207094828564,12.816197600211135,12.822341,12.830015408464503,12.794702411232818,12.777136179087732,12.776449100572915,12.777132783074835,12.792473038260601,12.814336787829863,12.832108,12.790551007860042,12.794702411232818
475,12.398989316892546,12.404291446435215,12.40216657397233,12.405401951932067,12.46177804862461,12.4181200857424,12.451132,12.456697313165291,12.426896864262137,12.407967765584623,12.390480590855601,12.39303316002391,12.398611436755596,12.450295291703465,12.442062,12.437519998335224,12.426896864262137
476,11.83835446752459,11.820104608274994,11.81893077583415,11.838982315545536,11.861360128851445,11.83762702027749,11.839035,11.863782429082006,11.852099081768879,11.842057855107031,11.817680934233193,11.820610334744055,11.867688991450095,11.828523971058,11.847733,11.852816745106491,11.852099081768879
477,12.27717467914201,12.27487354492729,12.274568568267451,12.279123697307151,12.28961571025772,12.255387520413255,12.237894,12.239360172750324,12.260366785909547,12.277329486928183,12.274361526813774,12.274860463129308,12.284073000887188,12.263352138024562,12.260678,12.268524578916976,12.260366785909547
478,12.863264940382305,12.855198349327717,12.85481021978434,12.887300026261103,12.910341539371965,12.92691244297974,12.971504,13.011987454505809,12.974784776719744,12.862980843125401,12.853750238555468,12.853010191932713,12.872932772470719,12.905897848429964,12.944647,12.904122804775934,12.974784776719744
479,12.55202139758267,12.54611768080765,12.546668975703914,12.569310847619711,12.585030959481278,12.642105348039843,12.659292,12.659492177614462,12.62472161303052,12.550624033555035,12.545524725211699,12.545904295615646,12.569468480869231,12.652901933242507,12.656934,12.650258540846702,12.62472161303052
480,11.681921447732647,11.642943373589654,11.64025797525037,11.668161242352872,11.711267994200547,11.689127737879815,11.724161,11.693863406861169,11.67941889426629,11.685589808269555,11.646606990262741,11.644543409654613,11.78514686264606,11.68676658050341,11.690358,11.675339544829466,11.67941889426629
481,12.723999319377212,12.736562293254366,12.73708094798393,12.725437213079415,12.72211180979388,12.793475541431768,12.77322,12.779988973970127,12.790187360790435,12.724388763499805,12.737692571441398,12.736228576294886,12.704862405551435,12.792601140189152,12.76896,12.783598986251702,12.790187360790435
482,12.751342458645228,12.750002475860395,12.749461171150603,12.776375145050153,12.805334256644706,12.771874355141199,12.758822,12.748072216392833,12.767218293502596,12.750341982017064,12.747627925472344,12.745395061700691,12.76872009452034,12.778438583803439,12.752787,12.734117849640558,12.767218293502596
483,12.05613365003722,12.020582301999436,12.020552135916734,12.05054839734813,12.028208977164665,12.10064095023239,12.073083,12.04814508560597,12.115771901253854,12.057998345043435,12.016719522960829,12.021689671300594,11.984456352453009,12.128246536892211,12.09641,12.102861477205517,12.115771901253854
484,11.93314164785465,11.935118282566751,11.937169502894129,11.92777376210083,11.912269409567767,11.950802420157117,11.943055,11.945641087747438,11.945777547316322,11.92598630842767,11.938808964479913,11.934962749072781,11.916058458168626,11.945540618307929,11.935894,11.962252147176793,11.945777547316322
485,11.819330958402444,11.816136869981674,11.815712980954496,11.823886588624955,11.82634685578496,11.815947205859135,11.82468,11.814791048043073,11.81965956907058,11.821777667018354,11.812931701362784,11.813505017256258,11.826254997201174,11.830250336828735,11.810007,11.816713997069195,11.81965956907058
486,11.900457217607567,11.89541850439558,11.895316635336647,11.92106299982009,11.927071390901023,11.923689619757878,11.8874655,11.867858305319757,11.882718079807878,11.90071206018859,11.89466480516033,11.895602590274086,11.911515239019451,11.912027740195247,11.865683,11.88418789721942,11.882718079807878
487,11.919940756918876,11.904179499997317,11.903214017998101,11.910696052228523,11.909617394372933,11.889597672394773,11.876306,11.861409610038697,11.881222897266378,11.91968368439983,11.899076700139151,11.898403547679106,11.913062291506211,11.88010746008962,11.87633,11.872024510939584,11.881222897266378
488,12.107869283853564,12.106467155517917,12.106684491611528,12.097329669715116,12.102811021250753,12.083075204977428,12.075321,12.067936843545047,12.108431882650097,12.107364536968532,12.106505683698094,12.106539112603917,12.081904285848315,12.130097338503099,12.102238,12.088780570673796,12.108431882650097
489,11.816568622578936,11.843772242546764,11.84094707937299,11.809706330070089,11.773456447266584,11.65438805147315,11.672192,11.645769814577227,11.656615434668751,11.811758237995914,11.830540054107503,11.832729707826907,11.813516777880066,11.590454764802422,11.668306,11.629205982251564,11.656615434668751
490,11.442253922895455,11.475506588615218,11.476967125859058,11.447851970018363,11.455979395348574,11.51282637897089,11.5257635,11.54193184700421,11.512583630719705,11.438049406363671,11.477622662134921,11.4738770257419,11.438210338887101,11.531386407539827,11.568169,11.503592399121544,11.512583630719705
491,11.6872735889378,11.691295085361729,11.691810067995775,11.660625621336047,11.581336650690567,11.671733322902012,11.633122,11.638635599431613,11.62838783231042,11.683880681163991,11.6911238295422,11.691197720125011,11.617227169032097,11.665086998182058,11.66108,11.636377978359866,11.62838783231042
492,11.837267226685388,11.838157235841766,11.840606847889179,11.844494440718327,11.892887356877523,11.915499857961446,11.908402,11.895594276076233,11.878778246815164,11.828061605467472,11.842426900479476,11.837448333904112,11.82464271845385,11.958942591065398,11.903393,11.932881861957323,11.878778246815164
493,12.10814407587717,12.106096970838987,12.1056345062083,12.08670231433984,12.085704979411096,12.03933194526941,12.044466,12.014257101151586,12.007037969077675,12.108325131886033,12.102449435446367,12.103147147598632,12.085634262398086,12.037682118245131,12.029242,12.048772609619027,12.007037969077675
494,11.929055708290123,11.92020706197073,11.91672695489174,11.952497490693315,11.966120021708454,11.926924635074714,11.912751,11.889122964804427,11.905319125315664,11.926177453660106,11.902371895115147,11.896053353058399,11.95031336228541,11.934360014881005,11.913908,11.93868756158357,11.905319125315664
495,11.40053889651387,11.432781848429288,11.433958897732936,11.438001145469999,11.465416896327351,11.45813661863105,11.464663,11.487567931018976,11.452460270789073,11.40084129123136,11.431421340373104,11.432180219232432,11.419591841320676,11.489313952743473,11.446301,11.447029630539559,11.452460270789073
496,11.049943748923525,10.942129627048553,10.951972228456873,11.02592167050147,11.094889795034405,11.16667148837631,11.010934,11.226683258122618,11.21226035596594,11.023352710705636,10.954318522801755,10.941617253309229,11.139542026207794,11.190465767118354,11.117004,11.205706994346144,11.21226035596594
497,12.946010885275609,12.95566339658863,12.956136013834946,12.946262228846994,12.916983429852175,12.858756280294024,12.816322,12.745189264285987,12.861768961940834,12.950195101599764,12.956807111914628,12.955319389641247,12.912329094351415,12.796898930890597,12.821135,12.835694558110198,12.861768961940834
498,12.032800816626883,12.032149329559624,12.031560862035397,12.013215076324089,12.017214192754182,12.054959501253315,12.063604,12.082667154132679,12.081960930725074,12.03097116464521,12.025462954856465,12.022625150871848,12.019436176857077,12.04455171611268,12.0907,12.054300822887665,12.081960930725074
499,11.786793671134138,11.786344065222782,11.786282564541263,11.786841240150013,11.801002052673555,11.797249326866478,11.781951,11.78582908418155,11.798710411320341,11.788942548627352,11.78601456861969,11.786367309112425,11.820579670892235,11.80160422609046,11.786267,11.773991677537758,11.798710411320341
500,11.677970928481592,11.688525456905955,11.687599245894592,11.732257618995094,11.800183085186953,11.793927257604265,11.811413,11.79918596192592,11.795175336889216,11.683425683703373,11.687469163855887,11.688690234026607,11.748759946717554,11.80249315131664,11.805925,11.797398310934678,11.795175336889216
501,11.604772045252442,11.59961639083711,11.599960509783424,11.614658035513184,11.614965141630536,11.631670299474168,11.628429,11.592685684614773,11.623086866481481,11.610398450746377,11.59936514746283,11.600130342317103,11.62075618891196,11.606749733812604,11.612577,11.647339177657788,11.623086866481481
502,12.256642116759275,12.256301953597646,12.255318405017833,12.25925397243505,12.279700171476597,12.265735118965496,12.277442,12.29821155068808,12.282567638606805,12.262020409288214,12.254021971333591,12.25682677835084,12.26761190426934,12.290283680215028,12.285633,12.26549480712562,12.282567638606805
503,11.90701280451601,11.896401485786747,11.894510629159349,11.863708072583197,11.828853398642345,11.825482943636167,11.839577,11.874375625217256,11.826914078412209,11.909254147137531,11.884878765290088,11.88602896826126,11.895762903314045,11.83454265657054,11.852518,11.845933666319047,11.826914078412209
504,12.596855667240481,12.622374428245426,12.617498390042554,12.588301528339949,12.600928370277773,12.522998645168416,12.537294,12.505856419914508,12.547307700348913,12.591575240241657,12.60003062110195,12.588570389404708,12.630873189450895,12.555063204112676,12.488529,12.509332265677008,12.547307700348913
505,11.775711197164346,11.77011421587266,11.76968777301751,11.77410934583377,11.778128218660685,11.888215958194333,11.86934,11.893431220876032,11.877243892256066,11.773653916206822,11.770725790191861,11.770603384434972,11.784847869432184,11.866889658811951,11.861182,11.88621892324822,11.877243892256066
506,11.671733865739895,11.699299611019008,11.701256628893137,11.651035445315241,11.655089799106058,11.7036950616386,11.683161,11.701383581505198,11.69847472943929,11.66697343976329,11.705298509833126,11.697888070492613,11.678622322988504,11.679178870323064,11.695049,11.684296736811826,11.69847472943929
507,12.333621966695203,12.336536984810884,12.337279502072615,12.323879909910472,12.289950514998516,12.313704367769661,12.297526,12.294577597723034,12.287547038714592,12.333928165017266,12.340050487894356,12.34236223363882,12.298474207726873,12.275115502160801,12.298695,12.305847031939857,12.287547038714592
508,12.157265642219723,12.164758815705357,12.164504158863295,12.154592483202533,12.164206719056395,12.170156867394383,12.145603,12.155016065760337,12.124688364412386,12.160572932526183,12.164347230809284,12.164966194530791,12.168423818376436,12.192626213907468,12.165532,12.123216638524397,12.124688364412386
509,12.001379211723686,12.035184059966006,12.035813641603296,12.009378751444192,12.024788895096513,11.930864893288106,11.897094,11.913583444415615,11.931807467888833,11.99938884965215,12.03870453447853,12.037960346020622,12.039254847393947,11.924924042221244,11.900002,11.936776995154542,11.931807467888833
510,11.833415682342016,11.823279900819232,11.822183574386415,11.85265608693691,11.872300958005887,11.873146657823767,11.873514,11.888198702408832,11.88471565762302,11.836636206364014,11.816721396668012,11.817815832913741,11.846449383284655,11.881953650761774,11.887076,11.879917589760836,11.88471565762302
511,11.946503814817923,11.938842145367273,11.941743401778096,11.903772150988798,11.889840992093857,11.973352294091713,11.948194,11.975439744246257,11.995029154036272,11.933285166830228,11.956342513830709,11.953407630287584,11.918862253388392,12.011964905585904,11.990931,11.988072172452723,11.995029154036272
512,12.247390609935225,12.250764838647942,12.249444739052617,12.228011365787182,12.203357815818213,12.157880639523826,12.176562,12.192455162878872,12.185437397655724,12.249629203789333,12.24818226036056,12.251151848368737,12.213857496169501,12.181800909708516,12.1741295,12.179061087504945,12.185437397655724
513,11.599342480736363,11.598529830515918,11.598208789949712,11.630659115366656,11.641120548357659,11.746572433111181,11.719777,11.708683553256519,11.709914731844838,11.598846838697682,11.597732102234922,11.598727714546246,11.613111630066447,11.721303401872367,11.728682,11.710758870281134,11.709914731844838
514,11.898588412943242,11.892355494793552,11.892855240628037,11.90434507638823,11.874455294210978,11.845535859371406,11.864398,11.862736874035619,11.876615141160007,11.898827731206719,11.894304634678518,11.89481092280163,11.875840417161612,11.844413751423911,11.854074,11.874682895335097,11.876615141160007
515,11.390210418825362,11.427019073991062,11.429758364060763,11.360454558589035,11.40918878548063,11.520005097519418,11.506308,11.48993332685551,11.511746567623824,11.39093087184659,11.439765118394849,11.431888290313898,11.46102819853381,11.511668493381213,11.456343,11.509815532100589,11.511746567623824
516,12.879127699338536,12.892212817841425,12.891514095647786,12.883151118550888,12.89722505065574,13.015219243748886,12.979864,13.009898208666463,12.99895883191086,12.882625494190407,12.891832536352677,12.892441364212312,12.888494817837953,13.016598753117078,13.011489,12.985688144021942,12.99895883191086
517,12.021177514374433,12.02847782357795,12.029130628267788,12.040744215331738,12.067544156436806,12.046805751558331,12.016158,12.050902838272027,12.001934263991586,12.013833415962038,12.030884135625087,12.027731593252271,12.084812688829293,12.001048583364438,12.015739,12.045588825163614,12.001934263991586
518,12.454362339607828,12.463399755800934,12.462157021520477,12.458210410266915,12.511322043877591,12.505694971806282,12.496012,12.52964228541402,12.504432572611917,12.458180272929146,12.461621947927805,12.463630238715234,12.48313528372652,12.550696709995918,12.51189,12.516909759944738,12.504432572611917
519,12.210479881160419,12.200235340640756,12.199729236564355,12.215530677688351,12.23749495763411,12.1643302478533,12.168793,12.154521373022893,12.174329339008255,12.212374537905543,12.198673070907006,12.200585085420062,12.221202792429471,12.186258841984364,12.162077,12.137592020342165,12.174329339008255
520,12.41128174454377,12.425020280622533,12.425184121072597,12.41296579535404,12.388492302762888,12.434300604173245,12.45275,12.444832217877451,12.449240546610326,12.409821000767254,12.426899481184691,12.424744136169982,12.40523682673959,12.436649115168029,12.453355,12.402792231150507,12.449240546610326
521,11.404493229876719,11.396859882876349,11.396967093089195,11.427730183360845,11.59172809892828,11.486454060877527,11.398925,11.42863130981756,11.48632189977583,11.39830350490411,11.398923439222775,11.398711109357714,11.521661447338827,11.4366827960676,11.439125,11.410588881797771,11.48632189977583
522,11.958608572305756,11.945374789898617,11.94521277996255,11.958013095203281,11.952359513922346,11.950659319528308,11.940826,11.928683696586027,11.941299004824913,11.957217770421877,11.944008188753335,11.945795900422485,11.923803904514985,11.943398087558048,11.932918,11.956162311314747,11.941299004824913
523,12.007528699102258,11.999956553685255,11.998841425177881,12.002768948834927,11.995581930276018,11.944002727574114,11.924821,11.913776055883696,11.916161774588662,12.010047343007551,12.001696251375046,12.000648203797706,11.976758074893338,11.933570231293714,11.940924,11.932246818186531,11.916161774588662
525,12.585073208679688,12.580236751401818,12.578968294484657,12.592867477058578,12.615839908385928,12.573112075069071,12.558574,12.523524601797833,12.57909551265173,12.587922360571264,12.577566812572464,12.580702488879748,12.613444359080876,12.567358754917116,12.55771,12.547604899187158,12.57909551265173
526,12.16059350980948,12.149049789701847,12.147815883918593,12.148620101604962,12.155421169065924,12.126062548266018,12.097711,12.094273290582956,12.121593180675884,12.165662593667875,12.139500687831704,12.141263438889636,12.147235438405223,12.130210256961083,12.09328,12.117048320876949,12.121593180675884
527,11.798044494669286,11.793368348969999,11.79309451447027,11.808285988291306,11.83817097446994,11.806508083994933,11.814163,11.808560596475859,11.802300061778032,11.799974377758804,11.792585735995178,11.793526780020837,11.840069079366444,11.811605763670405,11.806646,11.795544169185598,11.802300061778032
528,12.984904116844874,13.00359085093195,13.002723284516222,13.020439684995354,13.026991081204532,13.051777804592126,12.957827,13.017029316645178,13.020969950785204,12.986889794163272,13.004136701325171,13.003680224694868,13.008049035438768,13.029474098574044,12.955998,12.964064867861438,13.020969950785204
529,11.33948425635227,11.362414465475887,11.362623130111125,11.3214723014905,11.315701160115738,11.273826921747744,11.274382,11.291808403334086,11.322354694328036,11.338924200434763,11.367141236367912,11.363727281851043,11.350298084150598,11.298952075092865,11.273342,11.252756483896798,11.322354694328036
530,12.383388105781155,12.393601116742204,12.393275573793503,12.354722500804142,12.420964357525584,12.440147248267852,12.479473,12.46476943252123,12.409497129114492,12.387386018128758,12.394383319245211,12.393983436591917,12.37972277993248,12.419178606400752,12.474576,12.433219626971862,12.409497129114492
531,12.145044386243043,12.149273594242427,12.150245623894477,12.130780250551737,12.141201656107196,12.154007094820216,12.111223,12.144103881335916,12.08630809190159,12.141982743755744,12.14834434450476,12.14902159276882,12.155389711619618,12.142797475744768,12.103403,12.143111470885158,12.08630809190159
532,11.82260228516714,11.81699687480278,11.817202634973388,11.809278755009656,11.791592006566713,11.80297451952158,11.81409,11.82655424511841,11.834889013045494,11.818723394224676,11.816893897204638,11.81695929464538,11.793048165824136,11.787254346076153,11.821171,11.773988374439785,11.834889013045494
533,11.44314881677562,11.412698551027024,11.411989067885377,11.416869278109838,11.402559893701603,11.49224987962195,11.418028,11.492398540199778,11.511695418210063,11.438109980568399,11.41063335789043,11.413298059944564,11.434995777926702,11.493629999829373,11.447815,11.450768530807004,11.511695418210063
534,10.669444925871439,10.7827284157041,10.777561263737162,10.763277710926548,10.865022909908534,10.940036615580373,10.979825,11.01511359362901,10.941242500802476,10.690206742088998,10.786346832592026,10.783087914287862,10.872483387189769,10.941512142465447,10.966788,10.945293262474529,10.941242500802476
535,12.162601119736204,12.166277336973177,12.168116570940414,12.15772858286594,12.14440599557498,12.17812485347265,12.188593,12.201887944736356,12.196209776686704,12.15604085776642,12.169711858606332,12.16555499578515,12.14251781570319,12.154587508423168,12.179928,12.19933624033119,12.196209776686704
536,11.772172054889356,11.770875713794444,11.77082151205075,11.748031045177456,11.677162046209784,11.78124511673276,11.805019,11.86043938569394,11.825077878048113,11.771571090535769,11.772702337744963,11.772812844821992,11.732451099925246,11.81070289928862,11.767577,11.817042242602737,11.825077878048113
537,12.212769001315431,12.221274648836474,12.220856809805039,12.203257464750202,12.192050286903662,12.206642892809851,12.219232,12.227935834741292,12.177071320528832,12.213829784103828,12.221550498610139,12.221336644438626,12.177146008265803,12.177592764043473,12.2304945,12.243068206459746,12.177071320528832
538,11.65220697932086,11.682179309670962,11.681910343435037,11.670032664669383,11.730220711523355,11.74109258989307,11.730503,11.703962853403782,11.688537256973136,11.656924610245232,11.68210295873782,11.681788278515027,11.692004416349409,11.746620893228663,11.73087,11.728450361706733,11.688537256973136
539,11.823819160066153,11.83050661281658,11.829870575878697,11.822273734303302,11.850190527242063,11.844295265921987,11.862251,11.849881157852872,11.858859795307984,11.825848342581153,11.829225110888192,11.830810873543442,11.864937486078444,11.865285131317336,11.848715,11.838162266164622,11.858859795307984
540,12.374331497335143,12.381470337829661,12.382510979084826,12.390796966131829,12.365609908389782,12.461263407222964,12.480048,12.517485680484782,12.474731679002145,12.373471549763387,12.380259152050709,12.381009969953466,12.382140420749904,12.483158112208733,12.466496,12.458213394926071,12.474731679002145
541,12.696364567280352,12.692907855894719,12.694244348016902,12.71355221687704,12.730010465039323,12.78501624292065,12.792724,12.778934921480623,12.80701474638009,12.690319905743785,12.695882754778705,12.692390734862402,12.703604151135284,12.778534310034123,12.782313,12.770704071833569,12.80701474638009
542,12.446854603427479,12.447811561953728,12.447264212413334,12.427833089527686,12.448639140021793,12.426064966525663,12.440571,12.433987562311835,12.412672718588317,12.448964264292492,12.441330427889689,12.442962112467697,12.429484881738217,12.450304077246184,12.437116,12.460007535913576,12.412672718588317
543,12.166152256506306,12.138506326943743,12.140535111269976,12.177865883965687,12.129755851341077,12.216064443405049,12.224375,12.277970136972101,12.287045547414253,12.155430824107867,12.14244445327504,12.137931673339594,12.173090514262796,12.233396453267758,12.227828,12.216194716570127,12.287045547414253
544,11.722522417760098,11.673690127315446,11.676802209591727,11.732809845713092,11.819127304673152,11.795763506774769,11.784262,11.78927826941294,11.837428914935844,11.726985700587543,11.687125061944851,11.70059555824767,11.746726994556049,11.821791110150743,11.848859,11.790289549421118,11.837428914935844
545,12.301390626605391,12.305373781463134,12.30606979746932,12.29637964664029,12.253499360083525,12.229390143055266,12.205723,12.178806652670799,12.180978721213748,12.300272154749695,12.304744898516102,12.305198888534859,12.28154020284616,12.191351606030706,12.178459,12.215007407290669,12.180978721213748
546,12.380659980663117,12.383459183225796,12.386031162108381,12.362043918226485,12.3264641510867,12.36507515179024,12.391546,12.372508548293471,12.33463191993122,12.381450346685869,12.398003217207112,12.400449269256477,12.361204224070807,12.356883740446579,12.392973,12.360839630913048,12.33463191993122
547,12.102879174366265,12.089801962187304,12.088571868830266,12.090680789417949,12.114839747387668,12.087523813466687,12.048065,12.046280905677666,12.055350875288882,12.114191850974779,12.086548646591913,12.090232338246174,12.113868734752273,12.056792767673752,12.060145,12.089014775997251,12.055350875288882
548,11.743539636646183,11.75001851133937,11.749847654062656,11.736301605832217,11.735025548118013,11.780123170790832,11.785117,11.789837637241046,11.784345074823069,11.742888750311444,11.750118722754044,11.749983228774347,11.724656297200907,11.789767031161787,11.802686,11.79253448531811,11.784345074823069
549,11.727364830767524,11.722147727097342,11.719985755000534,11.7050243412416,11.697774115592463,11.762821883945882,11.707884,11.747412270621991,11.722883578442897,11.73620562406301,11.718810078481521,11.722853389769702,11.711079249546708,11.731548476684063,11.688526,11.719796084458448,11.722883578442897
550,12.309265161248153,12.311890541006115,12.310948561022348,12.314512757412988,12.340169398907994,12.344194780236137,12.308368,12.307183367496524,12.35668410456141,12.30859707735859,12.307253118565614,12.30602238849053,12.325108652776027,12.343915753335853,12.325325,12.3126980589052,12.35668410456141
551,11.792987913561037,11.780478578761823,11.780678717262894,11.802705640600884,11.85048774250578,11.844359890403393,11.846322,11.82737164898141,11.801387925356199,11.79257122251873,11.781082314698967,11.782845051988582,11.851832547518658,11.795362460967377,11.828969,11.821694281027558,11.801387925356199
552,11.61948453508738,11.643978667530478,11.642036875375446,11.626803499456999,11.663203901566302,11.675474131129288,11.661934,11.663828289544758,11.658471425987901,11.624538045186428,11.633841543613242,11.63549811091762,11.68188792264455,11.653975382198725,11.643682,11.689872382382205,11.658471425987901
553,12.536590046137412,12.537355590689737,12.53679917115466,12.528981984319145,12.516686401961605,12.51380907291095,12.478006,12.50848340466991,12.462959188370442,12.535684785817823,12.533678173836966,12.531824768587692,12.527768266218931,12.474144258589474,12.496657,12.485350329253887,12.462959188370442
554,11.539919935115753,11.556353748042737,11.55603771266481,11.542518705680381,11.55612766486206,11.67022000927506,11.576949,11.554330269629814,11.648147453680956,11.539358504947213,11.552043128962607,11.55021754011274,11.537782637867355,11.65646241321744,11.555245,11.581094324354263,11.648147453680956
555,12.500580902690588,12.49561114256821,12.493880291098622,12.506207751028327,12.541283550532265,12.463351377286846,12.437827,12.431837899431383,12.461174961385463,12.505716573586653,12.4919465391289,12.496156701844956,12.541087820854475,12.460235022831412,12.437907,12.43568553832027,12.461174961385463
556,11.658881194057214,11.638075277683507,11.637235506764545,11.670715408714594,11.685183717674667,11.65902426219774,11.678263,11.70518842706353,11.680715525595335,11.661321702219544,11.638910389477315,11.63846024959672,11.649792938334658,11.673230367157434,11.6892605,11.679197807510722,11.680715525595335
557,11.856927043890911,11.849825983615451,11.849023842837465,11.857220936164323,11.892225845729884,11.905388544384872,11.923058,11.942517779475702,11.954106893468,11.857722484319867,11.847905486647587,11.85013233928528,11.869064049932181,11.926998934657117,11.946719,11.915990320390774,11.954106893468
558,11.556555374224402,11.365920615306027,11.380815874338227,11.51672144352721,11.560937617534028,11.45815970814437,11.376136,11.413802119078728,11.346102577593685,11.500744612095753,11.41405517498239,11.409213580297537,11.635608801388342,11.70403422919929,11.405599,11.63457551279499,11.346102577593685
559,12.207097867409106,12.222521825809693,12.223276840379715,12.19815708942355,12.207979734813641,12.172861548926145,12.195339,12.165167550595548,12.158181096881366,12.204186294149983,12.223941706644311,12.222192760348962,12.198630273692793,12.1835857335113,12.186858,12.195656579388904,12.158181096881366
560,12.146353866425253,12.142690626218071,12.14307541965461,12.141719119200145,12.130490520671943,12.12213186171884,12.166266,12.173373865662773,12.156721120676503,12.14485388556436,12.142483040434875,12.142720482875118,12.123818013104787,12.150741987654381,12.160608,12.158727052261693,12.156721120676503
561,12.01425190770722,11.989409296604299,11.989399348912425,12.012990052324158,12.05801319503156,12.031539625047285,12.015818,12.049466023757894,12.033617012175878,12.012653470847708,11.98858607645883,11.989763229799637,12.047168887567127,12.011787078411118,12.004809,12.01604331201408,12.033617012175878
562,12.007927648018823,12.019270475276448,12.020966361561383,12.018054267997776,12.029905296119978,12.003714324450653,11.974533,11.968987752466619,11.954429126575036,12.008075144057933,12.024770900094847,12.024292008039133,12.013401731017765,11.974549358693716,11.948621,11.984911028450853,11.954429126575036
563,11.696682943430357,11.693665794618589,11.694071139668253,11.689526848503371,11.690879601003704,11.674600471843279,11.698925,11.6665159313903,11.67280718627182,11.696597582697196,11.696822711078683,11.69707952753732,11.69918178235707,11.696126821429411,11.698833,11.685313833510724,11.67280718627182
564,12.04198375297135,12.04078192612974,12.041788691692469,12.045354286124393,12.031378760445271,12.080809066582718,12.062655,12.108784525456116,12.055443509507555,12.034900700865386,12.047974438015988,12.046796743317387,12.030129829680321,12.08322383544471,12.055495,12.065200115453669,12.055443509507555
565,12.50402948712601,12.500988916684033,12.499893987093563,12.485061221639278,12.49812038396875,12.434796309354459,12.463052,12.453539552263564,12.445559248774781,12.508533993242255,12.49276231891974,12.494316697713327,12.470756929092486,12.438628772698852,12.466409,12.435441264312932,12.445559248774781
566,11.738915553781256,11.687964156682373,11.68782845911266,11.728962561216207,11.695117690219107,11.734512657543927,11.785226,11.801028960874763,11.721548827255443,11.737381624552194,11.684625405027438,11.685268191860398,11.685022695596649,11.736582543275807,11.759027,11.746469852013375,11.721548827255443
567,12.639820419383716,12.662178100878775,12.659762764055777,12.658073851917429,12.711212636711036,12.629810884789984,12.669985,12.693587698261627,12.677225065315085,12.652690985121264,12.648975731731039,12.651178851538772,12.67846173159655,12.621873227554042,12.6856785,12.697230142830826,12.677225065315085
568,12.26821788616809,12.267484389198575,12.26619814233505,12.24869487366198,12.22981702182,12.20691757404818,12.20207,12.192828216223157,12.182697813002227,12.266674595985508,12.260162591523393,12.256456218861983,12.23984354816842,12.208108764488637,12.199287,12.197939192197428,12.182697813002227
569,12.579575099524801,12.618907973607433,12.621264962646386,12.572247125261008,12.570859372715924,12.546405796074927,12.533755,12.546483617932623,12.534794831799733,12.574694457002554,12.615395362699914,12.617228407088444,12.588588275699616,12.518601729643835,12.52074,12.514206862999526,12.534794831799733
570,11.852920374719382,11.84162164970689,11.840256749427157,11.84349885878374,11.847930662464318,11.859360249239314,11.874228,11.885458781686017,11.908784587885378,11.850469388174696,11.838384386923407,11.842181336523188,11.806012869888734,11.875722509049742,11.877825,11.89608704592122,11.908784587885378
571,11.948611632943587,11.967641671807707,11.968807558381211,11.926054132570831,11.894419881166556,11.828489444924545,11.8117485,11.771407130617474,11.813482309237118,11.946311128267741,11.969856635186838,11.96702101685183,11.901584056132544,11.784316131997157,11.80361,11.803649620501778,11.813482309237118
572,11.694331785479958,11.696289347006452,11.696843528850286,11.68380306186035,11.689744002754525,11.718789058677007,11.742472,11.7288093383572,11.701503459467016,11.694777519667172,11.700833088984218,11.701300411486399,11.687239533422975,11.717101377056075,11.7249975,11.720614950780622,11.701503459467016
573,12.319868717111575,12.309851568848694,12.30853307152585,12.312358973310904,12.314839899362415,12.31327707386976,12.351707,12.3108652981761,12.325811040271274,12.320959490609654,12.311215103828953,12.310404276521988,12.284880739265132,12.321442169728295,12.334483,12.346635526598323,12.325811040271274
574,12.031036019113124,12.043423945174156,12.043564349541214,12.018529982948413,11.994735888866435,12.027968292338258,12.012492,12.029366004172505,11.996063956418203,12.031039014022161,12.043161792247808,12.043285814774157,12.000859193596838,12.03218526918058,12.035711,12.017998573735673,11.996063956418203
575,11.755837693374565,11.781348359960555,11.781999462142474,11.745215134764457,11.757485780282721,11.64556476229387,11.646671,11.644436155141694,11.705572992304754,11.755403295779926,11.784413455987796,11.781448598483918,11.764683383081618,11.666229795298147,11.648569,11.653994589662098,11.705572992304754
576,11.608775032934549,11.621118821515452,11.62034934237757,11.595976186095767,11.578080737066019,11.630530891152668,11.663973,11.66745463614124,11.61480226355236,11.609365773308792,11.619839631824728,11.620885256943136,11.615009270978414,11.617289871691142,11.650498,11.599406854505693,11.61480226355236
577,11.878904070320438,11.878391047741193,11.879722775793825,11.871405789987959,11.898671648932105,11.91398822425648,11.911945,11.967283277256358,11.922585777114659,11.876825412223727,11.876802585756373,11.877733168934133,11.841673772799902,11.880731985664344,11.917101,11.914667262300116,11.922585777114659
578,11.967953994387823,11.957307438444106,11.957005063532307,11.971879237365764,12.052730097649155,11.98445123221923,11.945708,11.92851773648516,11.959086105291254,11.968302192760785,11.957926372760479,11.957590982110526,12.031330892954164,11.994254372940592,11.954295,11.94245774659385,11.959086105291254
579,11.927044083627198,11.942467648026605,11.940987405868057,11.917869468063271,11.960655452110824,11.952277590077685,11.932232,11.93006651486557,11.933995278498024,11.929339565013168,11.937400500950984,11.938020175891289,11.962345145140764,11.977976074323742,11.918711,11.947550959557859,11.933995278498024
580,11.780037334838244,11.778224333330307,11.777709318752374,11.779024280186087,11.775611155840112,11.746895079297316,11.78746,11.783443393365637,11.767172855386411,11.780470643759365,11.779602146896194,11.779518606635735,11.814542540836147,11.759333303077652,11.817569,11.773031553186758,11.767172855386411
581,12.11520334994674,12.120288592717898,12.120274942384224,12.118092379565631,12.13430873531619,12.07880126966216,12.111068,12.119172522155926,12.091146126175765,12.116500642741771,12.11972233280541,12.120457533335232,12.122523556713375,12.07303709050002,12.090299,12.09948980062986,12.091146126175765
582,12.74299257764448,12.751882502664136,12.751310260474378,12.752171111720301,12.787662880791615,12.819763878677806,12.715133,12.706229120987528,12.742307033747112,12.746813472018045,12.75160447690372,12.751952623302314,12.748811449594646,12.822400153549856,12.720892,12.734511751725107,12.742307033747112
583,11.630329052735345,11.631902098097914,11.632302265719952,11.629914116263524,11.60860981042256,11.703736826879306,11.675442,11.681799450113324,11.694010438049641,11.629682592234886,11.631828606192846,11.632015616357476,11.630436323204632,11.703991275452116,11.703644,11.705309386511807,11.694010438049641
584,12.574705451449633,12.570612535231934,12.5758765115961,12.525779669968038,12.530459496975617,12.650841426223108,12.707533,12.744149971607262,12.683360037114161,12.58025109623944,12.597332661495365,12.613998044731833,12.495359750108488,12.685010671891778,12.73561,12.744504839145629,12.683360037114161
585,11.780920462228396,11.797957716469702,11.796365538321004,11.820684548151435,11.816829424325045,11.781114653168657,11.761982,11.761955761500225,11.737137268812553,11.77859718862345,11.791040441553347,11.785914349609461,11.807083932548252,11.758427915957103,11.769114,11.782250279864574,11.737137268812553
586,12.732431367163054,12.734504183425535,12.734539258240689,12.756817442074489,12.777036370123492,12.865311478443553,12.839658,12.846482524611892,12.836129857487396,12.7319150465654,12.734567872544508,12.734626773429472,12.729788234719711,12.884887976185269,12.845909,12.823605625934416,12.836129857487396
587,11.700719376816625,11.700859207518858,11.698999942982862,11.67772980205897,11.730182805860448,11.695693277540771,11.6791725,11.70746025400021,11.746722813348354,11.703201892497958,11.701814099312198,11.70116935282796,11.743635126699607,11.694793911911598,11.685681,11.709947977507856,11.746722813348354
588,11.783626162814928,11.791320624133855,11.791094672257323,11.78477643696462,11.806205428342551,11.802706494290168,11.767116,11.79456761636275,11.786043343161925,11.783965107568115,11.789932262750604,11.790109004280717,11.814983391686466,11.779930635818337,11.776847,11.781306267987066,11.786043343161925
589,12.489490106624162,12.499440008234833,12.49679379170054,12.478359272606255,12.48716922156394,12.353248338673692,12.298191,12.26109238033685,12.30844604747293,12.499604585148045,12.49421082328189,12.500791113432873,12.45963393356305,12.28973149759669,12.303562,12.279075616059515,12.30844604747293
590,11.486706290684733,11.497471120337712,11.495328951673534,11.481720288302773,11.488433561480315,11.555609426946189,11.591706,11.569808882703999,11.56230638556246,11.491552685996565,11.499365438667255,11.49807907957844,11.53044211891349,11.582828410486325,11.5997305,11.591056524881566,11.56230638556246
591,12.13498813696732,12.141870177777271,12.142447822763273,12.132419078460604,12.150960311506047,12.15657134209109,12.163183,12.141130076132702,12.16661952670824,12.134120882612187,12.141221868455553,12.141670016946364,12.142100699353735,12.172453433432542,12.159687,12.150992031471496,12.16661952670824
592,13.012180044071105,12.973899572973188,12.971296863038067,13.040956720092751,13.035431960001407,13.039077201060197,13.075737,13.042681065910928,13.049742372060871,13.014895571545757,12.977015344896753,12.975247549837668,13.00673985367735,13.038705346968117,13.11234,13.046633100477562,13.049742372060871
593,11.884141960769405,11.879753879442026,11.880872828666831,11.894649438100783,11.931211588326702,11.879269361288475,11.86544,11.852878163868764,11.90606460447596,11.883087628338568,11.878297890900827,11.879116426885382,11.902913521440228,11.880340837967065,11.885574,11.85952045995511,11.90606460447596
594,11.83928150502634,11.833244015009207,11.83333293782162,11.84266307996713,11.85811705821487,11.877355739179405,11.873379,11.869517117523708,11.872332543424564,11.839496696426346,11.83354622938443,11.833511363025952,11.83902501142156,11.868928579451218,11.880065,11.875950452134472,11.872332543424564
595,11.634509408221122,11.634284089902133,11.634041614039388,11.641746659917821,11.667186920690034,11.668928750907497,11.666976,11.695775891078668,11.664559322885154,11.633337304736688,11.634106716297747,11.634337953386625,11.676541134895619,11.67878734395949,11.671244,11.666405316838837,11.664559322885154
596,12.715435882356285,12.730093568903243,12.728028028808602,12.729158007702019,12.738146612326089,12.721749023067735,12.733476,12.750232672977663,12.73590706765701,12.712033689222874,12.720654197251907,12.711242010830675,12.723633112141666,12.723336744142392,12.736871,12.722064707794779,12.73590706765701
597,11.56908003875911,11.587371788386868,11.587848824245402,11.566290153702862,11.564221576776447,11.644500918840729,11.640056,11.662135395868672,11.611478719308744,11.565629528581862,11.5885755613592,11.586886008230696,11.592298902109162,11.676113443060194,11.638424,11.606692112280511,11.611478719308744
598,12.23243224359246,12.23466035855909,12.234403516989405,12.235939340216401,12.232019185151879,12.136681456096193,12.117492,12.13473590619376,12.15510388699306,12.23030956233528,12.232583919694703,12.234889727887792,12.228564682283274,12.133400462738381,12.134619,12.137373739429762,12.15510388699306
599,12.315727941924926,12.313826947230618,12.311748023555069,12.325646472831675,12.34071398446909,12.230776387977862,12.223847,12.211725304663757,12.208404182043699,12.32066526160471,12.31603040613338,12.314790528131859,12.320251786902476,12.263522552846661,12.20253,12.227133853237293,12.208404182043699
600,11.884444276086787,11.879008541660902,11.88033520200958,11.875772287644871,11.936876620595648,11.920995944501392,11.93041,11.948923058399515,11.916998584666189,11.885723062022935,11.877446879385834,11.878403413177429,11.898445604437308,11.943938544669207,11.921159,11.920484701367858,11.916998584666189
601,12.566157946505225,12.555412415028616,12.554790494175002,12.54856775041697,12.517577755493493,12.496691680897023,12.478822,12.506561168510684,12.464342688614943,12.567608622904721,12.556146031200068,12.555760921880506,12.552654994540594,12.485048112190162,12.476505,12.474588737028277,12.464342688614943
602,11.763062833122913,11.775117092787692,11.776298987814451,11.768200621899858,11.787609686343535,11.780616841128342,11.758228,11.761123666929345,11.75250210051121,11.758967092940438,11.780371679176959,11.77963065135849,11.789441823823273,11.745189171430349,11.730866,11.7249214840535,11.75250210051121
603,12.31761176374237,12.328134271611143,12.329222714764862,12.304577163069617,12.275077921529899,12.29505917763542,12.297978,12.302918463556397,12.304458647341043,12.31198309930666,12.330172513648897,12.327472887526229,12.300421363815675,12.27401725588831,12.264693,12.31380577642019,12.304458647341043
604,11.941357462698154,11.953867760542025,11.953555377357455,11.939135312947469,11.97595180760234,11.96392162610431,11.961892,11.971273916227359,11.984050260263608,11.94135597285225,11.954056843429145,11.953830703408181,11.940887547049313,11.955641439320077,11.975888,11.948117339646373,11.984050260263608
605,12.315072463896154,12.312034319753977,12.313165602889175,12.307533029636016,12.297790103292307,12.302962935039865,12.301978,12.307260660148206,12.308201241874205,12.31003503815586,12.314260958125855,12.311632629199712,12.308628940600087,12.287934041616573,12.307744,12.288411614886655,12.308201241874205
606,12.24947718080954,12.251649028679475,12.252928383940267,12.24428371891851,12.258273760457957,12.20656030805738,12.218587,12.194211136920142,12.208175359609898,12.244208095270043,12.2536481774163,12.25116241556993,12.247017786393018,12.193448922115385,12.219284,12.182295214694935,12.208175359609898
607,11.897196777623646,11.912579224400178,11.913102823296956,11.90748585453039,11.932594199783212,11.94014309312666,11.921652,11.93370997343332,11.93003682695411,11.897903773622916,11.91215964845552,11.911904887852153,11.895049755746953,11.93480724270799,11.925979,11.944021467080272,11.93003682695411
608,12.158266955899917,12.152675232664418,12.15402428137783,12.148585871862105,12.138550028693148,12.12335323360685,12.090742,12.081866976666747,12.07910487587641,12.15147994967687,12.155407399725224,12.152105856446571,12.146924568986181,12.053535652451789,12.056754,12.108327158287679,12.07910487587641
609,12.589298451484792,12.62634192601764,12.626600209065952,12.584036710618092,12.640769588144078,12.711162897214937,12.750126,12.711451041641782,12.732228836414842,12.596351800765799,12.624786974670045,12.62519541866611,12.612093144508064,12.699533625246426,12.726663,12.702491944300322,12.732228836414842
610,11.65572328112129,11.67327341301278,11.67210857330899,11.658173042739257,11.664841743623157,11.672551074449313,11.622492,11.66805340077962,11.650293637763106,11.65437624331052,11.666546176371158,11.667552503178575,11.698009100155383,11.698278626615704,11.644507,11.660642626098326,11.650293637763106
611,12.67886047780286,12.655784801540776,12.654507145136412,12.691341333212385,12.68561065554409,12.734199958222353,12.683517,12.658771268314105,12.716929040546866,12.679628743342516,12.652836355572132,12.656677880848967,12.678293110059396,12.680118115351881,12.68679,12.703065214643662,12.716929040546866
612,11.890111959419025,11.898099707057726,11.900299213583587,11.887222015231863,11.900537365564265,11.923470931753597,11.950899,11.962176711745492,11.948994123682027,11.891683436623744,11.9115978984942,11.914302770172817,11.891841823019803,11.942513730824786,11.9635,11.949491499914473,11.948994123682027
613,12.498743772245426,12.49157450067191,12.492501424081118,12.503532648928452,12.484408283768182,12.477086162057503,12.479655,12.477083364852525,12.473594785551363,12.493383200402622,12.492724540551103,12.491433241962625,12.493907637229208,12.442674662676575,12.474493,12.470327148630078,12.473594785551363
614,11.738924712536637,11.737979050660407,11.738168930634927,11.727991568329724,11.761770163137864,11.733348364811299,11.643611,11.671518898093828,11.618799697094465,11.73889564591298,11.739217343267189,11.738649083785925,11.799888328118572,11.703472098502944,11.657268,11.68691078267422,11.618799697094465
615,11.329155530878639,11.323916747516417,11.324748304279758,11.375365377045533,11.392430991319541,11.304196968991862,11.298242,11.304760353694263,11.32859386801698,11.328449924861289,11.324126312114831,11.323341909912832,11.374275414155651,11.324695621345166,11.308041,11.276968202054816,11.32859386801698
616,11.89367269571316,11.900898893588067,11.900702134459149,11.878521186779311,11.859539952291865,11.883904544811742,11.856012,11.886180225484326,11.865692661876972,11.892501388582884,11.901085263200669,11.900949789936927,11.872460062307328,11.881993457859572,11.868457,11.849237237867165,11.865692661876972
617,12.155462553095408,12.156401180676196,12.156920943219738,12.151642000687788,12.120813556953635,12.140562410983891,12.138808,12.131410675784878,12.15345731227281,12.156457864051049,12.158513282412292,12.160911624800038,12.140343009270467,12.144713792211304,12.160593,12.149026987240456,12.15345731227281
618,11.653531891876948,11.628897983025025,11.62890343399611,11.672190913103277,11.686239734364518,11.662843209162027,11.66111,11.67898063186687,11.656811375673808,11.65248688143605,11.628507842628258,11.629065073213141,11.618052431415935,11.65722254219358,11.66206,11.68130261573963,11.656811375673808
619,12.742606132676697,12.740954072670467,12.741000002468326,12.739746908857716,12.730785046189382,12.668364125707479,12.689684,12.662272019132269,12.674487429536775,12.741571627682303,12.740181790795166,12.737628131031833,12.747910395301687,12.680180350339556,12.698254,12.656681720904297,12.674487429536775
620,12.67497203829161,12.67483924199838,12.675289577489252,12.684857594959036,12.646149444636224,12.680742193167966,12.6679,12.674822466480869,12.66015910879928,12.676150515190843,12.67703489980567,12.679148258873553,12.666051022280595,12.644864044389783,12.677925,12.670623954383483,12.66015910879928
621,11.20392482496457,11.181568516729355,11.179256409440718,11.181768424134368,11.20986002316203,11.031516887649925,11.044401,10.997336598949243,10.979507788818598,11.204821438919254,11.184141569872173,11.182483029443516,11.24570534916853,11.079195783298463,11.010633,10.986684890696857,10.979507788818598
622,12.381833036977689,12.387301320803136,12.38812379403399,12.375184939305408,12.382149703790121,12.429707694851766,12.4421425,12.445414774028185,12.477007653364279,12.381784430444478,12.386002812803884,12.38679959281349,12.374940850846686,12.427587542243586,12.461873,12.444905211595046,12.477007653364279
623,11.752059018901084,11.758731276916645,11.758012952648969,11.755298015608524,11.776572011741544,11.759468877239254,11.724419,11.737859545478292,11.740395241941282,11.75109111793275,11.754607520591458,11.751717773398713,11.801608319599886,11.769886324101563,11.72218,11.71862556128348,11.740395241941282
624,12.066196217923029,12.087023243753778,12.0866454896398,12.073319374430461,12.099663040910848,12.104471622857226,12.085101,12.086142016048242,12.083936497766846,12.066119708894586,12.086966663314962,12.086718352862528,12.078666842808998,12.104568604916476,12.086417,12.084919688700436,12.083936497766846
625,12.042200344132233,12.024709656267792,12.0251171127228,12.057770312912787,12.028834156475646,11.99136947030965,12.02887,11.998185189585808,12.018889376294547,12.038983076834954,12.026669920418271,12.02643748532865,12.025001842524967,11.973084373252458,12.009217,12.009966083588466,12.018889376294547
626,11.855427677051653,11.851587379362915,11.852298816517248,11.867485633980834,11.891934818254205,11.901307915157153,11.893878,11.916211312775209,11.887746566653114,11.85384486533265,11.85285135427004,11.851302838855004,11.865490109170011,11.917612339716287,11.915999,11.88615982283723,11.887746566653114
627,11.747198563507038,11.75314733815991,11.75239382567025,11.769459519721797,11.812149954973084,11.823688428871112,11.805145,11.812575228043713,11.825922234640366,11.748464300152698,11.751576274101263,11.753450609852885,11.800998912909522,11.788943660517967,11.7857275,11.773395098410186,11.825922234640366
628,12.028660419574779,12.04362205548819,12.043738869648537,12.031422874143198,12.03087574695385,12.008803648765221,11.983047,11.954948067846571,11.955532126431685,12.028671882834612,12.045123348639466,12.046223157761077,11.972592489211621,12.007521785142568,11.976576,12.001418138442586,11.955532126431685
629,12.10137913956771,12.12824307227658,12.129172435396502,12.099958030098238,12.120102931896529,12.096869790427194,11.990557,12.002313408800216,11.97302946123462,12.0963210972078,12.133277109976067,12.132625377853476,12.090694632349235,12.135894928667362,11.972967,12.04925801217069,11.97302946123462
630,11.97804219416557,11.962337228734981,11.956426498067472,11.9718007224009,11.976930755120417,11.994753253814519,12.020828,11.984133055834235,12.009639289260331,11.974611723609762,11.929381091939135,11.926104376859938,11.96597828271339,11.995328305708714,11.990016,12.013588127749635,12.009639289260331
631,11.54622688710504,11.55307771523301,11.552638737597219,11.512942162294287,11.5605402607792,11.607381854428354,11.548339,11.586424037971112,11.56879381691581,11.54775584593177,11.551503576461998,11.550407760852181,11.54259565076401,11.600086476313365,11.534278,11.559350586669543,11.56879381691581
632,12.327804496246525,12.324135086448143,12.323674306581802,12.32375043274746,12.333322008957763,12.349635045957136,12.337417,12.3651367950978,12.348545410072656,12.332234592313089,12.32279595583098,12.324401175306596,12.331590038232495,12.347317005392675,12.342438,12.323938968455867,12.348545410072656
633,12.088901763163646,12.099464189019983,12.100521877743304,12.07887601718636,12.06159436636088,12.068103355084292,12.070492,12.053038955521911,12.075725683063633,12.0873387979768,12.10152365543929,12.099025560094896,12.075800258494816,12.052708632224798,12.04525,12.095007649063437,12.075725683063633
634,11.772364490667174,11.77445445763245,11.774308451910965,11.806950009869082,11.832875884369557,11.861916212871675,11.884853,11.84320084922281,11.858648381626617,11.7738149984009,11.773482569051234,11.773975966110422,11.798107696738716,11.88742989551321,11.88367,11.881940195592398,11.858648381626617
635,11.847788444000617,11.859184857548625,11.85865566413873,11.838226238714746,11.841637763289118,11.815370985785806,11.839905,11.834015450565321,11.867650436059435,11.84939530181366,11.860018320982089,11.858432306616972,11.875501510882044,11.830550585700601,11.826467,11.825456655621354,11.867650436059435
636,11.884782184053854,11.858402837745617,11.861856531374226,11.87600234879937,11.858338491009892,11.86581736604811,11.950782,12.056391103900511,11.979111344992278,11.886722524496607,11.871475298476945,11.883097170791395,11.907713978657728,11.869601487766692,11.919064,11.931991270608458,11.979111344992278
637,10.789933892121361,10.805894248069325,10.805015452525234,10.744498983381591,10.75983151070211,10.781059814695482,10.761446,10.850267588282117,10.90856890494417,10.788471633036526,10.804757351161724,10.806408755726311,10.772749863285222,10.858872195753165,10.806103,10.731535978672717,10.90856890494417
638,11.5533615934146,11.565854251847384,11.56686240206018,11.539853342713252,11.55513017974184,11.594896466504748,11.600038,11.649447186116591,11.605820956783448,11.554539442933127,11.564806992098227,11.565332240744581,11.606384865113023,11.559661366008752,11.606166,11.61916345574566,11.605820956783448
639,11.40597393714323,11.400869633781953,11.400940583814254,11.403901544005533,11.43538417962686,11.496439010448887,11.490208,11.492987237021604,11.469137484808162,11.409673150746281,11.400593069797564,11.400865712507779,11.43875665572769,11.518424835895868,11.498879,11.4819554404487,11.469137484808162
640,12.431965782099898,12.426320796762633,12.42678024776574,12.460723037120559,12.493129256743988,12.54059692999373,12.542099,12.572817469356826,12.551277122097709,12.432569480433415,12.429076282280656,12.431505664034834,12.460693502258348,12.546335897550259,12.546189,12.555868005857869,12.551277122097709
641,12.506681293294927,12.494441466914413,12.494439464354919,12.505916374715639,12.521434116801624,12.525570059639083,12.520222,12.505782577921726,12.484558387575525,12.50588253210101,12.494285082410805,12.494338759413449,12.51106146433637,12.516429207932605,12.528078,12.496323493725868,12.484558387575525
642,12.383761791229519,12.3819941456075,12.382135311289863,12.388537696004638,12.399742240799746,12.403889969071743,12.393048,12.421644420946595,12.392024605473932,12.38477074216068,12.381742651976296,12.381904220691878,12.385126086172283,12.40438616672617,12.380569,12.369968155473126,12.392024605473932
643,12.806890847333577,12.805318539340949,12.806993850518895,12.82874096050239,12.77385960464886,12.760626351385808,12.7598505,12.75717892749462,12.72652514986574,12.805301774608267,12.814168575030251,12.81289222039551,12.777037530649475,12.776162644791274,12.750276,12.810317863841325,12.72652514986574
644,11.88034101382848,11.870292490887508,11.869977949445447,11.883271582847268,11.942091815668011,11.939545552236227,11.933688,11.904358544105646,11.942195345448036,11.880813357938562,11.868817566535833,11.868685268646596,11.92401087261368,11.93570232252513,11.953429,11.918516078890635,11.942195345448036
645,12.731696502982697,12.708123041777398,12.70811117239604,12.75952708682254,12.787127557586144,12.74479042488286,12.739239,12.74378173164425,12.78595446961557,12.731311543122457,12.708982101552165,12.708598262399025,12.734358256438496,12.739809442109411,12.757305,12.778025945156013,12.78595446961557
646,11.830568771173585,11.826323559897617,11.825721838998374,11.826444175885886,11.827013377227372,11.830849063991687,11.857279,11.845886065514922,11.841682109251419,11.832138535691639,11.825012668992342,11.826527973833935,11.814854676335635,11.846769517306921,11.859411,11.822948777265339,11.841682109251419
647,11.507631851170858,11.507338953170219,11.506084766441912,11.538804945551552,11.559859734790972,11.529223628784681,11.557892,11.564129234849624,11.560797171164957,11.510451637474851,11.499920273213139,11.50124274257471,11.536688742392508,11.514087561816881,11.559196,11.551699644225428,11.560797171164957
648,11.879156917726837,11.875758840934967,11.877150855517902,11.863961503781818,11.872092513216662,11.875106504861847,11.856325,11.840862915570366,11.881727915904008,11.874178219270371,11.884237176523566,11.88287628586503,11.869777799509956,11.882659972576596,11.862407,11.863821137904866,11.881727915904008
649,11.915452581006464,11.901013976330843,11.90079876196628,11.938614597586193,11.997856229504192,11.9729828527389,11.978541,12.006419438047287,11.99033463803382,11.91669898547049,11.900180731144438,11.900106109913343,11.95716762916573,11.97982467009328,11.955334,11.984813755621353,11.99033463803382
650,11.299315229859511,11.284438780155245,11.283753736313091,11.278331493684814,11.296131701189587,11.208432146392019,11.208648,11.215987102227254,11.232440559087522,11.302263666135222,11.280229252648514,11.280405237124926,11.279523489023523,11.219966774017296,11.2067,11.183695751677986,11.232440559087522
651,12.23614551486802,12.221189225699195,12.221362451737601,12.220383984389919,12.223032825509167,12.218579523878747,12.231935,12.2580086109489,12.227872776505295,12.23560633580482,12.221184378083958,12.220663142725295,12.219878986883337,12.207041051599603,12.246967,12.248334340289407,12.227872776505295
652,11.601753957652008,11.59709370377305,11.59760213529144,11.608144141005017,11.530763804566469,11.581250259038304,11.58497,11.586748462184524,11.56295900352576,11.6017241953176,11.59714114294938,11.597192163410648,11.589785626553075,11.574435745344893,11.545024,11.626218143870291,11.56295900352576
653,12.179101291568271,12.183350003675791,12.184025778548978,12.16622156803293,12.163301681436467,12.152365658675496,12.175674,12.171078514526796,12.184161886651948,12.177194550133738,12.182549237895085,12.183098136975207,12.172625367111118,12.161361345048816,12.17614,12.180635746714351,12.184161886651948
654,11.760396323039037,11.781824373303687,11.77982853252684,11.78252784974568,11.825035519306777,11.806353681947114,11.778808,11.816020176751376,11.832440507579426,11.763324277396586,11.78048767008117,11.781265337043124,11.801307668670125,11.779976232279452,11.752233,11.779975975702278,11.832440507579426
655,12.785002253463572,12.772040747607836,12.77077923692406,12.794367072877488,12.812855862592246,12.830129953614016,12.801794,12.819923506251126,12.798248757595895,12.787899880422914,12.769708217118426,12.77247182127463,12.79892731473448,12.887328838017623,12.801927,12.818665503967718,12.798248757595895
656,11.399208203723996,11.398943226914334,11.400728292521947,11.405245280514913,11.506800134712716,11.44988429728186,11.382548,11.419000472233765,11.394217142225834,11.398764239426432,11.397235338288295,11.398365517875988,11.475993389808073,11.451183021484795,11.390135,11.388366773987773,11.394217142225834
657,11.916243519142379,11.909035884014411,11.909579048018998,11.90639210676253,11.870110424783803,11.913007999421833,11.89856,11.898454387898825,11.918622691442314,11.912834905596526,11.90942236195989,11.90906988149019,11.877191569193775,11.905530544969935,11.89002,11.908856396819882,11.918622691442314
658,11.976407551953413,11.985670364041576,11.983719169269982,11.99079325472067,12.032800544464317,12.05046557548994,12.099128,12.065694772973334,12.094344768904472,11.98810644673971,11.982267465292693,11.986341734267329,12.023296782123767,12.060903567949605,12.059105,12.063533139338219,12.094344768904472
659,11.701328016017694,11.718801104750865,11.719104039041527,11.6993882525549,11.69591015080745,11.787569103309123,11.779521,11.801101814085987,11.78649534337898,11.696846761067,11.71932378060341,11.718505460310771,11.69226818428527,11.789125264221262,11.776698,11.764827196848506,11.78649534337898
660,12.087067592418045,12.07629423956146,12.076001019648775,12.076136262550165,12.021475017218767,11.947582064993634,11.9814005,11.960681805014815,11.946051071489086,12.089044247795124,12.07434694853188,12.07471647323357,12.034910498813224,11.938807914179467,11.957853,11.955247800560239,11.946051071489086
661,12.224803912657219,12.23216048379471,12.232374682841348,12.236060022765868,12.22255788585024,12.235146963272717,12.200142,12.254688190958582,12.219212773165632,12.223692029393268,12.233334787299267,12.23313969444255,12.239463703575728,12.26893728613361,12.230903,12.229308919984181,12.219212773165632
662,12.874863495587741,12.862793446092313,12.862212062197845,12.85816009317952,12.835300308072803,12.837533802184808,12.820915,12.85968980588855,12.845652402249634,12.873750301760671,12.859555360040114,12.858512922027243,12.874566402532924,12.79447564698438,12.785539,12.845749079883438,12.845652402249634
663,11.794560499903536,11.778450904157724,11.778506227812386,11.795904809454225,11.892629515517154,11.795815067986075,11.677942,11.76373547106763,11.700177805156576,11.792471525119115,11.778899816780584,11.778752006511338,11.831193875894227,11.820801625909082,11.709304,11.655406444252478,11.700177805156576
664,11.820474522425643,11.824396591113704,11.82448491931106,11.811724600223117,11.878926242851922,11.852390728318452,11.8256235,11.794790448183077,11.815463372847505,11.823273367872552,11.824891731040163,11.824289398122682,11.839453586690047,11.830342809724058,11.797512,11.80738098679764,11.815463372847505
665,12.79528602822217,12.770666080217003,12.770732590987198,12.824968094500505,12.89924204492493,12.860797819519702,12.893756,12.867205294870134,12.92307183752229,12.797436386915827,12.770448890421681,12.770359204969157,12.84150935848294,12.853730603647794,12.86272,12.839203192856745,12.92307183752229
666,12.387807856488918,12.386236901803596,12.387773898320736,12.386161394754703,12.372192919514966,12.391149372257576,12.389797,12.35323421296853,12.3909024249699,12.389581888027012,12.393524247529395,12.397563870294732,12.347559911475823,12.340445641743408,12.387434,12.372428048471814,12.3909024249699
667,11.938512473248913,11.935878412062342,11.938084246502576,11.919735372378577,12.009407270109788,12.09025180122164,12.117954,12.067059782132494,12.040704473762082,11.93258959182023,11.93345450989277,11.934816128296625,11.970013246093187,12.140761212694839,12.055077,12.098163189713455,12.040704473762082
668,12.226381215271262,12.235082980735633,12.235806720319385,12.22625626941144,12.232712262686597,12.233749305583965,12.245655,12.270758401920096,12.249458324253933,12.225905293949364,12.236294301407568,12.235033655549689,12.231786778501327,12.240419704144355,12.271594,12.240304205769588,12.249458324253933
669,12.018507512646387,11.97975245584541,11.980383737061247,12.008372190694198,12.024253005624491,11.978853890536119,12.02805,12.02342587725256,12.00256624847149,12.017660109914013,11.979493474179367,11.979822947676531,12.022994226801611,11.973992844942618,12.006786,12.011442061653648,12.00256624847149
670,11.630027887114712,11.653763331651081,11.652848175226158,11.676823686245228,11.704078461487791,11.6769769409212,11.693432,11.68859210688627,11.667724357354961,11.634177737106217,11.65450641273268,11.653940836898741,11.669754651920796,11.680421230133708,11.677937,11.687815320293174,11.667724357354961
671,12.112856872239853,12.12232319896714,12.12313215048742,12.105066673809585,12.092310798583839,12.076549779036029,12.060254,12.067617050934821,12.095530421287988,12.11204675867031,12.121439496653966,12.122005238350662,12.09428393337915,12.08665371989577,12.07134,12.065186785871232,12.095530421287988
672,11.548510245739967,11.516519450058825,11.521107563376237,11.519017082551171,11.58781889792582,11.623295712222232,11.567653,11.63574465176036,11.490529940212507,11.556083887566029,11.542082496402156,11.558613424668286,11.616285903203295,11.655484977203832,11.554815,11.568531643643016,11.490529940212507
673,12.08783103603201,12.059965625572193,12.058889396694203,12.077951684012385,12.067770862355482,12.046249106449135,12.068951,12.060780780516662,12.073134833868751,12.089909294124965,12.05867036238275,12.060914582918187,12.088076400150737,12.044327810244749,12.054155,12.057063946563106,12.073134833868751
674,12.51578042981687,12.496264573281216,12.494748593994673,12.481596589162528,12.44866639180493,12.430643005743603,12.453896,12.435955557317666,12.443158604407923,12.523319883434075,12.493403727949744,12.497301377604279,12.462170059845764,12.423039724726678,12.46986,12.44482619244945,12.443158604407923
675,11.90595791964515,11.911733608177833,11.913044954092749,11.897701958837539,11.87983122813422,11.934801054355857,11.9522295,11.970077894069465,11.960945669808487,11.901353059512465,11.913816985549426,11.911334094301443,11.898007996798555,11.917154599484546,11.957291,11.966276558487897,11.960945669808487
676,11.860963277906293,11.841231664412675,11.841229526955681,11.863357199546762,11.877456868552407,11.903946716548711,11.879928,11.905840912798324,11.8904937021762,11.860771626478035,11.84265117128303,11.84583995900992,11.86486508769649,11.888576140361783,11.87399,11.872043716528223,11.8904937021762
677,11.47627674849848,11.498788053612506,11.500059647929376,11.40711538018893,11.36171301990202,11.558501725071855,11.607913,11.61581762237772,11.54362598897981,11.475604073351477,11.502489333887429,11.498371804060938,11.431765604290677,11.46820501245696,11.684421,11.603174398810847,11.54362598897981
678,11.590226927102483,11.592512596514903,11.592181895658495,11.59690003816095,11.619136236641951,11.637850127025084,11.599333,11.599455536173478,11.595895545400317,11.585588574942257,11.591780780672453,11.592539871689292,11.606555097060202,11.663778181702458,11.6100025,11.619678002399095,11.595895545400317
679,12.70827924762448,12.716931589479769,12.71475336257914,12.721489254607556,12.750047289326483,12.732390451332876,12.747958,12.737639311520006,12.675083544988238,12.70614895627718,12.705293436979504,12.698532116269773,12.749721862518125,12.746220395372005,12.745879,12.71706604327023,12.675083544988238
680,11.729664915690291,11.72625725090109,11.725770846531265,11.734238059473721,11.751383685225875,11.763686760430014,11.757647,11.778262581429615,11.778367933515483,11.729659941124162,11.72673009071408,11.726415231016844,11.778458335691768,11.76145331014805,11.744533,11.751865524744924,11.778367933515483
681,11.735264262116063,11.726818785353915,11.726059160036868,11.751660856292272,11.771389755438925,11.758209324822552,11.760535,11.721106334557614,11.736372083851098,11.73519075212838,11.722971251875718,11.723609877621172,11.757671584163255,11.745511829545658,11.737547,11.767991153924843,11.736372083851098
682,11.566040577190694,11.579008929067841,11.576688348811444,11.553023723007778,11.612153069810507,11.635915281158479,11.604609,11.612060927280737,11.67252899735684,11.556915633553949,11.58015304278492,11.577839140689685,11.590847928062793,11.622440604400934,11.599149,11.592846568371305,11.67252899735684
683,12.023849231038179,12.010660758939927,12.007987611497018,12.031808435230344,12.043713131367777,12.030426395398754,12.050858,12.0319793776122,12.041911271117652,12.027008135185865,11.996518433412243,11.998155433377917,12.059262927835322,12.059929731775044,12.048688,12.07098295814282,12.041911271117652
684,12.576614322629473,12.569304352288484,12.57027010811905,12.564007749334081,12.532993046995806,12.519592248931843,12.503232,12.505217090858931,12.5575800834244,12.573042604874741,12.570988598295198,12.569172976868638,12.529586639400517,12.503896621403692,12.496298,12.545483264895942,12.5575800834244
685,12.291550195049165,12.278458690253817,12.27724432927763,12.276501998853558,12.300569064441984,12.284327594990868,12.251837,12.234268123206133,12.265460650359792,12.295708569861166,12.269345089414914,12.271062732241553,12.289662781314194,12.273985938780687,12.246463,12.256225056306219,12.265460650359792
686,12.269068309583119,12.303884963169468,12.303426629256013,12.27153673185195,12.282481692434839,12.303766164531643,12.330071,12.298364227720677,12.287318961971023,12.272841157084384,12.304065920784712,12.303655375732172,12.245174576778075,12.296228024407736,12.319709,12.318899726081321,12.287318961971023
687,12.339781859230873,12.337883437869184,12.337739691583945,12.333768055849488,12.34078473913272,12.298963938188486,12.34939,12.360881047609961,12.314155301020126,12.341587478184364,12.337186051496591,12.337976818782534,12.342456158540022,12.329400172405691,12.37339,12.348423568347574,12.314155301020126
688,12.00379843422416,12.012319567812728,12.013429564384856,11.974936209982449,11.918977364906521,11.94317639121895,11.921491,11.954622601599267,11.93537343756762,11.9984684512186,12.016232167683679,12.015870559709139,11.948303496608089,11.928651259354705,11.934145,11.915249423371328,11.93537343756762
689,12.478810848109056,12.498055681671268,12.494565562809179,12.455862080845142,12.470747157829594,12.345939359723536,12.358235,12.338176466781437,12.358519089800398,12.485849860076993,12.479866063961994,12.482636176692528,12.472847572863019,12.30908362965308,12.352406,12.323832242523551,12.358519089800398
690,12.228031161988913,12.210651155866902,12.209011651321063,12.212522493595948,12.191069461669317,12.102942240655073,12.116467,12.107831659454336,12.098857413126316,12.23175348305727,12.207055546734669,12.211340870799617,12.210932073984248,12.131023951734049,12.13562,12.110394439912174,12.098857413126316
691,11.902909427104328,11.910035958900908,11.910835461196408,11.889622872811819,11.889877852637818,11.92101758600172,11.908375,11.917011187160348,11.911255186275366,11.900704842410143,11.912039071304875,11.910143257340017,11.885791267711328,11.917358430216002,11.901944,11.91674013708376,11.911255186275366
692,13.338263951700876,13.327507537026387,13.327140002850703,13.41422981267734,13.458325187236834,13.2868803160095,13.2297945,13.232931799566103,13.176781128139375,13.346390629309674,13.327356264365163,13.327766689745001,13.359152776395414,13.239041638742998,13.197842,13.251808953121646,13.176781128139375
693,12.600280379170348,12.609368838710457,12.610265395813789,12.610425768719246,12.591301709519584,12.623441569724612,12.6531105,12.627643553617684,12.657949944998535,12.60100020265171,12.612090522990727,12.611417619916415,12.595446388578754,12.63239133626466,12.677706,12.623230687358811,12.657949944998535
694,11.530340289207597,11.534489175231245,11.534853656487922,11.534959952441097,11.55493764170283,11.54437801819711,11.537912,11.557933373823717,11.532354756786361,11.523322301552037,11.53590588581306,11.53353681277582,11.520568409613213,11.509731433524603,11.540311,11.506072273004449,11.532354756786361
695,11.818399888466406,11.822945762277223,11.82102068480846,11.817480415240357,11.820854212612131,11.780291246827247,11.745142,11.744789847573125,11.791288964335072,11.816377049361767,11.813867982055955,11.807311777633497,11.826395100534967,11.784560573585747,11.728663,11.736993668418362,11.791288964335072
696,12.057561473590345,12.071853846711129,12.072923613016123,12.063017188633868,12.055634031044509,12.056550741018935,12.044061,12.033682907690013,12.036640765388723,12.052191861415158,12.073728482901167,12.071619692055908,12.054344037836502,12.023437893335524,12.034685,12.054065674018325,12.036640765388723
697,11.47308627888641,11.487449093292295,11.487732086933514,11.478480244903421,11.49151078690311,11.446500235511778,11.314604,11.304157472982228,11.435974639795974,11.472309574511462,11.491770580340937,11.490008267889786,11.458226256350304,11.408723193968216,11.312589,11.334396879642336,11.435974639795974
698,11.745562920804828,11.728288233028296,11.729560289428992,11.773745640887153,11.815053820652304,11.739104804856272,11.711209,11.705530398334657,11.778121980953498,11.7412709206843,11.730727762758399,11.72784849897775,11.786400086560876,11.767371146090623,11.722709,11.748568590350862,11.778121980953498
699,11.8303389391283,11.811934731604621,11.811721580617032,11.822892888419528,11.845214546659273,11.846665361941778,11.8377,11.83567499104467,11.85655318935142,11.830512739473617,11.810806729927618,11.8120341044394,11.853474727627741,11.839106017987834,11.834051,11.841101833260208,11.85655318935142
700,12.2057159928695,12.1852778361499,12.183885189612052,12.209001258450549,12.200242858781502,12.172911079890678,12.155119,12.159320680715178,12.1283379270358,12.209070463032884,12.174950769240958,12.17683100862029,12.186717398092023,12.155604767497913,12.141003,12.16139239303315,12.1283379270358
701,12.605093783611482,12.597480311208727,12.598092503939212,12.615739147580749,12.626537129610439,12.671152722920414,12.593484,12.565890798335287,12.591942297224232,12.601749681784248,12.598944795074878,12.598896129484954,12.609995974344868,12.625833352353157,12.58798,12.594377687036852,12.591942297224232
702,11.871772629833497,11.880347838015208,11.881062779943363,11.868421803889346,11.870388252121066,11.876590969701484,11.888413,11.885816029803674,11.869962710781937,11.872566665340642,11.883664145732466,11.88471511351006,11.86894263529954,11.870937751115397,11.885425,11.879267920837183,11.869962710781937
703,12.73271642962554,12.755399371670151,12.753131231655091,12.744629502045017,12.754585356611964,12.724108481770642,12.729833,12.694948507411183,12.717447248689938,12.743876544660804,12.751503712267384,12.755766213515415,12.751898344755105,12.748554567846176,12.7167225,12.71252884145816,12.717447248689938
704,11.771972830586325,11.774614608827438,11.777039998259877,11.769781202862609,11.828144046977641,11.833301196841749,11.810103,11.85949508708048,11.880765078126858,11.760364211499759,11.78750588079256,11.785324238534374,11.81029045236743,11.798417146729692,11.813538,11.831406648243062,11.880765078126858
705,12.267035433979514,12.259236884452845,12.259636197142418,12.27486394572914,12.284453171695509,12.258944586576677,12.2639675,12.257487528115965,12.280206237817094,12.265198292626865,12.26007717271012,12.259021690923195,12.285871764032214,12.261081766613554,12.2623,12.265692675083852,12.280206237817094
706,11.031363106843829,11.013972290130397,11.013930301098934,11.124713719693188,11.248892544060025,11.125511612514071,11.03184,11.060994095682197,11.093272243638696,11.030576816540426,11.019256473696913,11.017993934442279,11.256749086033238,11.124890420367365,11.0652685,11.020779537247929,11.093272243638696
707,12.662651176820608,12.645974119292426,12.64575447215769,12.665410098884124,12.732721273504794,12.61205903089262,12.59587,12.551477809303332,12.619996241484582,12.665816637328241,12.642992375182377,12.64633116342989,12.687449862927146,12.62183502381616,12.61324,12.601933187490456,12.619996241484582
708,12.310577354574656,12.305766082392067,12.304845169726214,12.31041613315119,12.30886050618728,12.29336183680794,12.293074,12.301020933260578,12.312882795670129,12.311847003832408,12.306852068427476,12.306143429217082,12.310373699795951,12.309744961582162,12.28911,12.275060089036531,12.312882795670129
709,12.210337551823018,12.21188481937143,12.212442981256608,12.17998891022116,12.122258168015511,12.137077737695918,12.187927,12.14869802072703,12.164351216936309,12.208165541011372,12.211175186491811,12.21161326777599,12.147532286658036,12.13076510591875,12.16691,12.166082559405767,12.164351216936309
710,11.541693922458192,11.542381500777168,11.543154901042493,11.535831080364268,11.56302901543986,11.618455708515874,11.6025095,11.652278259493828,11.582626566069335,11.530811580485246,11.543732257111046,11.542304489250105,11.588504320340814,11.62061801366354,11.586441,11.567771773882457,11.582626566069335
711,11.040302828827937,11.043661484961548,11.042984029324565,11.080106623059647,11.1619468983678,11.208430827692585,11.173732,11.204942251292412,11.182684757844047,11.04719510819177,11.042146860761223,11.04229621435277,11.10585533977814,11.218505681795271,11.192129,11.179426335034417,11.182684757844047
712,11.448795114207643,11.301087923991663,11.311553064786075,11.4116332341089,11.445293597174624,11.523307297194282,11.269143,11.387494002293142,11.362797566480031,11.43560288902452,11.29487218078061,11.30084532200799,11.51459516185058,11.50054727805365,11.341904,11.45432232478656,11.362797566480031
713,12.194057761659368,12.210577278844902,12.208453904489893,12.1991567785506,12.184821548617716,12.161833082274931,12.182589,12.164682814718114,12.184586623704076,12.200950382200963,12.206361310911403,12.211065998437611,12.182773396772486,12.142452906388943,12.165829,12.188873698600164,12.184586623704076
714,11.65378873531646,11.629024140611213,11.625447227640743,11.641171353559123,11.68300887718261,11.721134235455757,11.7015295,11.700752452209668,11.659419927679199,11.65128134385482,11.60966861055757,11.613121364971596,11.699815324989451,11.676688789288988,11.688067,11.692777932725189,11.659419927679199
715,12.147695550887635,12.13225256413495,12.132550273856983,12.126569442953452,12.113616086201569,12.107814139980537,12.117592,12.097278850324404,12.116368900547208,12.145760579884262,12.132436676786124,12.132053693706634,12.146766407130492,12.114683548846331,12.116969,12.105516126760573,12.116368900547208
716,11.880636133220454,11.876849751766278,11.877741396056866,11.881865197939506,11.908427849863962,11.926622764580255,11.945377,11.956563669209643,11.923922740061073,11.881738289090135,11.882803540497237,11.884405920882228,11.910263303253366,11.923788573956877,11.971381,11.913768675573301,11.923922740061073
717,12.18552891564847,12.180553520260265,12.179403834395535,12.207121871191744,12.222245364798031,12.194766255554887,12.168344,12.164091411575557,12.239241813347718,12.184808445653212,12.181531771844739,12.181068878147348,12.235447529773287,12.18501496799842,12.147249,12.235308623898696,12.239241813347718
718,11.934568192298352,11.940679429375681,11.94152676378848,11.93471670888388,11.948727768893258,11.958507713717234,11.937972,11.96327073527907,11.971411559835005,11.930546716622146,11.942016932229238,11.940299227153636,11.960567121784258,11.950924193219057,11.95373,11.948836393405355,11.971411559835005
719,12.61441039369002,12.608093603644543,12.606799370046405,12.642661690488902,12.70958006709066,12.652182540459199,12.6342325,12.654766427885205,12.69158297558087,12.619755535119483,12.606518328331411,12.608455656612422,12.656873385303017,12.696553675699668,12.665556,12.67116558882649,12.69158297558087
720,11.790306950266231,11.782221102319731,11.782023115600746,11.785868956698064,11.77711911248937,11.820566597311975,11.805485,11.841687398256013,11.806309783063353,11.787493624897849,11.781705444695335,11.78247344354564,11.78294745352537,11.813519542744102,11.80339,11.820413742869574,11.806309783063353
721,12.47739141517599,12.50932876172686,12.507066000392651,12.47058274698546,12.415285451736919,12.504688214402758,12.432466,12.457323113336248,12.434142660925849,12.480009901764866,12.49385557070703,12.496644120134393,12.417973700310556,12.49395201657387,12.427557,12.486001101925352,12.434142660925849
722,11.863785261513682,11.878718156233532,11.87834054334625,11.85935274611876,11.870999990382561,11.885542768067339,11.872451,11.882414500387833,11.88038137649022,11.863388915173633,11.880231021877645,11.878349973188453,11.863952770810155,11.888212995709184,11.87573,11.872149823160893,11.88038137649022
723,11.67643113191111,11.66587984650376,11.664524653079665,11.708116959246768,11.767685196546658,11.714440589649072,11.698593,11.69426798837079,11.723268798296202,11.67866023488005,11.667484427598687,11.66651485523368,11.749926342780045,11.73892575175627,11.704355,11.700061008165408,11.723268798296202
724,11.813191146167183,11.82114229268972,11.821245482176092,11.82891404770452,11.820868152291947,11.746426261225727,11.77725,11.749143159554066,11.769540927506164,11.813456752023006,11.820909378845473,11.821007247440011,11.80455036501895,11.750028327953709,11.771569,11.781854568726743,11.769540927506164
725,12.613139622768005,12.591547745681881,12.594370568062901,12.614621291219482,12.635299331976187,12.6686544686677,12.653927,12.647937884541252,12.688828257501132,12.602608726295642,12.596395656192321,12.590810797144936,12.602659785405514,12.655619733248425,12.617317,12.6448559223749,12.688828257501132
726,11.603249725976088,11.611474112900948,11.611478553532397,11.620292736417138,11.600542338143555,11.664017465278578,11.657813,11.666694247194043,11.672951322940685,11.602387361339472,11.61093060411403,11.609545505815019,11.63993335623126,11.69372619131862,11.630525,11.682930549167072,11.672951322940685
727,12.499141502318277,12.515519458873317,12.515052812137888,12.494835300338064,12.487630510387588,12.378286944159552,12.351816,12.324006783736664,12.39322596716387,12.50874034759037,12.513490101421255,12.513671915790267,12.526298460155315,12.405753775228296,12.3705225,12.395577567692845,12.39322596716387
728,12.19183878700892,12.191501569107528,12.19163062101041,12.190150573110197,12.198905368505033,12.148381812635181,12.157255,12.168620989366126,12.172018009162192,12.191269464860456,12.192112828171442,12.191257103476424,12.192160656619107,12.158737681510424,12.169658,12.152278689948183,12.172018009162192
729,11.959927724444738,11.970265637305939,11.970616204021061,11.930059758422242,11.90653824165216,11.832826771223742,11.832288,11.760305339858805,11.8207568283838,11.958201954739122,11.969911269415126,11.97008206273751,11.947860203558038,11.784382703348742,11.813498,11.81951350362939,11.8207568283838
730,11.405815186655543,11.44631025559402,11.44610473208437,11.395192867736816,11.38851541119614,11.436947850493345,11.414117,11.413349404770933,11.388534690983457,11.404243457161767,11.449375225533654,11.44489347824173,11.42216468272886,11.386829495688765,11.427483,11.391368398037855,11.388534690983457
731,12.364660375769828,12.373683524692522,12.372014197774476,12.36943039974593,12.433265291525931,12.468234874746187,12.458449,12.498579968011288,12.466580746069653,12.371539287131373,12.363684586550528,12.365446194429971,12.379250634358643,12.44345331266387,12.476697,12.461797009767082,12.466580746069653
732,12.200890340000678,12.184487463948482,12.183919315307417,12.192546300387017,12.158925218065068,12.142861394274698,12.139375,12.109214172356854,12.152393482361942,12.200072914288981,12.185693430382347,12.185087687396841,12.15337801744509,12.186833939133605,12.131575,12.147680359971206,12.152393482361942
733,12.380400332523234,12.38073754371359,12.380999335112403,12.37740265629308,12.372224988487751,12.372867650980252,12.350475,12.35218802741652,12.366469909983218,12.378325028813732,12.381725465708053,12.380569693910736,12.371146989676589,12.34944637819912,12.34062,12.354959864930311,12.366469909983218
734,11.788101950625228,11.79561659899061,11.794752752214858,11.79735385735256,11.836695940650454,11.804885025052096,11.805767,11.809604167966455,11.845774209843768,11.7920992881782,11.793684909081255,11.795916285149401,11.834576941874916,11.792966194933328,11.795206,11.807918034452609,11.845774209843768
735,11.61924729610391,11.623896651619196,11.623829696701634,11.647627179947033,11.70816515933116,11.691238619501084,11.697175,11.687117042988872,11.661971736893651,11.623215833495872,11.623880887015343,11.623901008428104,11.657266862489298,11.701744035327517,11.716072,11.680906657656424,11.661971736893651
736,12.015587324171499,12.006987334368752,12.006185041215282,12.010753656966259,12.077127963984333,12.033166033377348,12.045469,12.005582993431679,12.108891115051064,12.022801351489825,12.003673418395003,12.007480423318142,12.048914058124522,12.089345443623245,12.056529,12.056077855535037,12.108891115051064
737,11.320255244707983,11.311782779858644,11.312340311024139,11.342222602763457,11.386784347464344,11.325077204655182,11.37515,11.33489964308062,11.32010145612157,11.318807235779929,11.31139064616651,11.312130605095117,11.345908540534856,11.330337716673714,11.339186,11.342422380377522,11.32010145612157
738,12.365564391353963,12.36056350627239,12.361136115397171,12.354375501421359,12.34234576032136,12.360254809741004,12.323659,12.327784158952628,12.339661268171442,12.366229615062316,12.361032329388593,12.3634864801263,12.325181231004166,12.359195417146077,12.346178,12.350718767803603,12.339661268171442
739,11.88897951608567,11.893540153525207,11.893498560364504,11.910654120227175,11.917530593225163,11.927997321972525,11.86811,11.832186428696774,11.878018109440161,11.88335763428589,11.892667987764266,11.893380700980659,11.943848414664458,11.869692912094,11.852849,11.9023344549273,11.878018109440161
740,12.170834240736397,12.171801815444669,12.17208552431092,12.166811812122344,12.17498329814563,12.19056139113962,12.20459,12.22056820519515,12.192197975751546,12.169136616064089,12.172512256118154,12.17165616080505,12.164900138277682,12.198081222204946,12.221101,12.20741526692324,12.192197975751546
741,11.638849393917802,11.617593065498708,11.617712583393315,11.643977178256963,11.721097575573808,11.701268212947266,11.707494,11.690143548346814,11.663433536984842,11.634889151852011,11.617727930913029,11.617559452676652,11.691933546830782,11.727524074500362,11.741626,11.707445801240757,11.663433536984842
742,11.868325881615752,11.86088059192456,11.861174796208152,11.84203766762825,11.835341222510511,11.836597132430525,11.853655,11.847408258224254,11.872803117654911,11.863982782563593,11.860660916703562,11.860978871072694,11.848019034095026,11.838819498795749,11.836119,11.851744863699194,11.872803117654911
743,12.035223541236512,12.050792240650939,12.051045751119172,12.03697849600736,12.015715232181668,12.042866923027528,12.04652,12.052381953756646,12.05899945076137,12.035619149213929,12.050249741708324,12.050475786521867,12.030463844010415,12.043984483412109,12.038766,12.047109139177545,12.05899945076137
744,11.961496458184559,11.96436482443395,11.964133403948606,11.953853905843099,11.950958770398334,11.98466138230524,11.971025,11.987058850404132,11.993643009485076,11.961757936126519,11.963643098429769,11.963693688484206,11.95668206228166,12.001952822157092,11.986779,11.983807992755606,11.993643009485076
745,12.303710405348518,12.301323656313901,12.29932837257403,12.302981391196596,12.286770917375005,12.248229372428264,12.256617,12.269453831831054,12.27511448253403,12.307772418452432,12.303263214915257,12.301970235615642,12.275085961183654,12.256699987502119,12.233562,12.252643074108082,12.27511448253403
746,12.74598920690134,12.744845170832786,12.745656531059089,12.72662780523526,12.703649976563177,12.75135683961899,12.731475,12.67620653253518,12.763953598407523,12.740374308854237,12.747384161931134,12.744327256929573,12.706251755803653,12.663376711866523,12.7144,12.733406016078844,12.763953598407523
747,12.33286581112581,12.32154298105357,12.322788843320001,12.329938958541556,12.340319597825545,12.356457538021266,12.364421,12.364063155931769,12.381053858913303,12.330779001231644,12.320323941891901,12.321116841163143,12.342169855594205,12.33924108533769,12.362032,12.364076050983309,12.381053858913303
748,12.275202091125161,12.227031505503406,12.225051669584426,12.280338635954784,12.273404361098564,12.366816474186498,12.402065,12.497753145521338,12.298649820387105,12.270150548125331,12.229420527672662,12.228190398602877,12.290905408550143,12.407353244913786,12.432041,12.411915394781431,12.298649820387105
749,12.428979359293436,12.416693053765872,12.415002952743706,12.416852510245423,12.401237695658105,12.395568825638254,12.38652,12.36912451566003,12.38510273082297,12.433934900464147,12.407127828081478,12.40870716199899,12.42881966389522,12.368628291377867,12.392227,12.371408582053066,12.38510273082297
750,11.366974365131416,11.397343825166391,11.396443274005959,11.36034444274735,11.388708798518913,11.330082811031303,11.31695,11.314167351889708,11.324887144189118,11.363660941669846,11.393564227517167,11.39428921725911,11.3704177671873,11.286118676670839,11.337445,11.240587167064783,11.324887144189118
751,11.311866974371966,11.30003901985405,11.299277385118334,11.310339424268008,11.373067019625557,11.403245639985032,11.46771,11.410457314111769,11.360637620012218,11.313989367527336,11.297047228623994,11.297648499018852,11.397497303917854,11.359553240227358,11.421409,11.407970595363908,11.360637620012218
752,11.962239011580463,11.959304253260994,11.96037433071851,11.959644213901786,11.962425349826331,12.02576008355405,12.011721,11.995748021339578,11.980092574708548,11.961521629399424,11.961971412390579,11.958786139358486,11.956498721619889,12.024307574172507,12.024271,11.99662788220295,11.980092574708548
753,12.241763887913807,12.244306147838143,12.244479485169588,12.238910742793866,12.223136885678313,12.223815674034729,12.22302,12.204886641525205,12.216148759825176,12.242734517501802,12.24512323602901,12.245036625004769,12.214828346116542,12.255862650250307,12.234566,12.224971355199083,12.216148759825176
754,12.490945174641563,12.490941937623049,12.490347093028685,12.491969121651904,12.489421692441166,12.49638461916473,12.50081,12.499011795419998,12.449709402353168,12.494514830903872,12.489826492980619,12.491070171804886,12.489095467153405,12.488829315148745,12.49475,12.497747044035917,12.449709402353168
755,11.952622395259066,11.958647546891186,11.959461769423083,11.95022161669168,11.946543513452298,11.926974995996938,11.930591,11.919634497856892,11.935874220930238,11.949783106318302,11.960136271908294,11.958303351898914,11.941808184604207,11.900551544032533,11.931812,11.940066742391616,11.935874220930238
756,11.96119053455657,11.95182261377912,11.950148757306144,11.983357980079854,12.030745680568652,12.007998066645563,11.986673,11.978972104111453,11.987272910718344,11.963910837244445,11.953692212206496,11.952509064905772,12.007076317934272,12.035554069495673,11.990708,11.962334273480488,11.987272910718344
757,12.3052160596643,12.303832182937063,12.304530163310467,12.297816880727984,12.288644358692018,12.2917947195104,12.272857,12.24771182286197,12.303530877775263,12.303350646142677,12.30524205695011,12.303612055746079,12.295125152686829,12.258708350627229,12.272178,12.29502329761261,12.303530877775263
758,11.900770496474324,11.895004936493907,11.895262611240065,11.892640491686645,11.91250784683767,11.94656455373413,11.924222,11.970918478765272,11.95613764664763,11.89259370123437,11.895433256304775,11.894861968790858,11.957306722573716,11.965967329308178,11.962492,11.934092210215372,11.95613764664763
759,11.97794462958272,11.976902020947177,11.976065297981547,11.996188449648104,12.0493863996312,12.048753734641231,12.043783,12.041846921789006,12.001013220369035,11.979678642014424,11.977684072729675,11.977170990197866,12.006758992683265,12.041677815767992,12.042205,12.024603935950612,12.001013220369035
760,12.572806626405908,12.580583714106417,12.579023271994295,12.580439327489136,12.595305090972863,12.620648341913663,12.617996,12.63028337233223,12.632394003451422,12.579527733086035,12.577568141484182,12.58111090464767,12.589224000495543,12.626732703652443,12.618912,12.627555684585898,12.632394003451422
761,11.702548086777805,11.699257410379278,11.698601272578122,11.702056483568821,11.761164243869382,11.739119077272026,11.743483,11.768651308039319,11.738570533770432,11.70369162784315,11.699434807035628,11.699234057657767,11.788594483924149,11.758636948483527,11.723319,11.723730809903223,11.738570533770432
762,11.58350334809568,11.595624376956772,11.59739949630629,11.567422172986435,11.545722781364601,11.632162582300491,11.615568,11.667321939380093,11.587608175201005,11.580924905916039,11.599096939822699,11.594950186135906,11.533711064602935,11.59101630171467,11.595708,11.609450147619778,11.587608175201005
763,12.200427939890155,12.18810451434766,12.187203405689147,12.192085400216154,12.217605578766442,12.250149567448453,12.182743,12.198829581148544,12.216273068167672,12.20578525020315,12.18600581965462,12.188592591492833,12.218924542185606,12.257581999013444,12.209193,12.189722247481097,12.216273068167672
764,12.640090143479627,12.637197819237269,12.636109925107188,12.650422336933605,12.67326917166555,12.676695332564108,12.660016,12.64360823996825,12.674198936048917,12.641263176473467,12.638378718300583,12.637691612369961,12.67271072576463,12.655821925598278,12.644044,12.625177118681437,12.674198936048917
765,12.466684545342305,12.452705736151533,12.452653930837862,12.424035722882603,12.392893303680662,12.446445107478988,12.42475,12.41710519444801,12.458304244942115,12.470367072547017,12.45013690952633,12.450391976863035,12.42498629969189,12.47141210285069,12.437195,12.426804895828498,12.458304244942115
766,12.468237376876651,12.45487987354247,12.455729469630379,12.45502202352575,12.488704592526227,12.54692784961643,12.514154,12.507240969729509,12.567626483782863,12.46636457625069,12.454082908762171,12.454670494133362,12.463528604571854,12.541734647739892,12.5262575,12.536037583475462,12.567626483782863
767,12.128955353002944,12.132538494383748,12.133288689911291,12.129626638859987,12.171348242409522,12.131188691704617,12.084526,12.098674346757063,12.123160913310326,12.128654937596298,12.136803553399286,12.136164682375187,12.173987761813386,12.116438695058058,12.080812,12.09980023604288,12.123160913310326
768,11.998832561601821,11.988935197967594,11.989426681221202,12.00964307833464,11.972648217351166,12.043355948776664,12.0806875,12.044589948959993,12.077604906061808,11.991698700836258,11.993110777566201,11.992503997470921,11.981889871660014,12.05208337811832,12.102631,12.032212440688996,12.077604906061808
769,12.35346639950505,12.355316322804736,12.35572651685129,12.35106367671839,12.33716182669631,12.368014821824987,12.379749,12.361240107942493,12.386261166749604,12.354031574946342,12.35724111949342,12.35911113763735,12.337309234762298,12.367140274341562,12.360234,12.34921179213861,12.386261166749604
770,13.111230375504013,13.110410529610535,13.106876033145426,13.167588749956517,13.112388781378552,13.171477504264843,13.119717,13.084965523218417,13.058823912485185,13.124843575280703,13.103279885399866,13.111850133467087,13.133400834484204,13.117895478526854,13.110497,13.12266340003144,13.058823912485185
771,11.767986983277444,11.771969391542,11.770660754743902,11.769055028066152,11.798243146027978,11.796552140300607,11.754928,11.776082045569078,11.767913000702121,11.771680493048438,11.763835991126385,11.765178795254753,11.813730068964746,11.767845335784441,11.756775,11.753927357250534,11.767913000702121
772,11.7076328678517,11.697284680000822,11.69548916843653,11.718333392541778,11.72503009082977,11.688599323335948,11.687437,11.708546532024,11.627166854166125,11.713703560890128,11.693099139668956,11.698190311837907,11.70748875659704,11.688564842336437,11.696487,11.71166422409869,11.627166854166125
773,11.80034256146756,11.809830166715109,11.810601481375105,11.804821871742767,11.82437011406737,11.838445482655796,11.853352,11.850621929145346,11.863861204927122,11.79896018899277,11.809009300252724,11.809579216416193,11.828782047530128,11.833933725339946,11.850106,11.813676690458593,11.863861204927122
774,11.610668343906386,11.62684566366038,11.625854422933449,11.620637388224488,11.647975978490491,11.698929021183842,11.705148,11.722064066574449,11.674469364585457,11.61353328224652,11.62479942500148,11.627088366029422,11.637807184980442,11.690941946406962,11.710334,11.702511900371404,11.674469364585457
775,12.659823058716125,12.668601359022052,12.667159077453404,12.64609575938854,12.630989384934466,12.596685268659492,12.564702,12.557435931100608,12.491813068107428,12.667293001565936,12.666168311823789,12.668891211525759,12.654028636584913,12.599670712271843,12.57949,12.536582528071122,12.491813068107428
776,11.956936978541497,11.958753336562575,11.96010688682176,11.962421163171934,11.970477537836254,11.986824151734274,12.010211,12.018179768014777,12.020072893463116,11.952355803684735,11.961560845875168,11.958212329687443,11.971735369688652,11.998233599339194,12.011632,11.99987041491419,12.020072893463116
777,12.381519015352678,12.381231106584972,12.381356819242523,12.372378735985441,12.353351782729975,12.324629684892813,12.305649,12.311903060765696,12.309005224767409,12.37988914176141,12.381713249612938,12.381595278692686,12.370903001973153,12.323825597235427,12.303453,12.314604830009811,12.309005224767409
778,11.797902218139342,11.793917693518333,11.793753926151268,11.807418948625447,11.843981622195138,11.853770328882545,11.836631,11.864675715594508,11.854873904706976,11.79816245647584,11.791706102508611,11.792205252851389,11.855945321986821,11.894160473444021,11.83837,11.832060154212028,11.854873904706976
779,11.735972915132551,11.68225459628351,11.684296005223347,11.713536691828756,11.75057424219888,11.730971730106868,11.730787,11.774538401203186,11.762821050860659,11.739753981204416,11.69374018180125,11.708424235209371,11.745086534179364,11.727423162604472,11.767448,11.716483839620373,11.762821050860659
780,11.863793320565334,11.855121819975844,11.854547543298246,11.86431748184588,11.880057136731343,11.864020759363346,11.867632,11.860681884529138,11.854074160864684,11.860953387076723,11.8540409526385,11.855230749813677,11.852203012531376,11.866385841988409,11.858024,11.861632957278044,11.854074160864684
781,11.973364260901654,11.992340626447062,11.993545574446749,11.98224350471436,12.00627588603134,12.044862185960152,12.04202,12.032236330634667,12.062208356344197,11.969963564076458,12.000853277045858,11.99919590184985,11.981808129491762,12.05042972138626,12.035746,12.050136431007857,12.062208356344197
782,12.060522107954236,12.061469361543885,12.06212429166311,12.051477202947483,12.051109999569912,12.093372109202903,12.076243,12.067102292736024,12.072811509486641,12.058931921254489,12.06075720515223,12.061244397611643,12.052353305966447,12.086138183139505,12.06999,12.096258102492472,12.072811509486641
783,12.16817069381484,12.170263435702294,12.171207058839208,12.15414882427164,12.161053800734567,12.166415639706043,12.149495,12.169925836731075,12.132486457999363,12.16611610992634,12.169285594507798,12.169922390635568,12.16011176212964,12.139514534847917,12.1311,12.144606771413118,12.132486457999363
784,12.047682143190224,12.05108978376988,12.051782807785486,12.049383749782137,12.037765298757737,12.01305762178312,11.973165,11.986863164319184,12.00458874866921,12.04576155239319,12.050024532755309,12.050585287124388,12.04866643595219,11.986574078467777,11.981252,11.990361497029934,12.00458874866921
785,11.682823206371893,11.713364043767914,11.712812449383453,11.683182026580946,11.772446923132438,11.779688537239382,11.8131275,11.829648800878365,11.766296133891284,11.681521218976641,11.712884642017919,11.713231469925844,11.720145556318048,11.826920067607942,11.828785,11.801702803429107,11.766296133891284
786,11.95429887641473,11.982396203438078,11.979791282559004,11.957075598696662,11.959789086277814,11.989193659501264,11.980844,12.004282857093667,12.01179000360145,11.964112358427897,11.977797087387929,11.983075130311496,11.993100221728982,12.018768930436705,12.011144,11.99603508690619,12.01179000360145
787,11.748613865731137,11.759486833931645,11.76034168528375,11.713459194719011,11.675725420348563,11.703919842540786,11.718622,11.733859972452546,11.746943791041769,11.748037883513192,11.758363952308272,11.75898397934644,11.736652043132827,11.66238054200745,11.750038,11.708418435766287,11.746943791041769
788,12.344785010923747,12.33888943489661,12.339007148832223,12.34689755980564,12.362835504335234,12.348764290648834,12.331979,12.337483644367564,12.348094727204531,12.343795403952257,12.338817877667413,12.338834554395467,12.357393316577165,12.36441276543776,12.3349,12.33667570312394,12.348094727204531
789,11.563432455347103,11.556028525577986,11.555315287304182,11.573269250365055,11.55767311020792,11.598823727055363,11.615189,11.60392061878345,11.631137660999354,11.565554626010059,11.554716340479086,11.556437792225118,11.583307291848453,11.573655891205275,11.619647,11.644234532612117,11.631137660999354
790,12.364027265034856,12.353342359874745,12.351659373694211,12.345059654733825,12.32932487950595,12.269149669244134,12.251948,12.247820738741188,12.238965129730348,12.369794877134405,12.349015241859028,12.354452007654125,12.349980924012797,12.305040363723355,12.272425,12.283846477819845,12.238965129730348
791,11.996024857413017,11.98664976661988,11.986974916817257,11.996375682006068,12.008534736965789,12.021517857063726,12.009996,12.021048466482824,11.996358303968318,11.994030684283215,11.987609826298794,11.986454517966697,12.011531258223263,12.008365237959175,12.005317,12.015803363987084,11.996358303968318
792,11.94532636486324,11.930074409204204,11.931865532516222,11.934010524095196,11.912923882845542,11.950167819799027,11.9680195,11.981474496784028,11.943108141426462,11.93968687122218,11.93331661700698,11.929586026373622,11.920538342068953,11.920388047642092,11.98023,11.972567020185538,11.943108141426462
793,12.475852502065225,12.465032952433273,12.462934560693261,12.460865620503675,12.457299481381481,12.382907082607154,12.364565,12.364171657332475,12.378099158959204,12.480673458543947,12.450586646323377,12.45320452917991,12.440558734915383,12.387632796867676,12.358616,12.351443670318664,12.378099158959204
794,12.401305559449911,12.38488666592577,12.384176818953021,12.381793925247385,12.374461819625392,12.332197511491886,12.368265,12.35050926881588,12.362286725256435,12.400245781203388,12.381774099490325,12.378641234753664,12.387117010616223,12.34741796140522,12.370314,12.351592458472458,12.362286725256435
795,12.210972458078135,12.21665891857512,12.216644573640245,12.219961323759456,12.205869251134049,12.199688754787216,12.197217,12.198542278183156,12.193333691181392,12.210587962405679,12.217740178606592,12.216695657804262,12.176276479879032,12.189500052508995,12.190345,12.186935239850566,12.193333691181392
796,11.976994552491053,11.987509891057568,11.987624618759837,11.991538140740928,12.028012175190199,11.986163090746059,11.987997,11.977112725294909,11.994256520547186,11.975977367041473,11.989963469188723,11.989318815374386,12.007703033385782,12.013163330009737,11.989935,11.99555273936887,11.994256520547186
797,11.872075463793312,11.882946235840079,11.882382015088725,11.872670049443329,11.88267217774961,11.843101858381933,11.841564,11.844952838362778,11.82857126478857,11.874299699323437,11.878894803725794,11.879586997968909,11.880911386147902,11.858377644496027,11.8483,11.8290502938489,11.82857126478857
798,11.457002315436316,11.449493784011311,11.449030454955166,11.469552826210602,11.52404825152703,11.59034578169953,11.577808,11.542874821741385,11.574173356624536,11.455899687974176,11.448471637765996,11.449783153695329,11.495032120954413,11.611443926097373,11.56641,11.542233566349784,11.574173356624536
799,13.009563411909285,13.007673963340661,13.006580822418112,13.033944898571606,13.065821329217046,13.152192566671848,13.115801,13.064766076326578,13.061317777155239,13.014877329216828,13.001783816954953,13.002739110173502,13.030067807702066,13.122650235636588,13.089377,13.06469659189572,13.061317777155239
800,11.98035386664808,11.971931029229214,11.970844240805674,11.968312510615949,11.958054687140258,11.98122493730569,11.919832,11.903595165827932,11.893257659611097,11.979793473438193,11.965895494456072,11.965730311584501,11.964736226569649,11.962271303410814,11.902389,11.949436852444212,11.893257659611097
801,12.198003011676683,12.166645279780901,12.164626099078205,12.187171248330868,12.19089510642326,12.2014543301865,12.204092,12.213644918923896,12.198613234897028,12.195519018455132,12.152169299120493,12.15053249629916,12.205196914598918,12.195496756066287,12.206986,12.246039092407852,12.198613234897028
802,11.703445143931374,11.719478760221852,11.71858849879787,11.710571905239126,11.705146981024814,11.72083192587938,11.715799,11.753460902599448,11.733853682992931,11.707052195097852,11.7127875632173,11.714145012431546,11.722971434193044,11.713819500649748,11.725506,11.71356834516783,11.733853682992931
803,12.213732439023108,12.20319625108763,12.203429690134735,12.202597875849493,12.159342037857531,12.124939425992972,12.13832,12.114737220584974,12.131465128210943,12.213337306481089,12.204099526144923,12.203231968350838,12.224708272205733,12.096724528037393,12.139936,12.146560833166083,12.131465128210943
804,13.008631383745026,13.009240817543283,13.008213548379112,13.062739379796284,13.117205722755518,13.108754208147689,13.092804,13.019962580132114,13.026130733880748,13.0074628681474,13.004791262372247,13.001962489427779,13.042006761603641,13.133275501582867,13.075188,13.120894234729107,13.026130733880748
805,11.580828830510592,11.56446472910747,11.56711646604364,11.584246281644223,11.634085399472998,11.63712140093196,11.588538,11.635406922115427,11.603557880696945,11.570972834198608,11.56914210089803,11.563836544248694,11.608126913319326,11.676443130302662,11.57683,11.599366595078646,11.603557880696945
806,12.281478049502569,12.272887604377047,12.273669759906262,12.26832316973045,12.281688654390868,12.24659282880238,12.213747,12.19042747886263,12.220483866937387,12.279187750947685,12.275087718935952,12.275026370481918,12.274227006250571,12.25262193250806,12.222264,12.228651975096174,12.220483866937387
807,11.772217703301223,11.763246441823062,11.763041920996622,11.794818363169206,11.81209552911987,11.81618614134761,11.805892,11.793721098956787,11.798792036345956,11.773565725603325,11.761931512115122,11.76230440638301,11.758308351551856,11.81011469588782,11.811739,11.8158371805606,11.798792036345956
808,12.233875067805709,12.215548812339026,12.213768654953373,12.227392899466642,12.238287977769042,12.297871560614773,12.230492,12.17386648206,12.186310799010608,12.23785263318337,12.211810574617578,12.21601042935789,12.263323836756285,12.242054864740615,12.215581,12.256147015460632,12.186310799010608
809,11.84283999994871,11.82515408834897,11.824663572961763,11.861174851519507,11.89609090211264,11.90012456053837,11.90675,11.91509725035267,11.89974611909028,11.842562310927077,11.822925154307324,11.82480971257936,11.86931449109229,11.903802286460548,11.9057255,11.91061047474483,11.89974611909028
810,11.846573359961512,11.847365970600261,11.844573758944776,11.822920860550282,11.716802830451838,11.697309713990881,11.686195,11.705766597192603,11.7202902919992,11.84957344685541,11.85162440698577,11.848591113757513,11.785292945044338,11.649014984541083,11.707873,11.673381363853032,11.7202902919992
811,12.168216674104254,12.159079725415905,12.156586412015207,12.176484892323986,12.180624519066749,12.021666202963242,12.061677,12.035841299902,12.156186760304294,12.166803867140459,12.143477302425365,12.138865295414515,12.185086574116603,12.01786877975145,12.118505,12.034977116128715,12.156186760304294
812,11.911595982222822,11.888839247235532,11.887486465359935,11.906768949853697,11.905512796399602,11.909675489041536,11.922732,11.915939995174671,11.936335964682169,11.91160898954997,11.890626990870475,11.889583044198865,11.894547986878814,11.902908814037309,11.915587,11.920503440860207,11.936335964682169
813,11.442065066655537,11.30212264857995,11.308953866265586,11.404828017892873,11.450936860858972,11.41606583467567,11.275301,11.334167467888639,11.272910124699338,11.41845542425586,11.308905506876663,11.30343627973659,11.54191974792101,11.53127078002302,11.315206,11.49082767732631,11.272910124699338
814,11.951731611151112,11.95819540228308,11.957916156708668,11.96584791020879,11.983539317758904,11.908476166564759,11.922006,11.908389914705447,11.917094716692672,11.953089570262518,11.958196113047098,11.958081782301953,11.980125045536367,11.892892208931416,11.932797,11.909222077813963,11.917094716692672
815,11.655513946978697,11.639647779405408,11.636725925984539,11.668937483606621,11.699068453604863,11.662569059268671,11.632846,11.651867652160142,11.630065890777992,11.660563321222348,11.63273643402662,11.641077186868216,11.67082590763216,11.68376380472973,11.671658,11.62474400309739,11.630065890777992
816,12.237293709757315,12.239288419435741,12.23998998497754,12.233078528777671,12.234666735550269,12.224574651601023,12.236212,12.230496462943552,12.242173557027915,12.23613409902399,12.240773380346024,12.239192832001761,12.238421103847006,12.251772283798317,12.234392,12.22488599610298,12.242173557027915
817,11.815695627033628,11.83650078050508,11.835693132693043,11.826298530617414,11.848364102588578,11.832494638195612,11.8157625,11.786247800618566,11.820389718792585,11.815423515837171,11.833113665005346,11.833565097014622,11.832753496726452,11.852794132469748,11.815955,11.828302582642644,11.820389718792585
818,12.542406270160654,12.52571312966331,12.527158269559981,12.522634849086844,12.506092730270094,12.58955855102114,12.549071,12.556625676037003,12.558035417901783,12.543431346402658,12.533205692575985,12.535637500466148,12.51986236621919,12.572995286433923,12.558658,12.579537986129255,12.558035417901783
819,11.922353939091025,11.90524251082192,11.904576015965532,11.920021700020703,11.911127526107425,11.90012245131827,11.911919,11.904159291888947,11.90617862495889,11.921281054777353,11.901759697248323,11.902893625761513,11.94690976211794,11.933700378774484,11.905056,11.910280885673583,11.90617862495889
820,12.334265284620846,12.338845391886963,12.337085972507937,12.326453348824305,12.304007823320791,12.300521932169152,12.297041,12.31899206781619,12.358469770960177,12.333005533192576,12.328750194477585,12.325016190795708,12.334744201773464,12.303403177901583,12.292962,12.318085916352784,12.358469770960177
821,12.12355951342177,12.11985413536357,12.120651030426506,12.114318882853418,12.107717898895714,12.154034975873572,12.155116,12.155070704383943,12.151246403840586,12.120171211635173,12.121492610908534,12.119544951299783,12.117858096299436,12.166022031233418,12.16169,12.147990677166817,12.151246403840586
822,11.32560859245351,11.33115102528105,11.331087823503294,11.325704555277792,11.385795306887884,11.40337546852371,11.463447,11.488920542201539,11.46456820616559,11.33188799848737,11.331650301305935,11.330745867262046,11.413315571846034,11.388529891929295,11.445064,11.433046168773167,11.46456820616559
823,12.212615232619301,12.214914085598117,12.21722145709547,12.196374295027844,12.200907766646854,12.191569569948502,12.105231,12.125013651967464,12.08838975555031,12.20486867650102,12.225568580097182,12.2241632822034,12.20065869922991,12.18287732177018,12.064136,12.188470698145995,12.08838975555031
824,11.903835352833381,11.88207167767473,11.880848220042376,11.906640256628759,11.919845775498436,11.892748561694592,11.90545,11.864997293550168,11.92157496435999,11.904654869997794,11.880069139282718,11.882700958940498,11.908237868897904,11.908748732497852,11.882548,11.899375114387505,11.92157496435999
825,12.380771844882243,12.39102716783837,12.39102846419263,12.368827204553082,12.339668119045891,12.372028783586293,12.380845,12.39084572832568,12.403126271535719,12.382266490312698,12.390590251404435,12.391164370372875,12.357730522864074,12.360638245676359,12.389993,12.373324532265931,12.403126271535719
826,12.927503810753988,12.924485859644314,12.92513519891948,12.944394141189907,13.034061510508032,13.045732402117743,13.076634,13.036613182704532,13.087492696941622,12.92742076192101,12.929194798373949,12.92877194746249,12.985183294383607,12.995445686777057,13.0567875,13.038179176168779,13.087492696941622
827,11.609445180410866,11.59207413692276,11.590467205129581,11.570279594423877,11.50219794621619,11.542567310016105,11.585055,11.562430858081257,11.551365633917227,11.622325964420009,11.587965487845103,11.59331337407022,11.549834475038404,11.514216608871722,11.592724,11.593519286652434,11.551365633917227
828,12.199369419466187,12.1898746669388,12.191575494755757,12.184745694830974,12.158824144429863,12.176171418596168,12.183079,12.174250516653744,12.191343801768562,12.194411296346777,12.19260219962864,12.189566392064798,12.172581503742972,12.17087741125217,12.178255,12.183655652143058,12.191343801768562
829,12.23495318450342,12.216676955194895,12.21317751471621,12.258899450518838,12.303875465358784,12.214984897429659,12.177176,12.12604456586772,12.174633699734478,12.247233526557984,12.209938839487501,12.218060789068232,12.271356496648663,12.182012129612662,12.160123,12.10484409021807,12.174633699734478
830,11.927318049766026,11.933426472560285,11.933375967540155,11.925678320071679,11.912446299186394,11.916289169486182,11.930748,11.951800528626457,11.94209889484377,11.930219824371305,11.933472569084268,11.933254789052116,11.93224467263634,11.925604080620145,11.925392,11.922193187579106,11.94209889484377
831,12.062053991826494,12.057293522524287,12.05779282710968,12.045721531132775,12.008852226671337,12.027427030024366,11.998248,11.98072968268171,12.009532449648942,12.062972833031681,12.06070005484803,12.062848968771368,12.014075516127615,12.005150519946653,11.999021,12.007702765038633,12.009532449648942
832,11.910084104651226,11.921758703628237,11.921557173507061,11.906519543135527,11.895157659968374,11.888202740135036,11.905533,11.894038581062492,11.897925215107522,11.91027027277933,11.921659939456413,11.92166666539156,11.9127120117346,11.892493216599037,11.917729,11.902025610894546,11.897925215107522
833,12.363909004601481,12.366538785263856,12.366817628836436,12.363301172593019,12.367262897043577,12.359115277917471,12.325651,12.326681171032783,12.350722419809673,12.36235953257531,12.367596109912574,12.367472356943813,12.364810375799943,12.352660865958663,12.326453,12.333953330569553,12.350722419809673
834,12.027959654464278,12.035269500257218,12.035459603760936,12.0098150437118,11.975677137635833,11.976986712497592,11.968479,11.977008328154593,11.97121678368627,12.028680298935878,12.035370986692437,12.03528176549986,12.024812862995839,11.953623200988082,11.961723,11.97929258029767,11.97121678368627
835,11.808282692493455,11.812219523906494,11.811788108769619,11.81877758927289,11.82303685097009,11.835128659165308,11.851981,11.843527303671069,11.82554553690936,11.808589344926641,11.811246172252368,11.812368776552645,11.807955402647119,11.825072248669638,11.847112,11.855884682702964,11.82554553690936
836,11.762726653288334,11.741304348631793,11.741456430166936,11.768047940299603,11.811950499496303,11.803590275614532,11.797381,11.745143683177508,11.814362444397396,11.764375982613199,11.740790320893483,11.741571163793386,11.804687581273054,11.776071945332706,11.783415,11.794670176189031,11.814362444397396
837,11.914549983781766,11.90204758221588,11.90369202235123,11.900299632185144,11.924818111873325,11.861880992309812,11.83623,11.832564563139872,11.873792485402253,11.91178522809189,11.911229611396127,11.90974534772403,11.94955693253335,11.848286102286053,11.781302,11.868632276198623,11.873792485402253
838,11.485196407955437,11.489119921119338,11.489987313818299,11.49597826149615,11.500801843778357,11.477159916596898,11.492118,11.488936616404516,11.507555291155363,11.486562284968823,11.48799507912856,11.488719967398893,11.493196422913213,11.470847577814384,11.495354,11.4895500035711,11.507555291155363
839,11.905491421045527,11.906832986244186,11.906111163879416,11.905375702298933,11.899935416852275,11.871939232292547,11.880535,11.86426245233427,11.908422476418645,11.908677623300767,11.905523878455268,11.907143434043483,11.91201972994263,11.889401595998098,11.880021,11.884653935260818,11.908422476418645
840,11.763905678093677,11.766313581407012,11.766583509334646,11.768504676773583,11.751312771775641,11.730677776237501,11.732442,11.70366590384504,11.760847448982762,11.763077799864599,11.767750569173419,11.765154644657235,11.786952740577735,11.75906074419571,11.75466,11.740973136531878,11.760847448982762
841,11.846091493763813,11.836338062795496,11.835627339631474,11.857833720043798,11.864749624409555,11.816917857268622,11.814854,11.78517808798712,11.774982466037414,11.847061235257659,11.837211056488131,11.836649128734289,11.85805776822915,11.807676155812812,11.783633,11.787796914778841,11.774982466037414
842,11.965752323795906,11.93753647511536,11.935305578010794,11.98121981913829,12.031910337764126,11.849059679547583,11.816827,11.848416112293556,11.822782188026103,11.969678461199756,11.923684510515297,11.926061968847009,12.001378712278521,11.827293404644818,11.809944,11.849301889119454,11.822782188026103
843,11.979355803843495,11.965056527912656,11.964970777577946,11.979280894131126,11.97247182105616,11.995986113205603,11.992904,11.991406984238733,12.024413972082225,11.978586457285687,11.965864389906152,11.968718385255434,11.975547221507032,11.9627951975513,11.975099,12.023423577379495,12.024413972082225
844,11.696549596305445,11.710630188549503,11.71432913372592,11.691867944593795,11.73263697886111,11.699816592396646,11.707975,11.70941932166115,11.655048974980131,11.684822361533795,11.718570665275786,11.709013825575013,11.677750105842987,11.701955274843801,11.701061,11.681339130436632,11.655048974980131
845,11.817145447966572,11.805921356396372,11.808098434520504,11.839790182995724,11.871270915921109,11.835854131827338,11.843025,11.896874569413967,11.843731123823742,11.810965844661906,11.809676752352228,11.805216659198399,11.835727282790387,11.835856484773803,11.877738,11.864288447154786,11.843731123823742
846,12.11598310839287,12.107076865763396,12.107455684880458,12.116370350970996,12.151225152002716,12.10258593345559,12.027794,12.038756991468146,12.074068964426699,12.117840010421327,12.10751198818237,12.109387949698819,12.126261101779097,12.164963729746745,12.068161,12.097242281953456,12.074068964426699
847,12.262244659630575,12.260605769058571,12.261419260107314,12.258403234419436,12.22719285844666,12.218700846201466,12.216783,12.21780993190522,12.237523648133191,12.260476401688866,12.259744842336405,12.260353392739717,12.258901397378642,12.194388046697748,12.2173605,12.211567989539674,12.237523648133191
848,11.765107562870405,11.7729687438869,11.772786520629218,11.755990600805593,11.780121111632921,11.792938306802736,11.783865,11.819693703523981,11.80574170993285,11.764754583120457,11.772813255508991,11.76965320243201,11.7558000387315,11.809588222185159,11.799878,11.792290344006723,11.80574170993285
849,12.31725869653231,12.279780658530672,12.279527513215465,12.330187238374885,12.351782530587439,12.247697426042238,12.222951,12.22271470978573,12.251452662693788,12.31723111156618,12.277574614171247,12.281016295370646,12.35110326749491,12.286494438466121,12.226884,12.254792598256731,12.251452662693788
850,12.064910161740839,12.070144655885336,12.071749082919641,12.061308146781668,12.048423280036504,12.103482000389901,12.091833,12.059099695422699,12.065015832922283,12.063007139462009,12.074316392899297,12.069172187832534,12.086645723243196,12.119254058186186,12.088906,12.081561182724618,12.065015832922283
851,11.837555502857885,11.855416189093987,11.855346700524372,11.83915478505841,11.852227229196428,11.86196956029846,11.849953,11.867489848667534,11.867830489596908,11.8372653733093,11.85862557433997,11.85652500853282,11.820415781553532,11.863554846338692,11.858967,11.864458242461673,11.867830489596908
852,12.173299842274673,12.16092380986716,12.161690114335393,12.161845303791134,12.139345300315675,12.198455838381294,12.223351,12.24420631829083,12.282249508306796,12.168921991939083,12.162241880734586,12.160685601186426,12.163021812091442,12.209967983215002,12.231062,12.249753243577244,12.282249508306796
853,12.038954457946705,12.065837446940392,12.065579768843333,12.05021187465147,12.026054885212574,12.034084324888385,12.027293,12.057764186649445,12.027752708082911,12.053249284252775,12.065410122312626,12.06567402094822,12.015817216919727,12.0104025916717,12.021118,12.037293847391659,12.027752708082911
854,12.060246454432045,12.066203264581516,12.065463263098335,12.053071566611148,12.024395905519585,12.045714623686878,12.046865,12.03918064240369,12.036973941029347,12.060992701513728,12.066879333877779,12.066497460910018,12.03659261114324,12.063453690923097,12.02609,12.040752737741444,12.036973941029347
855,12.069510963486188,12.062969014157202,12.064243998563004,12.047928110798534,12.073065699925792,12.047701387657169,12.036291,12.039089270755612,12.07829564919802,12.066505976959377,12.064824074380596,12.062692814900208,12.088100998809713,12.067085310982748,12.018484,12.049908234441135,12.07829564919802
856,11.882383094785775,11.87671013120719,11.876105827670838,11.886185443100997,11.888466587089543,11.875477976697375,11.838518,11.834956304024567,11.841325073490388,11.884375558273863,11.872267907661467,11.872960991366215,11.881644081460847,11.874899449994833,11.840799,11.87180462494273,11.841325073490388
857,11.8781559491411,11.917222079603443,11.917984114599415,11.857596733871894,11.862298199840245,11.892466988813554,11.918271,11.917284952423962,11.895188469656453,11.874760164451057,11.9188513332171,11.916409576266048,11.881629708071696,11.885509337563388,11.896095,11.85470247238964,11.895188469656453
858,11.907040565421417,11.92389767897828,11.92475750389114,11.910734143696487,11.931448589570033,11.96139133585779,11.944638,11.952987015425872,11.92151820492963,11.905168229008975,11.931319331064268,11.929811768000334,11.919720510206437,11.951842883369965,11.919216,11.945516259786377,11.92151820492963
859,11.9602447610999,11.959434690045601,11.960622480202897,11.953373542727542,11.953026472250357,11.989703616807908,11.984206,11.997677687559595,12.00246597709112,11.9555469608193,11.961320568949539,11.959169975650056,11.976417947321764,11.995042462825884,11.9929495,11.990955573881022,12.00246597709112
860,12.337363955847565,12.350852849918368,12.353589833705078,12.343099266269626,12.367211044967455,12.345516641831281,12.340986,12.40337704653795,12.355035790971945,12.339983527299669,12.364514561668337,12.367050952698635,12.34375882212112,12.359029013444461,12.374701,12.373426744672722,12.355035790971945
861,12.026281525298712,12.026244070436562,12.02589375108795,12.028713394345566,12.055904619578923,12.055979341722146,12.045963,12.084765617945997,12.066921293951191,12.028156893955916,12.02551919882145,12.026403375488645,12.013806839921127,12.058225123136452,12.060066,12.079544516969149,12.066921293951191
862,11.782761158274651,11.80877592103243,11.80843807531585,11.780036067899434,11.749559986193146,11.80465494440091,11.8086815,11.811632127064959,11.778223518141603,11.785571253253499,11.806483928706557,11.806962516339468,11.753573037589325,11.77333133357117,11.81831,11.784461613479818,11.778223518141603
863,11.887057590311771,11.879920891221614,11.880183276243132,11.882994517112122,11.862845990596094,11.895167266496985,11.868631,11.873225628417151,11.875690418023423,11.887994543543453,11.88024449791284,11.880090371649654,11.878465104307129,11.907349597107414,11.881815,11.87447478683864,11.875690418023423
864,11.840472678380566,11.84841352652222,11.845941941371496,11.841983384478901,11.874952951509329,11.861789834169722,11.835343,11.81348228412272,11.838824415643648,11.839044243993913,11.839851121143607,11.837015883434777,11.875102043278623,11.872412178389416,11.836634,11.863395218869215,11.838824415643648
865,12.20692322587741,12.214039361681147,12.213813867497462,12.206742747684448,12.243638292369413,12.225725158960623,12.240852,12.226356982735807,12.239568004987383,12.210931771708893,12.212750345521695,12.212951325603335,12.217643146548857,12.220383043902132,12.24738,12.233012385475538,12.239568004987383
866,11.816038524344496,11.806959461620218,11.80685502344935,11.817811025192075,11.829504803450266,11.796557204943676,11.806043,11.80406642419595,11.844898959568996,11.815942119145236,11.806659037298923,11.806409830844194,11.830418931421878,11.816540156328598,11.821027,11.774516077533375,11.844898959568996
867,12.469975917705014,12.463491487391849,12.46354707334465,12.466993001393838,12.47087794978987,12.482730289931945,12.514437,12.53244474570501,12.512188986288793,12.468776628952622,12.463306448886934,12.46340825922594,12.418349234519765,12.483415109635333,12.503149,12.48489199687096,12.512188986288793
868,11.695209185683723,11.688611819229973,11.686791626162048,11.711009763773463,11.766981970553784,11.811885878382501,11.811155,11.78699127656809,11.788828745367773,11.703408066693642,11.685030681310405,11.68940803313207,11.755598583186158,11.804488970152663,11.799479,11.79982625411326,11.788828745367773
869,11.999750048814688,12.014585694649815,12.014102859374843,12.026791936920489,12.052652056658948,11.992966052720686,12.007933,12.007465795532292,12.007534741795887,11.9993416786342,12.013378465943507,12.014854487227538,12.000944758789,12.010575371304203,11.996735,12.01688671864622,12.007534741795887
870,12.370945883370494,12.371924708735039,12.372027052620945,12.372430550323637,12.375065157704878,12.320423169859067,12.329058,12.339165990249697,12.374532093168964,12.370545665417172,12.37245234665602,12.371687835450295,12.368174436906818,12.320674790857577,12.329869,12.319270873193302,12.374532093168964
871,11.505259873303785,11.477096926236262,11.47611762639625,11.522787602924918,11.55364658570209,11.548007111778684,11.572198,11.542420143152425,11.517390699887796,11.505214506222806,11.474021527002323,11.473153560326743,11.542371137857927,11.53148249131503,11.558617,11.56181353137336,11.517390699887796
872,12.100524776983898,12.10931809027168,12.109021371434979,12.104650087370448,12.152836062277537,12.1122880753846,12.119364,12.125064675480015,12.131433849745633,12.10237093333131,12.109379473196423,12.10920966307224,12.142735078633203,12.134215554105335,12.132621,12.115229229725262,12.131433849745633
873,11.645899684134454,11.662226603854572,11.661815830862816,11.620937484052902,11.612092683230301,11.751199666277717,11.699083,11.706021802672312,11.722921109066766,11.646608248861945,11.661695908369072,11.66163531285193,11.589712963356872,11.723033262128542,11.697097,11.722525893726942,11.722921109066766
874,11.724684899019653,11.77691105195142,11.778819986226248,11.721330845366834,11.743549456812424,11.794425182384943,11.77906,11.77014818673643,11.760224598875674,11.707022088121015,11.780249934291184,11.776175223051895,11.71505849594188,11.797025043303025,11.77953,11.774274972803369,11.760224598875674
875,11.427407038297973,11.42655737681291,11.427623074501414,11.42271377904873,11.433965717769926,11.431039475800205,11.435762,11.502491407153546,11.437736216803394,11.423679962441733,11.428774457452938,11.426118871268377,11.457744099054754,11.45712846733852,11.452754,11.399938969317898,11.437736216803394
876,12.707508154434795,12.70356577706593,12.701965383955109,12.700013836108091,12.700004763903904,12.658915306034178,12.704322,12.697370311105496,12.664284901644807,12.71537634323303,12.700026962466524,12.704677595383286,12.685445183744914,12.65929636966459,12.714935,12.662127109444059,12.664284901644807
877,11.8348734302978,11.827008197022922,11.826737238127667,11.820142257919526,11.848583950683707,11.85209869875678,11.804077,11.793973815691414,11.830769461758319,11.836146193314908,11.826181634062374,11.827111981065318,11.838087008523344,11.793383013215902,11.803985,11.82812348745681,11.830769461758319
878,12.738526900370612,12.7523349863078,12.751820070641086,12.736981815297922,12.719923769891999,12.712891729664836,12.723505,12.712108864017127,12.733799617750782,12.742981605657546,12.751521334624584,12.752430236349952,12.736015495228253,12.721087556364047,12.749111,12.72503666769721,12.733799617750782
879,11.876069154076893,11.875252545233735,11.875324986605477,11.881688700146553,11.90992940181165,11.903055753797313,11.927333,11.906932924376033,11.931822298843535,11.874810688806672,11.875442746465616,11.875464031402322,11.899395632501,11.899514042785306,11.940347,11.921772066422317,11.931822298843535
880,11.827986010544064,11.829415126897198,11.82872689812737,11.833667255971113,11.846345182601784,11.842051522945717,11.830799,11.830148088713008,11.863736947919008,11.829056799056671,11.825899737186695,11.826416360637264,11.818034706129486,11.841701304354453,11.843812,11.840042490243883,11.863736947919008
881,11.916802239677047,11.909559117327726,11.909540669370902,11.927538525048982,11.975549306616806,11.965189373058799,11.9906025,11.997324044481307,11.99570987037879,11.915762431576775,11.910308715415994,11.909376821013138,11.964196274614723,11.98189248328257,12.015577,11.951736553025919,11.99570987037879
882,12.26970223116346,12.29197118856826,12.292570557438836,12.25857055413437,12.2338529465334,12.230103561427029,12.249807,12.21290960080527,12.284855811951664,12.269242104512562,12.294236246055101,12.293983323705962,12.243866449138471,12.234348584089703,12.228079,12.235812550816274,12.284855811951664
883,12.019221775650315,12.01574248099753,12.015029295130935,12.028970337797357,12.050809618575864,12.047373593677689,12.054271,12.051890045934334,12.061911623938647,12.019138806955555,12.014091703019846,12.015982899640385,12.032238405487217,12.04344683045646,12.03838,12.044903201350625,12.061911623938647
884,11.84892994930122,11.795919130338156,11.79227132240289,11.836242593050883,11.759422257022404,11.716727886467954,11.711341,11.6967330247951,11.697133108138605,11.851524255547577,11.801559199093333,11.798047308932935,11.785358204994905,11.733411662372506,11.701586,11.714546136149277,11.697133108138605
885,11.573325816091305,11.580172246409274,11.580069885050413,11.599897561872265,11.646327130888208,11.701750005898047,11.683059,11.668124225952628,11.673163001324518,11.57453237362297,11.580195132552236,11.58008872143083,11.614095795207783,11.678395651656638,11.677224,11.701633362845715,11.673163001324518
886,12.466933005831688,12.47061729340176,12.468785595680771,12.48495340121762,12.51421542100335,12.534236635572341,12.551153,12.581759115096883,12.56601643817481,12.466304196876255,12.46728973337831,12.470885018308811,12.453311640690204,12.543983724024429,12.564748,12.592417435357673,12.56601643817481
887,11.961139475072557,11.98637989642385,11.987920437351606,11.950119937691259,11.947361177809075,12.005084493714005,11.961401,11.978585167225575,11.969029299526893,11.961526332527047,11.99585290371174,11.997681169919964,11.938096870707305,12.002201895251506,11.967712,11.978918352086879,11.969029299526893
888,11.901579134917506,11.915755755448965,11.915366911766764,11.92372766390557,11.9196945219485,11.830170317800542,11.849393,11.814369434526808,11.863838253371597,11.902897591617062,11.91627731700221,11.915880497210994,11.895428551506702,11.824923753267036,11.820892,11.83573503216523,11.863838253371597
889,12.57949716378546,12.606967719603299,12.610783625380156,12.531225225162332,12.499421579611735,12.577141317416533,12.663993,12.605432544800047,12.581095604198758,12.570497426782852,12.615633323845053,12.605171605734016,12.506172312989037,12.612659162628002,12.659237,12.655669582921602,12.581095604198758
890,11.994296852893802,11.99310029864639,11.992700752561253,11.99028195908524,12.018060326129213,11.986264486216967,11.976533,11.981873947644367,11.981717931477593,11.994738269952581,11.991262862476223,11.991653180516455,12.024329878077783,11.946487405010688,11.979821,11.978238746856952,11.981717931477593
891,11.62558395276466,11.628828899529866,11.628274957721812,11.611318427490101,11.552391272339923,11.648403101609743,11.600201,11.587466122223208,11.640340491269425,11.62023523068283,11.628148336915674,11.628950011830156,11.613588360261762,11.62451268663551,11.6283,11.622414171582317,11.640340491269425
892,12.030210128231088,12.038943748824625,12.039345772788739,12.02902328674135,12.053841108048175,12.021665951045945,12.031066,12.038077055211621,12.026777096172324,12.030721359876187,12.03995406499679,12.038693574535296,12.077547895564768,12.013253215160614,12.020773,12.002371340696122,12.026777096172324
893,11.911169611187796,11.91454894933829,11.91437610041915,11.909595278813892,11.899586510625678,11.902405919663474,11.881858,11.90369289627473,11.894773025820635,11.911476726628155,11.913316602631914,11.913413902161194,11.90613726064114,11.885402673241892,11.88508,11.886108996880264,11.894773025820635
894,11.90134601241901,11.867629656227965,11.867857879886015,11.885760494839252,11.9135763105877,11.930339536237774,11.926853,11.953932526933698,11.93764613862814,11.90222769010387,11.87208777569822,11.877722471157915,11.921627046961191,11.930053311915115,11.945332,11.926621072294981,11.93764613862814
895,11.649194872242045,11.656199637809094,11.657995247781459,11.65786683912566,11.69468362328431,11.709164728858159,11.6834345,11.692749008469109,11.689869206721067,11.645852483292007,11.659061866300442,11.655907310099966,11.70188764811676,11.726667369639918,11.696396,11.702136571085811,11.689869206721067
896,11.974435563030417,11.984549768455128,11.984947413539198,11.967312416632213,11.957115061508487,11.998850815066124,12.002868,12.002961884028128,11.997867086153207,11.972052686755909,11.985325635523761,11.984360134694438,11.979380769660128,11.999553191328324,12.00615,12.004065044830902,11.997867086153207
897,11.376909126875512,11.424005585519357,11.42424567652533,11.378025187599352,11.4452377199894,11.407651538134193,11.421529,11.401129714390681,11.4116774213276,11.3717061837193,11.427461869773074,11.422455727309782,11.458725234869215,11.4079055734712,11.396044,11.320113599969673,11.4116774213276
898,11.805357354883524,11.824449434213253,11.824606555159551,11.821145938510615,11.949398741603872,11.817776375683962,11.871885,11.876566893725633,11.869151084590941,11.809972919114657,11.831626997126254,11.829756514775626,11.884092873788175,11.828828015965284,11.849397,11.833796308046326,11.869151084590941
899,13.0188957686835,13.030552478780818,13.02974139234858,13.045480225714167,13.09169614496499,13.080028371090197,13.073098,12.988572742308435,13.001154803625795,13.023394197770337,13.027779677209855,13.028068206734524,13.050994026112297,13.104159214934517,13.046525,13.058625684864245,13.001154803625795
900,11.792774413310047,11.787072182306813,11.787654441475837,11.795551027403617,11.804959266200395,11.83605096238525,11.816498,11.831153914428619,11.816024303957342,11.790030163672624,11.78762842108058,11.787004793915466,11.800305023645443,11.834925703107642,11.827996,11.841697222877468,11.816024303957342
901,11.606270950537173,11.598786378178639,11.598658176899685,11.626219811701933,11.652209304841715,11.660169483661578,11.671669,11.67758669640635,11.676061929080792,11.60597338592297,11.59832319139705,11.59827207156665,11.638328798805802,11.644818040151597,11.671039,11.674141586492613,11.676061929080792
902,11.933310029425389,11.921535632104598,11.921597369358086,11.910583470994563,11.884130919540976,11.881293617385987,11.883711,11.897122150099975,11.897084150704007,11.93383489605711,11.922262547106543,11.922214283188033,11.920213926647587,11.891348497679775,11.892421,11.876656403348719,11.897084150704007
903,12.11116692139672,12.116526720732802,12.117719358918531,12.09898357008969,12.081887924145898,12.09804297874851,12.112871,12.093183333079024,12.08574493250863,12.11251822345258,12.121820733268358,12.124743964763086,12.079818089550152,12.087729375578991,12.105948,12.115501677736194,12.08574493250863
904,12.451153415026535,12.4477032411742,12.447137543532639,12.438499769718968,12.436118829828477,12.39237702173836,12.430693,12.38772003793097,12.386214971878106,12.451650089966945,12.446634117266084,12.44788118954018,12.422127784586666,12.365627189444735,12.395644,12.396024159282115,12.386214971878106
905,11.623768232652651,11.607780320512376,11.60810570353911,11.64093930758777,11.689529980511445,11.697766965484616,11.712696,11.718329006367442,11.691026423816824,11.625971158439555,11.608067777110847,11.607820900891852,11.681109582602723,11.706011256562437,11.703565,11.713446278952485,11.691026423816824
906,11.677284827545346,11.686971847360583,11.686269445204534,11.667628600958102,11.717190993164742,11.770730282597258,11.754258,11.777187196979934,11.746994728955018,11.679631330410315,11.685553320729104,11.687317440480449,11.713655445804164,11.76862901618372,11.755383,11.7624968814093,11.746994728955018
907,12.538423596696283,12.512952506373473,12.51259125036615,12.530721461361724,12.53417255667464,12.487744328389281,12.478873,12.465396921710242,12.516508866322525,12.538375648631071,12.513684668983439,12.51332350486659,12.539517733343898,12.477325355100032,12.488195,12.479522051532594,12.516508866322525
908,12.327019814806398,12.365575965047093,12.365168148206202,12.337710849300613,12.324891813540107,12.43263117358086,12.445838,12.443302134614997,12.423234747821114,12.329368743799737,12.365649620077546,12.36537659028025,12.28277844565451,12.381699530673805,12.428623,12.43159535390952,12.423234747821114
909,11.736552956505395,11.749573477385669,11.750613905319485,11.762582731351092,11.795054860121319,11.806506384552282,11.774795,11.7673476692445,11.78993108772558,11.73742575210508,11.752551506041497,11.752355921157736,11.75281629047258,11.772908199117415,11.772576,11.79746844030668,11.78993108772558
910,12.094028005246066,12.095582244939894,12.09622313869041,12.082153205782367,12.062919123131426,12.132247770628473,12.125375,12.133353097493558,12.128758782430552,12.090660013478123,12.097298252442164,12.095109826365583,12.092027120028778,12.071645917845473,12.139388,12.101554651546817,12.128758782430552
911,11.999096378244465,12.029145848304426,12.028080583055958,11.987989572662052,11.948882092254353,11.928107002641752,11.911338,11.901786245861379,11.97870834969574,12.001992242128038,12.029670047231546,12.029072501855723,11.983131141592152,11.90143288849132,11.884995,11.911816419275977,11.97870834969574
912,11.955326040255107,11.966612729085513,11.967095335492873,11.955985220593078,11.960075916909668,11.92820105756684,11.897661,11.908274351044637,11.915206756198037,11.955043707900082,11.96723683610243,11.964770594971236,11.9598371831507,11.923920293511925,11.909542,11.910031505469224,11.915206756198037
913,11.533210394167472,11.54041755841689,11.541670261196023,11.57692817853394,11.641381225516776,11.539853258328456,11.527301,11.556792597307062,11.479621838255504,11.53401706635233,11.542036189868217,11.540167434610153,11.604345920661816,11.570402763700091,11.531181,11.503330072357665,11.479621838255504
914,11.964480872297262,11.99922066579572,12.000689986379493,11.952070798258898,11.901680438121018,11.923396629680335,11.9551325,11.91316332443799,11.906863318028375,11.974195372955405,12.004909876458347,11.998879231583912,11.929231244165715,11.874858251484934,11.944942,11.962069774066444,11.906863318028375
915,12.040049641119415,12.046455713923034,12.044921171440027,12.013366007036606,11.99744563612613,12.070504227581274,12.014685,12.03924961193272,12.041757842944223,12.04297980916089,12.038980890912594,12.040113481513753,12.052391253260867,12.054280046420184,12.024889,12.06500265364445,12.041757842944223
916,11.313339383082932,11.342595681550268,11.343356532152782,11.344631655996654,11.3537465715651,11.377071189607067,11.382188,11.357958232780172,11.354038560100818,11.308146034642066,11.342575472328816,11.341295813691374,11.358017602512694,11.353629124091045,11.377332,11.368383375186614,11.354038560100818
917,10.954649181861672,10.85316778583542,10.862247950858476,10.966023988098051,11.078545149992891,11.092426614211941,10.917427,11.04415807209473,10.991604853695643,10.949413344767722,10.84758613387311,10.852817215004292,11.099175719262094,11.117594155895787,10.991701,11.111069279692375,10.991604853695643
918,11.772619235263463,11.76006467178091,11.760218556459149,11.777196675232508,11.818140747149657,11.780629691829077,11.749712,11.737083316651711,11.771406092224261,11.773643028762065,11.760125977131114,11.76023045762326,11.825776371149159,11.782822708328235,11.752065,11.774223514470172,11.771406092224261
919,12.448389515721106,12.435724544062907,12.435718026421954,12.426624667601317,12.399562352635755,12.481792217601118,12.454983,12.464110901008219,12.452178693827548,12.447901859074372,12.435302361530386,12.438434075126215,12.381968653154999,12.445534342142494,12.456931,12.475131919547119,12.452178693827548
920,12.238429414974794,12.219088298497544,12.220007615998915,12.194815801786241,12.124109610353706,12.143642174043292,12.095499,12.12080000510426,12.107409772447987,12.239911663489472,12.221743881239972,12.225568515877068,12.15141641234096,12.112900987542535,12.084462,12.108317533917385,12.107409772447987
921,12.142956474808775,12.150507305320831,12.151360243481209,12.15199570295269,12.179622948670636,12.15043370363108,12.159147,12.18159647412285,12.17028539836991,12.141371413247102,12.152631582938675,12.14995780892764,12.164683086989507,12.164401409653179,12.162847,12.15348740518026,12.17028539836991
922,12.003276057026815,11.984904526064476,11.985700416921892,12.034532340131134,12.070355742259276,12.009755317241346,12.014385,12.055558140895526,11.95140526721409,12.000548993872473,11.985521392020857,11.984862444538452,12.012790132307886,11.973996333345013,11.979388,11.960192481115497,11.95140526721409
923,12.137271353154954,12.12397775609024,12.124349405747553,12.13417404070417,12.137456688948857,12.081689930155116,12.071103,12.084236783405448,12.107918378752007,12.137865116649676,12.124942908346206,12.123796422848,12.12780104610721,12.083889305658587,12.082221,12.07154146257872,12.107918378752007
924,12.173868131586858,12.182415170610504,12.18431336855794,12.193338567472175,12.23532822468213,12.175127938544525,12.16808,12.141768654963446,12.16258381589088,12.171693334696307,12.180166472860535,12.181513326918964,12.189064001083588,12.179635033008664,12.166447,12.17033430211419,12.16258381589088
925,12.240960395176781,12.24616587476932,12.247915932792434,12.221300338880146,12.237495635441109,12.182446936292132,12.157863,12.127514533272409,12.194528019447585,12.24213349901651,12.255073877975425,12.256479018135979,12.249397088399366,12.160594240334293,12.167677,12.16788574360853,12.194528019447585
926,11.942212061908503,11.926532370466953,11.926727965707395,11.94474211439821,11.975805714102085,11.965151339392188,11.941657,11.920664017936673,11.958962626651198,11.940428797064884,11.926858922847057,11.926705411401008,11.95536481069477,11.960355420886643,11.948839,11.92960653512364,11.958962626651198
927,12.602439113993924,12.602975969254016,12.601410750307508,12.596362967418841,12.59700493383215,12.568095453532527,12.5283785,12.544217357434457,12.516785074671033,12.608853035183028,12.599935842044875,12.603488902525639,12.596452353307946,12.552890501856325,12.537688,12.534580445752018,12.516785074671033
928,12.092641388684136,12.106532225004246,12.106494347913612,12.093937413003085,12.087143250132884,12.138847597999503,12.117049,12.12314250014031,12.146768849090098,12.09306965553205,12.106934464076636,12.106342460939157,12.109558320462463,12.141793995759384,12.121105,12.110926442386713,12.146768849090098
929,12.432854812743049,12.432611647575325,12.433474318881174,12.419948866924633,12.396816344605542,12.427551813557326,12.386276,12.424531571740324,12.406381278478953,12.429210037147271,12.434173727660129,12.4323486175554,12.397815453992534,12.411498514682156,12.397242,12.421147958602187,12.406381278478953
930,12.298281246437545,12.291648848717468,12.29237948657413,12.289627730250634,12.293332841962533,12.315910331739412,12.317986,12.312592114634828,12.330877755337239,12.297098552731894,12.294398882457232,12.29406074872001,12.280876749191242,12.32198994970617,12.3063545,12.311336620300983,12.330877755337239
931,12.315341995664156,12.30435529668855,12.304084562453866,12.30305136212772,12.280959599730169,12.282811005659841,12.304253,12.302854392676284,12.27323503140592,12.312416733254286,12.3045152685757,12.304217886484066,12.281229597321838,12.285825036740961,12.301724,12.296803540596601,12.27323503140592
932,11.723501030361847,11.721038171565478,11.721193137518355,11.753688819239676,11.787644648909687,11.739552083112986,11.742242,11.753421115108988,11.759216701173381,11.722959689279548,11.721524970875842,11.721097724191328,11.74838595320941,11.734748055764957,11.758065,11.74016474896972,11.759216701173381
933,12.576087243871434,12.558743567818212,12.559545984783995,12.587744116137797,12.646324990419153,12.650025489433741,12.512237,12.550132797910344,12.608818605611251,12.573578234388776,12.55813073282192,12.558604999222897,12.56708293674127,12.615314114737954,12.581994,12.579762590480362,12.608818605611251
934,12.21947744500902,12.224989937378764,12.226372081109092,12.207500552168414,12.19268712703489,12.22294872892958,12.19245,12.181104370222359,12.215851166237883,12.215630728485781,12.227910135327116,12.224424759309807,12.19781055805899,12.209572731895516,12.196488,12.200497060160089,12.215851166237883
935,12.432182005182653,12.446079683263495,12.447959846922023,12.366939873862425,12.310121817918072,12.423370072821355,12.436831,12.354161592622873,12.405042263493065,12.424923500255312,12.450236402995488,12.44513319224403,12.378860380009332,12.35818178005871,12.415134,12.371661529994462,12.405042263493065
936,11.45942828139875,11.47864694962645,11.477040810917261,11.488480514105289,11.493754788343344,11.327469946883634,11.336949,11.30119671388999,11.309460719482553,11.462759821342678,11.480179919054526,11.478979299717947,11.47466699027631,11.331067630625604,11.3266535,11.306664577364614,11.309460719482553
937,12.152524822223961,12.152529509118514,12.153054813491657,12.147134595534158,12.143680959833194,12.128796102941545,12.110342,12.127778162510971,12.131340563491623,12.151328330584025,12.153850568989931,12.152148106934348,12.150682008156638,12.126758787754754,12.116377,12.106683350209154,12.131340563491623
938,12.37281051460582,12.357191559781526,12.357134224748668,12.365973313600646,12.378175505761691,12.347740382491285,12.316424,12.344713289424297,12.372492196950764,12.372301628503692,12.357242360908606,12.357344386908512,12.392313330270197,12.340646264263189,12.3289995,12.321941863098827,12.372492196950764
939,12.430563773155985,12.440540147996298,12.44138173899809,12.429325761368709,12.416835916749053,12.385035359468668,12.409445,12.411804152794288,12.434970870714205,12.428968804071152,12.442673939672478,12.440063484753106,12.424278629298534,12.368460431819411,12.425272,12.419121266865263,12.434970870714205
940,12.337991639732989,12.344005469182914,12.343727790795972,12.358477374364398,12.346393506727894,12.297680812203142,12.426358,12.374489826249098,12.321941246051693,12.3420737207852,12.3442358215218,12.343959341476046,12.352957413358757,12.374169417941983,12.41508,12.36081705829764,12.321941246051693
941,12.05086910980983,12.07802802799664,12.081260625642646,12.043064742415895,12.02233995485499,12.038891862261423,12.097862,12.107501617755762,12.099707365541752,12.051756206186733,12.097739703196185,12.097538255758167,11.992281921717126,12.033186076530978,12.0783825,12.059970153782297,12.099707365541752
942,12.288675294249643,12.300138169564999,12.303596714065655,12.295716667108058,12.307100659831164,12.294794397958828,12.284631,12.294796169240756,12.31205281961068,12.292273644970596,12.316985043921354,12.321090456405813,12.3057711556695,12.297666370294273,12.295511,12.296144599243984,12.31205281961068
943,11.74246162944208,11.734240625389514,11.735034852467809,11.781647190736999,11.792913251938248,11.808564885323051,11.717889,11.713242518979992,11.803978441464592,11.739177275164758,11.73629146293007,11.734103836741,11.778566459784653,11.744719321177147,11.746704,11.779437971237941,11.803978441464592
944,11.892912647783755,11.909684228801316,11.911600472163201,11.873119765631282,11.862988608375554,11.824117564944034,11.874638,11.882718373344597,11.885720052809766,11.894210324387066,11.921011671797736,11.922183199992016,11.84325740364088,11.851615971458655,11.849014,11.86687729517291,11.885720052809766
945,11.983618829896798,11.98008493525544,11.97818151378952,11.978686022026116,12.032521085743062,11.99510194569881,12.011439,11.997892926516633,11.986144150669523,11.993534343485347,11.976689373915,11.98093481651697,11.994529273037962,11.975706194068826,11.992289,11.997090324043157,11.986144150669523
946,11.881783394485254,11.870124794421857,11.868134278678514,11.897351738717779,11.888089580975086,11.81376864235138,11.843267,11.846703100866952,11.825313072123691,11.881335087560153,11.866511166817284,11.870917924708907,11.878227586930393,11.78797028215556,11.829599,11.834741171620593,11.825313072123691
947,11.857401573896047,11.851209104144779,11.851410283064205,11.873733647804936,11.887135049033562,11.921416845677967,11.881214,11.875104802204524,11.924800132643286,11.857074572430722,11.851147450774434,11.851282431399534,11.865840662486997,11.906008836606933,11.88521,11.90654644448747,11.924800132643286
948,12.495827379047,12.517052945097147,12.517003221827206,12.505714680355364,12.526102634796404,12.566144484712105,12.578579,12.547634686858384,12.541492721975978,12.494732489541725,12.516865671738824,12.516964255787366,12.499961600822,12.545057880675571,12.565173,12.583816523857816,12.541492721975978
949,12.235355888526058,12.235847302323767,12.236267830050886,12.230889564990006,12.213010402542029,12.224847254514362,12.223872,12.224782214606112,12.207838489213303,12.23439087330918,12.23542312263691,12.235773365966134,12.230027851418788,12.205715083191887,12.225418,12.22532389322857,12.207838489213303
950,12.12864892508092,12.129248615260526,12.130160082743432,12.111141296448938,12.080994652439362,12.074388638315217,12.103348,12.110926134647086,12.095079031375027,12.122743637838894,12.131212966780643,12.128745677850876,12.094219696525904,12.077373399966588,12.105285,12.084804053792416,12.095079031375027
951,11.828867948818015,11.814973042048333,11.814831491512466,11.836331394416664,11.825662370554896,11.829633152583652,11.850825,11.812843393134425,11.87695393125642,11.828088742072561,11.813565031819145,11.815339178560782,11.829706416565202,11.842477600557663,11.837623,11.831808801575637,11.87695393125642
952,11.624872222160068,11.635740984995953,11.635721185384927,11.620599299643494,11.63079647932198,11.701820565834975,11.705297,11.702095032251828,11.685819533800167,11.625261219232529,11.635748314955924,11.635687700138863,11.63507697077697,11.658358206275992,11.707321,11.696330707663034,11.685819533800167
953,11.741441437704456,11.756868087071645,11.756157375952084,11.739568291453093,11.766059713774473,11.801390892292769,11.794806,11.799657593453333,11.813006410813188,11.746055287001266,11.755831813063539,11.755609170506549,11.71654169420802,11.803226050759857,11.786688,11.787901470151281,11.813006410813188
954,11.95898333482947,11.968960834313622,11.971204613976251,11.952929656069022,11.98006429109107,12.019929087226744,11.971492,11.992409426764885,11.990466213465192,11.95941809163541,11.977738909831288,11.977365574492433,11.938460493111538,11.979764561337431,12.006237,11.994024222288346,11.990466213465192
955,11.703628988589045,11.659938979555015,11.661055926120559,11.718962899306222,11.818060597832954,11.819417953910373,11.819283,11.807818491654293,11.790440693969046,11.705646853321005,11.659547968207232,11.659786370467335,11.718062455912031,11.805222500661374,11.825651,11.821747141101367,11.790440693969046
956,12.01161457846505,12.025165339703848,12.024758384536398,11.997579407517675,11.940015109406822,12.042527718287644,12.058414,12.025170930313488,12.009926313363371,12.017133034747717,12.026677130607872,12.026183641980488,11.966526494226175,11.981798124355489,12.017974,12.040943209052571,12.009926313363371
957,11.689845765977111,11.669036061169761,11.669587312943111,11.696262586118698,11.700882978973084,11.752862246733903,11.749505,11.765803255690011,11.753904587783056,11.692049494210023,11.673547388968782,11.672675199822502,11.734928625553833,11.760454376330543,11.72975,11.761608297121853,11.753904587783056
958,11.748844274931825,11.744435034809214,11.743414368541698,11.749628245283954,11.749417341123298,11.773461104619827,11.751463,11.746876316567167,11.743234260879639,11.75105419075773,11.738629775531907,11.739602211482254,11.765336706578951,11.7473866964158,11.766026,11.735297346779141,11.743234260879639
959,12.180484386201588,12.18290902513159,12.183544050128008,12.175960433885425,12.17633039653894,12.167758322978939,12.173378,12.16827647799643,12.163188691334481,12.178489958531452,12.186351097845517,12.185768179575154,12.159505214803266,12.157288067071406,12.178958,12.166214936378335,12.163188691334481
960,12.027425436279358,12.047710248262465,12.048708397163631,12.029609271307411,12.065112758778913,12.04435748720463,12.0483675,12.043015634925652,12.064125323532464,12.024874596731467,12.046359132559235,12.047126798153899,12.019807133261077,12.04828011288801,12.0671835,12.031223093452077,12.064125323532464
961,11.692233315816704,11.714813252808757,11.714240973614825,11.673259931113122,11.70391012533306,11.703847229728053,11.680318,11.650998192585833,11.699924396939576,11.699153425890508,11.712442757249136,11.712864550723054,11.709938444212229,11.700174795079787,11.702404,11.694373020035309,11.699924396939576
962,12.450089663669745,12.449535144728914,12.449569820062372,12.464431112103501,12.495783071867201,12.465734903591164,12.477222,12.43441648668371,12.48069481513916,12.453399197605021,12.452460582040974,12.451589672563685,12.476675230486103,12.521414251613402,12.4566555,12.42011682988856,12.48069481513916
963,11.988520353590907,11.953462089580194,11.953500693167284,11.976593875758006,11.964278182381088,11.984078140710624,11.97632,12.002521371181004,11.99583462966946,11.989417213668421,11.953191969009465,11.953973547857638,11.966015102013499,11.976862201664098,11.98368,11.986616753320348,11.99583462966946
964,12.494918270891832,12.498958849035882,12.500092049460987,12.49478102047616,12.504917239559049,12.511241848013936,12.562592,12.505773836261511,12.4710258002447,12.495610909651544,12.505050862920166,12.507468152990683,12.472187900192562,12.502220861227002,12.533729,12.54741094491512,12.4710258002447
965,12.307946458852285,12.300585090239514,12.300741757841541,12.306263335333442,12.308058252832808,12.290841505978163,12.271184,12.26210031693174,12.294476109441234,12.305160773669634,12.301444328689719,12.300505746956134,12.311247514601732,12.292659508687379,12.296316,12.266511444538175,12.294476109441234
966,12.068293499603751,12.068389926827601,12.06877288880621,12.052118998028433,12.043967773311163,12.045448827385373,12.041025,12.023553729280845,12.044572216395522,12.06900205046381,12.070823412735075,12.072708079154914,12.059809204515009,12.033873205005104,12.024803,12.010047053700747,12.044572216395522
967,11.964030261955564,11.95412746608141,11.952433770476249,11.938340280997128,11.915298994076798,11.880943417472414,11.912489,11.94605000103143,11.931971110952546,11.966081544712104,11.956207058993995,11.954922657240644,11.925358032738378,11.857780161906112,11.912637,11.887716575435062,11.931971110952546
968,11.783643602004624,11.77795786622247,11.777388913782257,11.786004489292855,11.802555950929625,11.828272123233393,11.799874,11.792732247621231,11.814837727841892,11.783806347841578,11.775003858457435,11.774363773228211,11.798407404060228,11.816234879187142,11.781942,11.805287770176086,11.814837727841892
969,11.155584526194458,11.158264888828644,11.156762760806274,11.147894456464604,11.16592176209315,10.979797622181485,10.952489,10.974344990078551,11.032275768059117,11.159080855550874,11.155469114772124,11.158692303525532,11.1870801558221,10.99683980012445,10.859108,10.94866585486139,11.032275768059117
970,11.780525168011202,11.768446830345075,11.768441694265148,11.764291308086943,11.758252125303269,11.740255235839442,11.764203,11.757824922637342,11.727933492638131,11.779858879367758,11.770043852830595,11.773134263657356,11.741373227332115,11.762782086744815,11.744926,11.772042260478992,11.727933492638131
971,11.322248514191495,11.331839704162766,11.333072253562165,11.308132945635808,11.305398079076982,11.228852318425089,11.220681,11.191857134959594,11.203509117113871,11.315679905445746,11.334519486396232,11.331253620592555,11.346231776693687,11.175690087733427,11.200492,11.12062892228859,11.203509117113871
972,12.103653398481415,12.120447646560347,12.119691774868395,12.090312567305865,12.07267630328229,12.088919538420566,12.083182,12.090958886878905,12.107013888868694,12.102853944969143,12.117259176799704,12.115863893648168,12.11083755131503,12.076161634033092,12.101604,12.083015860384712,12.107013888868694
973,11.678586344638529,11.691246705049421,11.690998413121214,11.686357315867683,11.6995082068189,11.721920192275485,11.736053,11.710377709125344,11.737486789303585,11.677841708032938,11.69188714597769,11.691025624494968,11.68295266529408,11.732803915720332,11.717733,11.748418829386226,11.737486789303585
974,12.242043408882465,12.242645857857152,12.24219555906001,12.245078959043683,12.292861549211894,12.202505771744491,12.213907,12.202488421976232,12.246001978309106,12.248707395780967,12.239955457915535,12.240366929736572,12.238309370144242,12.199199826478003,12.214122,12.197372319408247,12.246001978309106
975,12.082695633524944,12.085498988445861,12.08593885437799,12.070628178790443,12.044148885367584,12.17089890760939,12.143546,12.21927302507259,12.071273289186024,12.082559171291894,12.086191184760272,12.085308575679981,12.076449586067849,12.102337627264003,12.190598,12.141317582105648,12.071273289186024
976,12.107061387385551,12.115118628521941,12.115515037551889,12.092505804116795,12.05222198046509,12.018399277789799,12.029746,12.000568761264,12.00223481893564,12.10798932269656,12.116743083694509,12.118382113515286,12.065252327695163,12.013304532347043,11.995932,12.0342757090924,12.00223481893564
977,11.416526895175148,11.388714695086652,11.387911339175064,11.413536013713047,11.419946385991953,11.361856514918838,11.362263,11.287813767737806,11.400327905621841,11.421427231487815,11.383338442646282,11.384358432967943,11.451360592063734,11.35477856916185,11.359049,11.356268061955902,11.400327905621841
978,12.200766224946161,12.198940902325315,12.197545518380311,12.212053662612943,12.207267009827238,12.191673488626188,12.207887,12.172879122002069,12.191747529537182,12.199352106583907,12.189787132445774,12.186107502530833,12.205257365137065,12.149663499183552,12.20156,12.156811943774022,12.191747529537182
979,11.527707425033059,11.529622471775236,11.529053186911787,11.53350424354825,11.552951828526192,11.614132482671582,11.563166,11.550701385456389,11.54747030770025,11.52499555138207,11.529043547051238,11.529375863637616,11.55903868788594,11.588794299784727,11.531356,11.565603932692888,11.54747030770025
980,11.825756764981419,11.827397547256249,11.826460559801815,11.832174978983296,11.841243684361244,11.82260511303271,11.843044,11.867928111667519,11.8318758212977,11.826357370944848,11.828590940415632,11.827855744233215,11.853987088316662,11.837230459906454,11.853541,11.8310981654195,11.8318758212977
981,12.235300414026288,12.224615282000983,12.225117495749332,12.191940999249159,12.12855839630055,12.068469276402585,12.092621,12.070729770344231,12.129179967870886,12.228947321141423,12.2257318176833,12.224335476330312,12.157139036595023,12.059247062902262,12.081845,12.105961824823758,12.129179967870886
982,12.646676016075519,12.649107905686478,12.647921039995149,12.655216660732545,12.706757204232831,12.693464751233734,12.694727,12.698966999434894,12.707548977679926,12.65135421407465,12.646733110579552,12.649438738669627,12.688006182455892,12.734059046101843,12.717273,12.715823238194787,12.707548977679926
983,12.051510301162347,12.043271528396456,12.043385504971424,12.045070555055677,12.049200404576355,12.05558280959272,12.065385,12.05662072543526,12.054043097985595,12.053506597530637,12.044391380035053,12.04413203143503,12.040562592180693,12.06232056076647,12.055964,12.058526164821096,12.054043097985595
984,12.438693900702965,12.424531595164886,12.4256642556078,12.415743395233468,12.403190234128669,12.471283000281879,12.456021,12.461223171273094,12.420670566102721,12.434593946370907,12.427186582089305,12.424329492941478,12.400160624980956,12.450649018181348,12.464634,12.458463941397671,12.420670566102721
985,11.71760630820312,11.741287142513556,11.742850501135894,11.733690055438602,11.727658343465045,11.729187781297359,11.7264185,11.740181221030985,11.740366523738558,11.714420935596728,11.739533445431556,11.740593328666094,11.732160028104582,11.732131566876944,11.722605,11.730580041297774,11.740366523738558
986,11.73551696299958,11.737165033355323,11.734222842628672,11.732649447300586,11.727993171740339,11.751808080511227,11.749997,11.734033013135326,11.720399452171002,11.742425302986996,11.73129310059844,11.73792438250141,11.752251646305062,11.754916894989915,11.747498,11.745766010167944,11.720399452171002
987,11.834843590292722,11.84704759072122,11.84718283535212,11.810162911528652,11.741934334722595,11.76737457546928,11.793724,11.811514800520106,11.811081492586698,11.829288862829285,11.84722457754047,11.847128391509662,11.767711418695328,11.765415709035961,11.804648,11.807814598958585,11.811081492586698
988,12.833115801705068,12.830437717281267,12.830351340456623,12.855637466001951,12.868930769384114,12.963561111211902,12.909047,12.921626980160985,12.921133884698268,12.833890189626413,12.829768897404838,12.830441741946725,12.836434008325256,12.98353792688443,12.934717,12.941460029544274,12.921133884698268
989,12.126870980675786,12.140229932860496,12.141189699314571,12.136501045404495,12.176792949131507,12.131198532986248,12.163676,12.160835961489411,12.132951788562227,12.127839475025413,12.147587691043537,12.14751096251319,12.14657194799057,12.138205655280705,12.153273,12.128804477253631,12.132951788562227
990,12.189427034133224,12.205268530326578,12.205102372545422,12.195007724980861,12.206505165005574,12.175912118950357,12.150973,12.129214764443889,12.147118694702735,12.190659713194933,12.205261632943168,12.205264986557435,12.190223569959963,12.165232228993162,12.143689,12.140526882001025,12.147118694702735
991,12.613220466835072,12.619980284913172,12.619316912485436,12.62471583858564,12.663609385815798,12.664914112405539,12.625995,12.637416981160488,12.659817522975663,12.616618970291865,12.61867932832266,12.620191385787559,12.647193712875483,12.666935565765963,12.637106,12.641725044419816,12.659817522975663
992,12.149872129018181,12.12754076758184,12.130103122759836,12.136723795319519,12.152103911344357,12.151780994514173,12.108375,12.061457932285526,12.186349939506982,12.152109270469921,12.140316162242687,12.150535432316078,12.12053726843769,12.160310937008743,12.090535,12.156201296436763,12.186349939506982
993,12.24862542828464,12.242157255832314,12.242807183048281,12.242556599819519,12.269980527854356,12.166764980777995,12.164275,12.155479543624185,12.1794234858329,12.24440042713825,12.243032024939097,12.24207988526205,12.247122594950815,12.153090561180969,12.15885,12.159518581115357,12.1794234858329
994,12.065237453669297,12.076930256804213,12.077117807871982,12.053504235116415,12.046728228887892,12.043745227768055,12.029945,12.049044523927902,12.040976926727092,12.066194598829911,12.077666287773457,12.076733863573883,12.067451728143821,12.034572150763253,12.026126,11.99663949286032,12.040976926727092
995,12.777359232397954,12.786992545125358,12.788261223905668,12.783558893283352,12.789519462909288,12.781036594487986,12.777668,12.73844379986978,12.782250173465409,12.777576619909963,12.79461557174592,12.79399224984923,12.767467828559752,12.766655176383308,12.75398,12.775316078996445,12.782250173465409
996,11.62499588927778,11.635362363833728,11.63586859923591,11.635202497353378,11.674902376908083,11.680060097740768,11.714222,11.70291605522457,11.699558488822198,11.625116179805755,11.635008514483868,11.6349683611434,11.671007275099761,11.690862018138075,11.710231,11.679701458395229,11.699558488822198
997,11.74613350314106,11.74529786419491,11.746217435752087,11.757017729289599,11.780738510438173,11.778372186361706,11.805766,11.820178516178384,11.812938665484783,11.743841412089642,11.751382044944947,11.750330998046861,11.779730220011574,11.814435180788522,11.803515,11.783280153662826,11.812938665484783
998,11.968621181907151,11.982239142312384,11.982137602474225,11.959067391108235,11.984721777487904,11.988538004491359,11.9553,11.945405944509561,11.931858381212674,11.962776176587582,11.982758782828453,11.981983311013575,11.986506678257486,11.961160250790307,11.937967,11.95576365324789,11.931858381212674
999,11.335378457596835,11.369026350201315,11.368436423791628,11.336247068533714,11.414793353896902,11.407259854030738,11.389715,11.371113625322042,11.353688251929315,11.339234808735226,11.368895372475105,11.368815592282388,11.432376896723884,11.376988645388519,11.423053,11.312995444567422,11.353688251929315
1000,12.168847257146117,12.16825041282442,12.167998396924487,12.168204820478293,12.173399333658892,12.131961620992273,12.124246,12.122453866044717,12.135621681891951,12.16842342607509,12.16768662393043,12.168306289897785,12.161401940878768,12.153656494778346,12.121447,12.123693884057028,12.135621681891951
1001,11.219615611885319,11.229476435231888,11.228147721017368,11.206628625272405,11.288576831066228,11.182152492773138,11.156873,11.165256495690757,11.145940140459563,11.221201582199503,11.225066226575601,11.227497445524833,11.324517256840252,11.239830532929476,11.121989,11.232188810932437,11.145940140459563
1002,11.278681863740148,11.295270328723994,11.296759423446193,11.279302772496688,11.353275484651448,11.421216736337962,11.438942,11.47394903034782,11.444805880771156,11.275372929153447,11.293424181891497,11.294351508936794,11.344182745532637,11.379982588360667,11.420108,11.43389810620644,11.444805880771156
1003,12.39826676399394,12.379087986222073,12.378898618136592,12.394742084174974,12.402948572501785,12.430179736185076,12.407698,12.394990551659152,12.417657228869153,12.398282735405058,12.379199061728395,12.380115123029311,12.42362456710887,12.409934691299492,12.406915,12.416830697364071,12.417657228869153
1004,11.913911228817405,11.908224060025548,11.90928977426564,11.89905364192342,11.923344168884311,11.873480227705974,11.908294,11.88548104164086,11.873694623890193,11.910606207934046,11.909843721115124,11.907859784804613,11.908775894992848,11.872955452413905,11.896292,11.913106027000557,11.873694623890193
1005,12.144161589423843,12.132058522315644,12.132005711110535,12.138337723373898,12.147170423090039,12.149670647508472,12.155214,12.150277631449324,12.126916311758265,12.142978263203837,12.13196377212696,12.132027901801484,12.158292136359256,12.154806567398465,12.143276,12.148421921551165,12.126916311758265
1006,11.833444032811002,11.838957526610475,11.838825477594387,11.829485497045933,11.836212640408355,11.864082320664137,11.796886,11.831348799397484,11.820316986802672,11.833516614398011,11.839790029498465,11.839968637182333,11.85890486197069,11.84672290162882,11.813212,11.812574031470488,11.820316986802672
1007,12.03531488432225,12.045975124405272,12.045671627184666,12.018147769182121,11.976077365382185,12.001895745561562,12.0251,12.005699158790074,11.960604226263724,12.035020963525213,12.04593981459604,12.04594238592209,11.966832433912677,11.987759692740543,12.019322,11.974018091250876,11.960604226263724
1008,11.367598137429205,11.39728342685659,11.397378762094952,11.376182459587046,11.379126528462884,11.305170210642585,11.25274,11.241419645705628,11.298323159729048,11.36130150231737,11.398237101699559,11.397056518087776,11.412111560974363,11.29328673278239,11.262197,11.273465783727513,11.298323159729048
1009,12.409515147590158,12.392799151872921,12.393413481218136,12.406586656700684,12.419315599710542,12.35603935763077,12.370183,12.337659909363829,12.376617195664839,12.407699716578133,12.392262352324732,12.392673239804001,12.38815495770246,12.360247524991637,12.344756,12.359468633712657,12.376617195664839
1010,11.580431004127432,11.569226140654322,11.569148792250978,11.602742976804985,11.609725833276181,11.598407830554242,11.60538,11.551404526880585,11.54341203385577,11.583154028428474,11.569211267265542,11.569585209426107,11.566566535221911,11.598995360229905,11.592826,11.567023898632923,11.54341203385577
1011,11.734688415450734,11.735590394369165,11.734147537964853,11.749094454049613,11.782199070752174,11.766664913280646,11.775541,11.755244079789385,11.777767903068348,11.73411647725933,11.727527369019429,11.726902481606693,11.804470435198638,11.784317676068703,11.772784,11.78672658788225,11.777767903068348
1012,11.59534544916605,11.567785618427612,11.570520739866963,11.61462215747189,11.578228338755732,11.61054175718586,11.577863,11.608571043301616,11.609583146216048,11.586591542030055,11.57210387700789,11.567653207445197,11.619914794967645,11.608350219828168,11.573387,11.59612689061183,11.609583146216048
1013,12.077439365316824,12.071270437405351,12.07024390177995,12.107990861111588,12.144765036524099,12.032829206720804,12.026097,11.958569873698524,12.045622925573772,12.08597459187763,12.068549345534404,12.071746589262432,12.0814700382639,12.046310636422252,12.006811,12.02963300120893,12.045622925573772
1014,11.347311415400169,11.317435504036302,11.316314869557917,11.349026166901346,11.41082429457583,11.412626540605531,11.400805,11.518446629252034,11.344738040862905,11.344346220353358,11.321463484654767,11.319876630724115,11.382791030570553,11.433332025413893,11.40642,11.371042483718073,11.344738040862905
1015,11.685369784671856,11.676905086087228,11.677205212655123,11.673212152316212,11.648317359605622,11.647226982400449,11.6654,11.637040031586743,11.663750452684676,11.68258728385715,11.676581180963783,11.67685976932561,11.670183568102024,11.685596459290679,11.656744,11.666653544553435,11.663750452684676
1016,12.281108686593551,12.280646991238457,12.282374386071087,12.277989903472946,12.281556470528525,12.252067079578465,12.253013,12.253047274526512,12.261468688275066,12.274817032779335,12.290545211765696,12.288884525850946,12.280047142958738,12.230402891046198,12.251986,12.249638901946097,12.261468688275066
1017,12.342504028009229,12.332971498656384,12.333438199798428,12.33390689544603,12.32130019608226,12.348569557115855,12.292554,12.308757063961885,12.295207844621528,12.338617737168116,12.333927067526764,12.33272937028362,12.336168295754424,12.325557148782968,12.288406,12.327963850370518,12.295207844621528
1018,12.175572626184605,12.20344280259691,12.202072871009458,12.161076437424235,12.179265426393588,12.132120254922098,12.109875,12.142888716390015,12.081755981033611,12.180764782279377,12.197886556794076,12.198672264435926,12.189083157054904,12.094384493381293,12.091165,12.121098906925553,12.081755981033611
1019,12.008061052324223,12.028242428405509,12.030313662562783,11.997684051413925,11.973771694470209,12.059026324307078,12.023234,12.033793564320295,12.04469451420765,11.99958837765018,12.038633343263363,12.03716471877794,11.977579391628579,12.067789681349737,12.037378,12.068354038321573,12.04469451420765
1020,12.170940991401718,12.14950692084283,12.14966527362577,12.16249700542198,12.131464621966868,12.149287616742333,12.17109,12.15536384966034,12.162588717392415,12.169534872101545,12.149838409981292,12.149848240428058,12.152713483482872,12.15575606831529,12.166594,12.163270259800678,12.162588717392415
1021,11.937224851423464,11.930147355024099,11.930282834455905,11.945857567181681,11.957288066570214,11.960348085268611,11.906053,11.926908490398127,11.951467122342319,11.939708120548838,11.93019845409385,11.93016627196342,11.96625906184663,11.975264539355276,11.945911,11.942147170375602,11.951467122342319
1022,12.24005244388474,12.241039245293193,12.240641887904182,12.227289978608844,12.212223706046593,12.192641759284834,12.1768265,12.198812192908898,12.194614935926856,12.239377094115685,12.238115484259998,12.23868566221519,12.223785163373806,12.196171753445212,12.188693,12.173357310127408,12.194614935926856
1023,11.617732875361751,11.634186609290607,11.632739684011614,11.621132463152762,11.616869951066196,11.614101815936516,11.596756,11.600007054594156,11.60188218037074,11.621346672290748,11.627358908274434,11.628521794450274,11.6624130680973,11.591041381759398,11.576494,11.583111398096134,11.60188218037074
1024,12.13001787354395,12.124708730205084,12.125273044710484,12.135874510969838,12.139378038045555,12.14989258014581,12.157716,12.13645019582034,12.133020795874057,12.12838737495651,12.125005959390325,12.124572194139345,12.12920304886875,12.155868778140782,12.155747,12.140187624392242,12.133020795874057
1025,12.686744669573903,12.686109893448027,12.686611240544787,12.632587127085824,12.608680752552628,12.592600048366144,12.603513,12.627897640335242,12.645938131590242,12.68442497920274,12.685949376783359,12.68577504657118,12.608560569692058,12.59458703276861,12.598373,12.689314788035691,12.645938131590242
1026,11.657310137269299,11.658418538514043,11.657840066028905,11.697229831785904,11.7315485747341,11.708340568244193,11.696168,11.69905550081141,11.709060370938579,11.65932959864768,11.659175056121127,11.658648790698305,11.714478072445567,11.720412970762357,11.685905,11.700098749783223,11.709060370938579
1027,11.851656901949683,11.867053064521047,11.866891463887779,11.848457106469723,11.860581576088933,11.87400311500296,11.850272,11.835925993738021,11.850244571461504,11.850835476392582,11.866189510658181,11.866145687757227,11.852999162445089,11.863693071943278,11.84245,11.854230419035192,11.850244571461504
1028,12.595062306082005,12.579008194245596,12.578605483654416,12.602204734764348,12.5921512132738,12.678112962953131,12.741321,12.762581430990735,12.72541321921754,12.594494245300817,12.579567703680132,12.579264284582575,12.552424190940608,12.715010283961519,12.740255,12.711830929779488,12.72541321921754
1029,11.68731521751381,11.676050812221701,11.676827708431789,11.700628788545897,11.677114559222938,11.726427743304617,11.724218,11.751965066707337,11.70272449073846,11.68512965751046,11.67765577990957,11.675964175247074,11.663680355092456,11.698326049554096,11.738539,11.72839893132091,11.70272449073846
1030,11.689744168680967,11.68941572174878,11.68981394079355,11.700159257364493,11.70871888971012,11.680666125977808,11.678932,11.669753451830564,11.679425122085098,11.69225073295504,11.69083450937911,11.690553648681401,11.7028689276696,11.694721773422588,11.665624,11.693142412892515,11.679425122085098
1031,11.720092289683485,11.67372568089494,11.677643773059879,11.724648619479979,11.727645066534873,11.74360568422943,11.74607,11.795848486696078,11.737550748587383,11.7228661315383,11.690176189265612,11.704793943609875,11.707032670463864,11.743881118659885,11.782726,11.711572916635353,11.737550748587383
1032,12.333218424995835,12.336787083887259,12.33585728052173,12.309578582843011,12.223729873660329,12.27252322109349,12.346689,12.376308896874477,12.349981183808799,12.333955552145238,12.338499511276327,12.336955278760147,12.296383083615767,12.306097682910478,12.363484,12.28859840854297,12.349981183808799
1033,12.697609885733343,12.708383294780944,12.707764235643689,12.693511517342365,12.680741836567703,12.653476975453515,12.665527,12.686264527260812,12.674501104977287,12.69905297925384,12.708587880663792,12.708346117938804,12.700861546215128,12.677131448291966,12.671542,12.680283852988106,12.674501104977287
1034,12.355086089863434,12.357556543816875,12.357877899962713,12.362702850781925,12.374139068800092,12.365701386255376,12.372897,12.393228070896502,12.361675015139776,12.35461777388838,12.357234074959027,12.357426963948894,12.37121245774433,12.375657515445921,12.390524,12.397119503468815,12.361675015139776
1035,11.677455742391277,11.716505946782396,11.715309396494332,11.693848716773305,11.695650169903676,11.696198038107182,11.692615,11.693039084130358,11.72721370117666,11.676411144475109,11.710344867726159,11.705384197608927,11.662554361411953,11.667734750128583,11.70082,11.703631028926795,11.72721370117666
1036,11.267065347075086,11.275842730066316,11.27590895248281,11.287080551051886,11.308734138424352,11.299360395881724,11.306885,11.34724061921802,11.319177743617814,11.270615846453367,11.276752366755854,11.275613122090192,11.338853790508423,11.279118930942634,11.349519,11.283471399913038,11.319177743617814
1037,12.639051439634471,12.621573471221078,12.622156223354668,12.665661951140692,12.709668081343892,12.686095839179016,12.697122,12.694155638429065,12.712135188402206,12.636343243429272,12.621134023895666,12.621503048523975,12.633533927006505,12.673259899086002,12.688927,12.690025608392984,12.712135188402206
1038,12.408872402148031,12.411348469463315,12.412471640761927,12.426392624028052,12.477672802520194,12.466555947114374,12.478655,12.444415142688294,12.518008774619098,12.410293081590378,12.418715611390624,12.421726090412792,12.432808648287686,12.484673153564703,12.478127,12.44618870152202,12.518008774619098
1039,11.405013669672869,11.407726787696719,11.409355784904413,11.426200761208806,11.440303882769093,11.543846059648711,11.552751,11.541717898619215,11.519906888116111,11.406756526744072,11.411162417760716,11.411141272800107,11.434178318903612,11.56482243343111,11.5499325,11.550675538568068,11.519906888116111
1040,11.249121083951483,11.265170531717585,11.264810683262368,11.259251989083937,11.205130569420133,11.241566031170175,11.192754,11.22580504021415,11.20987184617179,11.250596919133946,11.26498597078537,11.264857502932175,11.222284492304459,11.252951852006314,11.187416,11.162768745378338,11.20987184617179
1041,11.836495733635598,11.824146793856482,11.826794735987857,11.840935413689243,11.862589698493755,11.840831692549054,11.87416,11.871409877106451,11.881571870460256,11.829927570181972,11.829254275452953,11.823442382377536,11.862248430664662,11.881444041191578,11.848334,11.8710567326508,11.881571870460256
1042,12.04401604441768,12.059482638400887,12.060275074222742,12.047687497694959,12.046851813407516,12.034301020478173,12.049431,12.039638741581328,12.044524748568472,12.040810589122339,12.061206429453522,12.059223898744634,12.045038687382178,12.021490498947111,12.038999,12.030261528659072,12.044524748568472
1043,12.233397995126472,12.227888989315435,12.226403280987522,12.224696505140008,12.206487763942425,12.16117896234382,12.1423235,12.143315319952343,12.141718503989257,12.234845644052417,12.229640321870797,12.228507368222676,12.241508583364384,12.16115463272253,12.150211,12.1382119342178,12.141718503989257
1044,12.474680280631993,12.468443353331928,12.468089740376433,12.47195801140182,12.430978944044572,12.41357665826872,12.436933,12.439807395316258,12.4323907253935,12.474669023561779,12.46653556971519,12.468644525887093,12.473043022196293,12.409779436060557,12.44027,12.417670248148164,12.4323907253935
1045,12.697741553133973,12.67717968062231,12.67761829344278,12.683019441448433,12.664605508523048,12.641668782138634,12.705142,12.767561441635793,12.629144661524128,12.70175208537132,12.677177779732398,12.67680312321291,12.643966954106224,12.556968005842645,12.7252,12.7481953527365,12.629144661524128
1046,11.77209879805741,11.747834919915686,11.745138015738561,11.783324745397984,11.768468513785301,11.738695463644234,11.678265,11.715352745854435,11.70800093747985,11.791636327836498,11.730120011481514,11.733392652836846,11.815728378902604,11.776607180782767,11.69694,11.709826169379493,11.70800093747985
1047,13.039532458466875,13.031502063385489,13.028110748072923,13.062505963977092,13.101519397892691,13.0398059556324,13.02628,13.055886398275051,12.981446929348062,13.052833280943604,13.009848033521816,13.013608321327366,13.06833119674175,12.993836426297216,13.037395,13.050642480754899,12.981446929348062
1048,11.843085176256352,11.842240363515486,11.841887615786499,11.845095754422843,11.843787971168657,11.866976445633034,11.865316,11.878772372800087,11.887764963439226,11.842554154954009,11.840235307162605,11.839462142038998,11.836526519337536,11.86363538337784,11.886629,11.8612450352428,11.887764963439226
1049,11.82283286932335,11.803388550313608,11.802279047012677,11.823345910300592,11.81959044057299,11.780247367084149,11.760457,11.758852339508808,11.782978575072658,11.821914866971916,11.800838268633656,11.799433818296851,11.870525517693093,11.803554858853982,11.75499,11.80530457496074,11.782978575072658
1050,11.467977359654265,11.50320575048587,11.502451544970821,11.478142532083021,11.522538211861853,11.532366326000002,11.56038,11.555065355845153,11.534874731858084,11.46752333349856,11.503963346036638,11.503464111469768,11.516068409513094,11.514938845689175,11.566711,11.550026297168264,11.534874731858084
1051,12.164833318876973,12.16993333760135,12.171317134550353,12.149887707336383,12.11362091554974,12.114318785254815,12.098693,12.070604942526323,12.097113709818773,12.160664549526118,12.172122326541045,12.16959679178617,12.131371876743106,12.108312109875795,12.099954,12.109187748758776,12.097113709818773
1052,12.22446634708542,12.222288591995278,12.222772975183666,12.203355175334652,12.16139612808011,12.149639173214867,12.187311,12.15114745379787,12.17631730798659,12.222778660258793,12.221800502313178,12.222105892763366,12.168468137196074,12.151387032208218,12.182382,12.186430017647504,12.17631730798659
1053,12.056377933976847,12.073153475568706,12.07342697953169,12.053342716745176,12.027319996761156,12.005494944166385,11.996683,11.997205004872553,12.00033680022809,12.050867517873911,12.07492322977017,12.074639650049109,12.036524274696086,12.030505191779508,11.987009,12.010346376965394,12.00033680022809
1054,11.834476903409902,11.847233970648192,11.85019240565728,11.81756686974339,11.834267226384702,11.868427006779916,11.786993,11.81743937880885,11.830325570081072,11.829059062449126,11.843118968978736,11.84545070219328,11.836833123965489,11.89107329489448,11.829683,11.818991239724072,11.830325570081072
1055,12.468907953105047,12.466630055272027,12.467237489805482,12.472976454519399,12.44801166721402,12.492681835693494,12.511613,12.51158908133453,12.523752230107258,12.468005326296257,12.465962377965756,12.466478614799165,12.457483395398134,12.503060959885003,12.504218,12.488884612320183,12.523752230107258
1056,12.018582591671908,12.03248048534041,12.032381550268445,12.018177475460696,12.029016853689608,11.992607922557202,11.988301,11.978294965087624,11.996779960537468,12.01604084874249,12.032594542355593,12.032285956894462,12.02647825021722,11.963558907448723,11.98842,11.993506132043114,11.996779960537468
1057,12.33427619465793,12.323472956518902,12.321845628952232,12.325520400710674,12.288628580153999,12.22441462918838,12.228968,12.241620703167333,12.260359223831239,12.33328784270724,12.313073158865672,12.310763762597126,12.310352357904158,12.241549228651039,12.221902,12.224457420287646,12.260359223831239
1058,12.447329631763445,12.434158197325837,12.433871584655863,12.415719768129838,12.39343737818939,12.343632049917302,12.334196,12.280254583355731,12.356457975790926,12.449736404544037,12.428686117193717,12.430067521163485,12.410695777781436,12.362626596378286,12.305863,12.37046320552004,12.356457975790926
1059,12.763681118099914,12.77303303579485,12.773157234047957,12.774866621141904,12.769942870938404,12.763307667291514,12.755945,12.758068373346616,12.810499103415143,12.763073363908626,12.772889695061982,12.77142928885137,12.770695134696798,12.82125096177598,12.767871,12.747222673252027,12.810499103415143
1060,12.267550541734787,12.284469681909162,12.28266583648847,12.251081793666133,12.13397630842519,12.13470342664859,12.184447,12.192117697853652,12.154934662925378,12.26419288152613,12.269844175214914,12.258706315913477,12.203675388168495,12.196977728551353,12.175152,12.16605484831929,12.154934662925378
1061,12.245755461318012,12.256415262176942,12.253733727122928,12.23596303109671,12.225232617974884,12.216834942988715,12.2338295,12.2339794092756,12.192944332861266,12.255785491523266,12.240991546393765,12.243649654826646,12.242547978557932,12.216462381424652,12.249181,12.221082811917606,12.192944332861266
1062,11.395002558918804,11.227813447125337,11.237464658861764,11.349950481976947,11.439929427789771,11.309492300909938,11.111149,11.261696103064951,11.217379534731483,11.362366458714089,11.246094854542838,11.246275744307546,11.572263012005342,11.50130916421868,11.182567,11.420136884287706,11.217379534731483
1063,11.710353590470245,11.69479112944042,11.696543374423616,11.711102434454332,11.701690145339333,11.714782661560683,11.72027,11.68558742250862,11.745518437165979,11.711699623096585,11.706709479338251,11.709744280558283,11.729111837140753,11.694993115617477,11.713283,11.684794084413463,11.745518437165979
1064,11.704078997366857,11.694998054186401,11.697281167189994,11.700372702902886,11.67592764829172,11.743410099475588,11.751476,11.795684908578366,11.755000901752728,11.6943056136736,11.698964280196552,11.694543010402889,11.664634574039665,11.716122973196208,11.752019,11.775531244694665,11.755000901752728
1065,11.880233194505447,11.884284522699762,11.883695667460866,11.890913919346637,11.922899615135385,11.934225097320356,11.935939,11.950936880094918,11.938373628906039,11.881112736996794,11.882714143070274,11.884540301506304,11.900894337169706,11.927857270552957,11.932071,11.920641566621018,11.938373628906039
1066,12.508388886196935,12.49456268509718,12.493980723368828,12.530126231889117,12.595529008454795,12.559413826867182,12.593076,12.604071875925749,12.545545474978065,12.513385208215459,12.489464454870118,12.489985065277198,12.561230146836925,12.556530243631105,12.612667,12.571215753997647,12.545545474978065
1067,12.077962708855706,12.080621359279705,12.081830083976078,12.067927475560802,12.056267927893575,12.085785940145149,12.064647,12.090324478432827,12.074475633775764,12.0793646324808,12.085994558386567,12.08965196841216,12.06710754693021,12.064552172491796,12.079611,12.08218169170111,12.074475633775764
1068,12.106525108951404,12.1072402664679,12.108397777529875,12.063121441861483,12.043875667424205,12.072867923566243,12.048789,12.03429752793503,12.082002392690056,12.106249747904302,12.109558862946624,12.108863304195173,12.070676890117621,12.057702621619502,12.048355,12.063593103869573,12.082002392690056
1069,11.989972055657795,11.995239492728391,11.996595757427572,11.990022466095466,12.004241704301503,11.953375391860764,11.948632,11.953439156345965,12.016256674713132,11.978236538396635,11.997351975941301,11.994935689183572,11.987410384652335,11.972123825816213,11.954345,11.951761868639611,12.016256674713132
1070,11.793895430307632,11.77618403974836,11.77532797234354,11.806670681899067,11.813140966113519,11.79045831543252,11.81843,11.812463492377717,11.787821216801273,11.796312220600429,11.777031863391494,11.776490414891294,11.776604174758921,11.793639972082763,11.822072,11.811746414858082,11.787821216801273
1071,11.780838136299458,11.77946662964191,11.778416384615966,11.791287931527187,11.769951697536582,11.809272127391937,11.797886,11.79417753440775,11.78893250904845,11.783771177905559,11.776948209122908,11.780016692210069,11.776917031486859,11.81679671196973,11.804111,11.81260122713927,11.78893250904845
1072,11.945392095281807,11.949842572404673,11.950307347420488,11.948196085427986,11.945278183773745,11.93504892033877,11.950597,11.962893414091027,11.925514951911051,11.945529380933257,11.951044123221303,11.949532438654055,11.937412978582493,11.956210540095379,11.95379,11.955154761834839,11.925514951911051
1073,11.596028128503512,11.598938529585457,11.598869181416571,11.58626867410646,11.523588930887692,11.58998246255824,11.596248,11.560777436618551,11.547789032777171,11.593636526679784,11.597723871708414,11.598062129843928,11.538209329319416,11.552493668094687,11.549582,11.560721899930568,11.547789032777171
1074,11.883630453831236,11.88907622105082,11.889901188028688,11.871733572167663,11.883122646816247,11.938236639628919,11.8853655,11.877754774246721,11.859658224227019,11.877776588498227,11.891654944139404,11.888455072424742,11.925148065975653,11.901868293965599,11.881683,11.888370515026853,11.859658224227019
1075,12.152140046991907,12.151710882533335,12.152136911768299,12.141106888507998,12.132419736538017,12.128943764210344,12.134102,12.169407793007444,12.11414221938573,12.151096994435653,12.153008127573363,12.151469097229652,12.143205042165613,12.142900055372095,12.145319,12.148348320645802,12.11414221938573
1076,12.15198623722549,12.139987310913975,12.139419455361264,12.155246268375477,12.18480428557547,12.191884694048843,12.179417,12.221962852924195,12.173786769179273,12.162546824095246,12.139013397039575,12.140121891898483,12.16361623548994,12.2011039412302,12.192965,12.203558368653185,12.173786769179273
1077,11.953322399268746,11.963341767904396,11.963232493701076,11.96000635395557,12.016310719282504,11.960479320774198,11.962922,11.995458052744505,12.01605941361546,11.95604838222357,11.964503205301893,11.962809013218793,12.002787989278309,11.97088404069256,11.934582,11.972986263927249,12.01605941361546
1078,11.789451092406484,11.782580953384898,11.781952230112545,11.821586339406478,11.848847211463188,11.807250083586679,11.823463,11.83410912130258,11.84591893912238,11.79581420050417,11.780618842382767,11.78103231000215,11.795814004504125,11.808176310962402,11.832131,11.810872742900939,11.84591893912238
1079,11.87654199632165,11.88431068695443,11.885270548770338,11.863702456673328,11.837709148233252,11.874675020978296,11.858517,11.856243402517364,11.853114716588435,11.874958885219973,11.886394178011551,11.884480344288914,11.85060090679094,11.844311174934742,11.845284,11.875001113132548,11.853114716588435
1080,11.758017172863129,11.759894591829243,11.759309359054233,11.76989180689642,11.820973476354574,11.822525368368032,11.800754,11.81194882558689,11.802849866806541,11.761365785369685,11.759005274967313,11.760166900012088,11.79398854766509,11.803652599061701,11.805786,11.810655443274236,11.802849866806541
1081,12.051082432496596,12.067793218821413,12.069137927714438,12.03735631780193,12.04593781356589,12.037246110264016,12.064373,12.086419394698888,12.06567103040044,12.05285046844671,12.075099539168187,12.077798415647264,12.069665955531974,12.032982986532348,12.0828085,12.059272864745935,12.06567103040044
1082,11.675344548669731,11.660130619920668,11.658739800654045,11.675647388855987,11.7119592876556,11.797069291573345,11.800305,11.793853016869729,11.79333071877367,11.675182924084025,11.652265326630967,11.65334188749801,11.706490187530353,11.78541691343795,11.775786,11.79650908865495,11.79333071877367
1083,12.171175459608879,12.174269494266644,12.175239759722258,12.161345292180293,12.139207979294014,12.156531421242269,12.164025,12.15830400788504,12.176264932477677,12.169454352233206,12.17321571292493,12.173860112905725,12.149854683354322,12.14843738826842,12.158748,12.164892593858657,12.176264932477677
1084,11.93048387980436,11.922859812941429,11.923444612312153,11.941806616350599,11.97942435155903,11.902381004802601,11.890335,11.865804946605557,11.92044524919881,11.92851479560559,11.925942809405438,11.925464814142096,11.942152453398736,11.901020159634028,11.856655,11.884819147111903,11.92044524919881
1085,12.081248526950542,12.078277468320827,12.07850596938903,12.080299848947522,12.080974222684128,12.118493686863523,12.133772,12.140364579968368,12.144248689073391,12.080150417578832,12.078061515255166,12.078218194451457,12.074344811887004,12.118057607389092,12.134076,12.132948532734586,12.144248689073391
1086,11.974914979538807,11.983739635867176,11.98404670766333,11.971268665506166,11.958023227109933,11.925029883795315,11.936116,11.963677495730014,11.936043382090764,11.974656848470735,11.983413688788783,11.98359425047214,11.956438458910776,11.952739630790099,11.943353,11.93861392243452,11.936043382090764
1087,11.452851580435633,11.457851422543134,11.457477855492028,11.463268018524913,11.42956312598907,11.44558801824925,11.462506,11.424603827954382,11.37116369842986,11.45155807824156,11.458695724596003,11.458179681873599,11.465422087440023,11.449614306094496,11.4521675,11.458138745757607,11.37116369842986
1088,12.457280034467201,12.473589746398591,12.47340079190819,12.460352763875795,12.485279076376901,12.484398337695767,12.458047,12.44589924088225,12.480426388991454,12.460721035708552,12.473123304844504,12.473252956399508,12.46597025479044,12.48017864007989,12.452662,12.472987432346768,12.480426388991454
1089,11.875998430575569,11.893506799572828,11.895194422111842,11.846590944306815,11.78790544335633,11.814155203492312,11.800384,11.782308167316328,11.783208026837434,11.878295568909731,11.9051604621597,11.908810674417756,11.80930940865785,11.79327518565792,11.797424,11.815550868918274,11.783208026837434
1090,12.26663842840999,12.24839330918857,12.247231938434938,12.270656910255509,12.234410102866155,12.22812449743156,12.2276945,12.266334362007395,12.265080788242892,12.265962720909817,12.239159242036022,12.237210789641635,12.237329153379012,12.204983747310848,12.244646,12.238042913266982,12.265080788242892
1091,11.33866811959065,11.313550177115392,11.31536378849561,11.352535514771816,11.388585302254455,11.366555962768855,11.422877,11.37386117795131,11.366492603061028,11.334882084567685,11.316811003454125,11.312695024788866,11.355071728005731,11.393067495503466,11.419962,11.39254041205373,11.366492603061028
1092,11.990022766544396,11.997395890273449,11.997152290078485,12.003344130298267,12.021330335858684,11.99316910784637,11.928244,11.945108209773387,11.936121074813927,11.994713785642064,11.996686892195806,11.997323248754716,12.012951765262713,11.984436426024729,11.937146,11.978011344678277,11.936121074813927
1093,12.010861452372113,11.985489347365768,11.985085011040225,11.993886681999344,11.933634399501665,12.002522784326686,11.987114,11.998904553504682,11.975565655404374,12.010687454036017,11.98573340277499,11.985613084864559,11.934126286726078,11.998844856675696,11.984088,11.98781651013138,11.975565655404374
1094,12.049396621112992,12.042222642260572,12.040770029784378,12.030843284435566,12.018607685884799,11.958176649417734,11.959651,11.960702233424685,11.992970394144482,12.0517762084033,12.038779210777102,12.042892033572404,12.037041331661863,11.942942513163434,11.963701,11.952748465741967,11.992970394144482
1095,11.76944078998394,11.772654062324682,11.772386159280066,11.75967022092085,11.741694481075125,11.768720059379866,11.772036,11.776497077036396,11.757075629244207,11.769928534769715,11.772741295194015,11.772574719795205,11.754911592170378,11.77505544389811,11.7643385,11.763938804259512,11.757075629244207
1096,12.103737261219237,12.092521283166546,12.092690528991213,12.092440584038886,12.062683438494785,12.08394233830518,12.062118,12.060551515121302,12.055733676097493,12.102608206211116,12.092673327881515,12.092639473657181,12.086400369465894,12.09036693613609,12.078635,12.074076376096489,12.055733676097493
1097,11.710205705245484,11.695601189145902,11.695523864348653,11.709437701590579,11.70922399950639,11.709522085994067,11.71003,11.682230085687154,11.681822156486753,11.71139039943165,11.690089404495522,11.691228673579037,11.726885408121413,11.710657642937772,11.726207,11.704556835674294,11.681822156486753
1098,11.965095284676716,11.98974704460844,11.98806254110653,11.965332021766752,11.925477545557378,11.942093925429216,11.979254,11.993897906854237,12.00655569487849,11.963481379606964,11.979585240012415,11.973236163189659,11.96088662676063,11.944490927625129,11.963182,11.996905021968283,12.00655569487849
1099,11.661133567601201,11.668963819163425,11.666926919608281,11.659390104438412,11.662061317102241,11.612781935943133,11.632819,11.604024494281962,11.567060316321088,11.658535852209537,11.65914263227324,11.652650274134995,11.687833394660814,11.627568656231762,11.644934,11.614426290484067,11.567060316321088
1100,12.010322002335437,12.0099497497108,12.010886934963683,11.998518184033511,12.038511983762099,12.045948225195394,11.981146,11.961776000868607,12.015125247220153,12.011574652772893,12.017073393877078,12.017778135486042,12.024903659411326,12.037473591889063,11.984302,11.975590752694707,12.015125247220153
1101,10.961682989604927,10.982257890455724,10.980288125237937,10.975972225421332,10.982690254859545,11.000837202540206,10.869807,10.833828032129418,10.927039159842197,10.974166332613747,10.979850892999147,10.982291992772009,11.066687020010551,11.02586866932787,10.89347,10.853251553049375,10.927039159842197
1102,11.64412991497441,11.633197829004413,11.632832957115298,11.683839900741589,11.689780752829906,11.693689871273644,11.686367,11.671847994338489,11.675762160457412,11.644062147276685,11.63386450580717,11.63346316312369,11.706375846600627,11.685232491951941,11.694239,11.686303988165458,11.675762160457412
1103,11.74162589491269,11.75277508800495,11.753295466157972,11.747003947693582,11.804277989474459,11.785014645977219,11.747912,11.75435800003218,11.629316242531692,11.740526061408755,11.75225825870859,11.752592961744615,11.809605090837332,11.758614762774801,11.752152,11.717459446153969,11.629316242531692
1104,11.966698230160189,11.962197029079551,11.962869834758335,11.93430697386733,11.950005311517332,11.908238390652851,11.894697,11.907984426230925,11.926437835193894,11.961504692197154,11.963276945545916,11.961937977878057,11.964490667986132,11.899942436764027,11.882994,11.89416558104647,11.926437835193894
1105,11.577629212747382,11.561470744731869,11.562028199770575,11.58950504022912,11.609792685032968,11.6386420262565,11.643475,11.679616754321012,11.634825740998723,11.578679549759615,11.56091395869822,11.561341176068971,11.59424995329598,11.656331657785321,11.668986,11.65413925428202,11.634825740998723
1106,12.700062063681,12.696636159642704,12.695713244164814,12.69810073185421,12.714863931870196,12.664125132688543,12.65035,12.598054215093294,12.67308777671497,12.703625858899514,12.691096540101505,12.692116455585865,12.69346549249268,12.653493421296941,12.63658,12.618692875150174,12.67308777671497
1107,12.199246915174564,12.191922307159734,12.192622356491617,12.182055098349052,12.128714189979123,12.193034421944754,12.183953,12.179936404568945,12.20789099272859,12.195599547259018,12.191470211247564,12.191782419187685,12.149684775881203,12.195442763625103,12.173692,12.1873001904738,12.20789099272859
1108,12.438423829641952,12.433020345688956,12.431926917874605,12.430629364553752,12.403760386983693,12.436131698543472,12.425461,12.397083771928134,12.39908980498088,12.438994760893058,12.430430052879196,12.433545673214674,12.437475876096741,12.377403699565072,12.408965,12.40702585893818,12.39908980498088
1109,12.014267574098591,12.018430034751903,12.018899232339251,12.013988024407617,12.027596193963712,12.041705955569144,12.031604,12.006467453898113,12.029221974945711,12.01247267952126,12.017581262536519,12.018097614951985,12.044206915270612,12.040951552279104,12.044561,12.045252509384108,12.029221974945711
1110,12.642671442029911,12.646475469497272,12.64535436429956,12.656035254824276,12.667523500322346,12.634369333602207,12.610413,12.63644617481589,12.594313463229028,12.644559084980324,12.647690979299533,12.646859608027691,12.644870489082779,12.670778017717092,12.616625,12.63028908397657,12.594313463229028
1111,12.091666772765068,12.106642657079552,12.106846286177113,12.092908701953439,12.119197692843782,12.091515159744686,12.0983095,12.115965106199562,12.112587953037663,12.091364202476546,12.109647451536523,12.108950776628218,12.099510188550807,12.082500763728538,12.095834,12.109548892613947,12.112587953037663
1112,12.13931509445675,12.149640264739663,12.15093316640981,12.1387232137765,12.166551080792637,12.183721155113217,12.1670885,12.175906493553983,12.189553124498472,12.140624009527073,12.157982490171888,12.158630380384334,12.166298729111901,12.19349460097419,12.165781,12.16052465990603,12.189553124498472
1113,11.70781444778383,11.668133504898568,11.667099827564574,11.718194072438202,11.722526937732209,11.72324378303923,11.74033,11.739625707005864,11.681800500412013,11.709825998937358,11.6650867159515,11.669198762294991,11.693053506228765,11.72434266053245,11.731716,11.723656415133503,11.681800500412013
1114,11.815727375254035,11.814242552172924,11.81414883359943,11.81971941638026,11.842228126055623,11.797170308152872,11.804332,11.789654949092892,11.798289374358596,11.81590874173991,11.814252885885102,11.814221890061516,11.82732662164034,11.771410096866292,11.778364,11.792965970499989,11.798289374358596
1115,11.6783612762878,11.676105083662994,11.675285075553552,11.686951279685918,11.677646442087672,11.714982443060892,11.712195,11.711460169769602,11.729678995953078,11.679776464034006,11.676029770849295,11.67567390440822,11.692786922258323,11.699819527678436,11.708283,11.713952058886706,11.729678995953078
1116,12.655345340620595,12.652451658893396,12.652106988197708,12.642607846166305,12.640548114234829,12.633477855417254,12.615927,12.64573300808651,12.605352886272966,12.656676717556653,12.651597124575208,12.652609691812803,12.639609077504986,12.632942107365697,12.600922,12.612132577087038,12.605352886272966
1117,12.205765520324075,12.207020330789195,12.207720280181311,12.184434441183868,12.14714460537725,12.154711869813156,12.131694,12.164789601502346,12.130978277497436,12.201820100327236,12.207307487544115,12.206780459573327,12.169349056968016,12.147342284951606,12.147262,12.149845776748313,12.130978277497436
1118,11.764918794952344,11.777398072377743,11.778006405972597,11.768356961076112,11.786361658821956,11.842223005626309,11.835741,11.817936080462493,11.849131284999906,11.763326385074658,11.776521196243246,11.77702201220585,11.765042402634014,11.829866505131216,11.823509,11.836189637044749,11.849131284999906
1119,11.76499102639644,11.755647812269476,11.753875730188605,11.79075513227002,11.837400091192098,11.819684777705586,11.846694,11.861580783794105,11.852614053786203,11.764174922250715,11.746826885370567,11.746226355062815,11.828125418605548,11.835029225103488,11.841855,11.829375125001077,11.852614053786203
1120,11.742448185163378,11.750550059299123,11.748972311733764,11.773228579140966,11.825805742743617,11.761841031101918,11.676914,11.65519372140862,11.650693680409146,11.747782635039908,11.75201336240088,11.750952343076062,11.799377353349294,11.763760426298248,11.6506605,11.731298055487121,11.650693680409146
1121,11.558612680981266,11.574534761272972,11.578331816396464,11.543641503532218,11.61153162235293,11.659387791201665,11.664459,11.660543963058831,11.698274709874662,11.560844556369021,11.589702922911583,11.590589047400846,11.610534485008309,11.643930658214575,11.677902,11.637835682460537,11.698274709874662
1122,12.353794527227558,12.361150007540477,12.361419383193256,12.344963242194591,12.328990224056522,12.297167704334324,12.305496,12.32217276123984,12.313732570529455,12.35354176287347,12.362615858319815,12.361928968115592,12.349535135802299,12.301986594867149,12.305116,12.304667548168672,12.313732570529455
1123,11.357228738859828,11.382803021542438,11.384570869355132,11.377294980018897,11.43732320861702,11.384581755433329,11.332915,11.368467802621144,11.321739570554936,11.353421354657861,11.379706348497876,11.381262412495277,11.404396327654455,11.364032848127943,11.3759365,11.314238708662034,11.321739570554936
1124,11.524818235394562,11.52195265567321,11.52263849929581,11.491121007922423,11.509972949299076,11.549668760330595,11.549438,11.553935703045662,11.56794089717614,11.524700284966771,11.526865372472345,11.52598566548425,11.556766381969473,11.557881304890525,11.575533,11.540797197248803,11.56794089717614
1125,12.006614849453392,12.013202973932998,12.014322073747964,12.01061926765886,12.009437732160576,12.062803354373392,12.059272,12.079274572555057,12.043044941514033,12.003123846503104,12.020044043099492,12.01882180783933,12.017988170773593,12.068414006105877,12.070128,12.083756519456083,12.043044941514033
1126,11.56869043314616,11.588495150040446,11.58721115782848,11.574334701109287,11.618560764569954,11.65240420542942,11.620366,11.61982347319734,11.611481022272153,11.56751619720985,11.586283657969428,11.588823692453051,11.596726253014923,11.633698759120469,11.626467,11.627455451883927,11.611481022272153
1127,12.179484565767773,12.16004250135274,12.160481148394501,12.183274098585644,12.20720319084325,12.203325838145636,12.2026415,12.188009764490378,12.143138344040633,12.180167906339616,12.16025969793563,12.16448674319232,12.214062959480607,12.224998071268223,12.217548,12.198992423417634,12.143138344040633
1128,12.388539710197483,12.391105734038142,12.393729328804886,12.388609535643502,12.383647315032293,12.443314550321663,12.315779,12.329090808469994,12.239472048118827,12.378294848403183,12.402790126696168,12.40116046225372,12.39363272209812,12.416161142190568,12.283514,12.417900531619853,12.239472048118827
1129,12.287666583736993,12.284999419298412,12.28573301343311,12.279848976003901,12.26699298376519,12.286969340863534,12.283278,12.312215155410088,12.286095061385327,12.285286896289254,12.286219785061517,12.284827239490188,12.27072371755297,12.290471389111497,12.289769,12.289283393508308,12.286095061385327
1130,11.75931061331414,11.754775720072361,11.753868778657509,11.749328715792899,11.746452785653087,11.763857094479732,11.782237,11.777880013589732,11.781493734587038,11.760331289374669,11.756028043614238,11.755396530154169,11.776575215734928,11.776546107249843,11.786854,11.760970824105705,11.781493734587038
1131,11.812796658701128,11.80626720598529,11.806776429891965,11.789840078702388,11.78563708965537,11.890007433453693,11.897653,11.895310482734825,11.864618986017838,11.813766042022584,11.809433348710241,11.809088821863106,11.75843423105544,11.885261354795404,11.885277,11.912997425243098,11.864618986017838
1132,11.612332277578606,11.608021168523319,11.607403291496926,11.586062312397797,11.608165632754822,11.631824182995633,11.585194,11.551039927097946,11.599100135418672,11.61576122064532,11.606714641755119,11.606595119068446,11.677880128198675,11.569762220193038,11.559715,11.587836364862754,11.599100135418672
1133,11.758862708377725,11.747574669135018,11.744636650966786,11.74221012541703,11.737039954186784,11.739407396460292,11.708877,11.67514271277992,11.79662965806822,11.757026688566961,11.730205777040005,11.729456900317286,11.75239511139646,11.707109678243741,11.66847,11.744709614829116,11.79662965806822
1134,12.36371039740928,12.36675268678465,12.367873377899164,12.348564335195325,12.33033812601147,12.402910204566215,12.418781,12.415776520885393,12.433968946077991,12.361228044612515,12.365439976795244,12.366337743662113,12.339239085411533,12.400343205588179,12.413583,12.400311583189023,12.433968946077991
1135,12.104896123408531,12.096685410983872,12.095712346840163,12.099773314948857,12.086385992472477,12.082956411060751,12.083959,12.093493150579999,12.087809357444405,12.1041814383325,12.09460591247143,12.097150784365866,12.087599311255428,12.077307915767557,12.064947,12.07418068747337,12.087809357444405
1136,11.537392453859542,11.538107843697201,11.537235608599593,11.547763138821667,11.582923947274558,11.604559698333658,11.569022,11.5593141452844,11.559232888673371,11.537495433789072,11.535590143143125,11.532933533452653,11.54446330443032,11.596543419253578,11.606358,11.577354470883233,11.559232888673371
1137,11.720361936226313,11.72736733164075,11.725988421946331,11.733624127673343,11.740775948284018,11.751995767906406,11.720211,11.703444585959428,11.717723052959077,11.720373631942131,11.722430064377068,11.723088137863899,11.757943828465853,11.739642647742688,11.7393875,11.720166946418496,11.717723052959077
1138,11.375137168444514,11.387144011029896,11.385120857712177,11.38423809006126,11.418637545954569,11.447889319929986,11.413728,11.349959252437396,11.354829518176947,11.367357501556691,11.379848180691349,11.380892202200178,11.411822482518572,11.41339630525124,11.416967,11.35888328152117,11.354829518176947
1139,12.311579984942945,12.294151731322607,12.294819263103811,12.315969999736657,12.307039630000837,12.238569752622393,12.199067,12.169093874484119,12.22938903255831,12.310124546235754,12.296019145347497,12.294066861308073,12.28319991672407,12.22093419609801,12.202198,12.23881662521748,12.22938903255831
1140,11.624697330879918,11.6034826136903,11.603322343273804,11.659992348629018,11.725052815501707,11.67301514478436,11.709709,11.715709718151095,11.659030675632076,11.621848726573852,11.602776183468535,11.603730819059708,11.64998545543588,11.691082118119915,11.700983,11.638252974756234,11.659030675632076
1141,11.74023879533477,11.743537476342475,11.743627221774108,11.727906889819234,11.730550339427348,11.691166866506268,11.727,11.711686189338907,11.707819797332492,11.735469328001795,11.744153148976535,11.743159371667092,11.713989633113995,11.700341928719348,11.711392,11.666707804675697,11.707819797332492
1142,12.146105907010437,12.151329254391632,12.15080712515162,12.142077897391218,12.142143823808766,12.095171445205695,12.086743,12.098088664099336,12.112874371225459,12.147647940939663,12.151681080713463,12.151443784642215,12.148501011570518,12.079650421421363,12.097394,12.12376102504313,12.112874371225459
1143,12.837480487174357,12.843214427512727,12.843272562921324,12.877708062375651,12.923367528840117,12.925461371466687,12.86755,12.87836448941386,12.849591092383172,12.83737577125556,12.8437362516419,12.842997036155607,12.872878676336589,12.90695084558614,12.866628,12.897085455310881,12.849591092383172
1144,11.513635332711335,11.508148082405816,11.50784924556203,11.533338220079832,11.584002015260385,11.53585305628035,11.470281,11.503265083183738,11.481610414373364,11.518218374514499,11.507281707718281,11.508344958869262,11.596296357675548,11.522941294231405,11.454247,11.461021261573022,11.481610414373364
1145,11.383993087065388,11.402075605759933,11.401835632139564,11.364625910647346,11.41797629491395,11.4192574156564,11.313661,11.400304341616698,11.35272790580732,11.372579458826749,11.40339356854715,11.403103510323096,11.4390825658851,11.392829030361598,11.316957,11.366898005767162,11.35272790580732
1146,11.737867882958039,11.748908126212589,11.748934280577348,11.739238733093625,11.777823667356099,11.816344752402868,11.78466,11.80146279189999,11.876065390869005,11.737620052512622,11.750651646573377,11.750640673027675,11.75639919551772,11.81470210743806,11.78914,11.767688993371953,11.876065390869005
1147,12.114668094668714,12.1031692017118,12.103861264917855,12.098590970472063,12.084133150384435,12.089265920467284,12.047321,12.043260032224753,12.059547298813158,12.116077369762573,12.108699664367721,12.113904650633543,12.121944026961195,12.100433175460577,12.047317,12.061936953287551,12.059547298813158
1148,12.088469773689237,12.098603357144732,12.096089007620952,12.097687589027773,12.092823982378464,12.115465297600911,12.122404,12.143890879194805,12.117088938363553,12.094634036450659,12.10135576871958,12.099664280897334,12.094874862355779,12.098862777765294,12.133013,12.110778605483793,12.117088938363553
1149,11.66778135526545,11.67277774043427,11.673547191211613,11.671541339671439,11.656273563196015,11.648524912136343,11.616166,11.681242905315207,11.687477246861228,11.66198740231269,11.677394063651912,11.676685488603093,11.673766348009623,11.647274386597388,11.61097,11.65075526051049,11.687477246861228
1150,12.037738980632229,12.02684391319485,12.026459521358754,12.009675128237092,11.960827165367425,11.91502251259174,11.862242,11.843845885221354,11.90149390759543,12.035412445272938,12.026133181256489,12.027254759046073,11.970306257843081,11.880969437590299,11.846647,11.852352962007833,11.90149390759543
1151,11.673986182518702,11.697189336966211,11.698469776549862,11.676230887056038,11.728643891955581,11.717813446673864,11.694754,11.652352947671869,11.700611481277415,11.668710921317683,11.700921016059747,11.69636594559019,11.686842713819539,11.707900340195563,11.699196,11.677730225437484,11.700611481277415
1152,11.94323872409871,11.941212572604165,11.941340514233437,11.942595026717683,11.968981426127389,11.929014107888122,11.926445,11.952428466093805,11.905275318149675,11.943426512623311,11.94198763736641,11.941008402998559,11.962888048324986,11.927680120315546,11.910127,11.957953439709732,11.905275318149675
1153,12.284668906845244,12.306063800691105,12.304116152995427,12.31385694883111,12.311920667304676,12.236932252760923,12.301048,12.243887822877273,12.248930139273037,12.283020713604527,12.298400328902627,12.293154953842148,12.23234835229071,12.273119158758046,12.27569,12.24151868520074,12.248930139273037
1154,11.680039195687774,11.694652320282545,11.69628998216025,11.663357400741374,11.638803807396519,11.694491686133457,11.694768,11.727981050803782,11.728540388325465,11.672262925681547,11.702106463782961,11.700933736337241,11.669191620541225,11.721599144487035,11.708313,11.700586183185786,11.728540388325465
1155,12.327541062725325,12.313764749553027,12.314357937397657,12.330517378093457,12.288260591502986,12.27982974865225,12.290519,12.304628879260482,12.260816503377134,12.325410394382427,12.315194628370381,12.315222732863214,12.290105376317149,12.28111033731604,12.290026,12.295214080661076,12.260816503377134
1156,12.300680231136761,12.270762137216172,12.270977576824087,12.271011216798787,12.236085375834817,12.209779098353538,12.1728325,12.151271385053079,12.192780946816962,12.305389114409762,12.270700860551857,12.270868576911942,12.27044361037432,12.207826159049993,12.161065,12.189414979622164,12.192780946816962
1157,12.108119147357806,12.12383689027766,12.12508846254066,12.111618371486555,12.130659455689749,12.113536173718417,12.092511,12.09670716150796,12.103526991611592,12.109080914526096,12.129085204336159,12.129460073321916,12.142743732893251,12.120957435799976,12.0931,12.13286364408686,12.103526991611592
1158,12.24742507380297,12.254475412812264,12.253327124395735,12.230508047164305,12.19902048232588,12.230913511922658,12.239229,12.245448553388341,12.234864035781488,12.248299104989613,12.252547801511124,12.25476877634747,12.235852962321273,12.24573562120034,12.2399235,12.2293780166294,12.234864035781488
1159,12.328419348760027,12.292398167494532,12.292355642034847,12.308285594778473,12.345597471124918,12.379138752907808,12.398177,12.37294978097088,12.399542792211635,12.324500842585655,12.29261179641018,12.292577898213857,12.336278178192087,12.383213947894237,12.396104,12.405166272017468,12.399542792211635
1160,12.121204325561694,12.116823455243873,12.117091585279383,12.115724777636148,12.159262705325688,12.135203796149938,12.109424,12.120348617062058,12.11503136756462,12.117210721322486,12.120272165270428,12.119503159502663,12.157779394949374,12.130815455364019,12.125422,12.122592114239811,12.11503136756462
1161,11.82205247712707,11.814187148564281,11.813703629075508,11.817125086624303,11.825442213731161,11.903276130837401,11.886564,11.914422453741638,11.887974469416573,11.824879402343342,11.814206325378382,11.814523754949336,11.831200496079722,11.91935364525607,11.882954,11.892225316918475,11.887974469416573
1162,12.313191097227008,12.31398167487857,12.310823765213348,12.280038776001305,12.244251071692508,12.27756094259139,12.2547655,12.276379412044205,12.234507782539271,12.322719072512577,12.307345769712803,12.315614083948415,12.280789205765263,12.295052249461323,12.23643,12.252136766962131,12.234507782539271
1163,11.722483872960185,11.704241760509095,11.70382480853242,11.720359475262216,11.750025771692572,11.781243751958117,11.772207,11.777250555329722,11.785004250678393,11.722379162712585,11.703049891364309,11.704494692135503,11.75010399516,11.774752010012874,11.767902,11.767605083635587,11.785004250678393
1164,11.777827183042955,11.775982715173479,11.779259977301496,11.784824707022567,11.788362848390928,11.746444350116882,11.709316,11.743730317172375,11.766462638006228,11.771682759178146,11.79669562958435,11.792652955749462,11.789353083420119,11.746181275098618,11.718666,11.690471185319222,11.766462638006228
1165,12.187603828158155,12.174731287889262,12.175378780588723,12.199240540604109,12.207652201620384,12.146880225682834,12.149631,12.132916843185932,12.136477810449794,12.187929663281619,12.181705513021166,12.18472491306726,12.19485551133032,12.16635582606663,12.139059,12.13965082031873,12.136477810449794
1166,12.306482962788238,12.320490420807621,12.31914475904248,12.288252628108973,12.27604304179706,12.285974485470826,12.293695,12.302208252748102,12.30028076511282,12.30494211096135,12.31286616537639,12.308669367422159,12.29243677880373,12.292946528855644,12.294365,12.27666842470809,12.30028076511282
1167,12.40135514224874,12.406043817546946,12.406610025865547,12.402043156756863,12.425875526542542,12.472281418898474,12.496897,12.493541286765465,12.452167332433419,12.401244767030745,12.408526528501508,12.408935254828204,12.377785722458718,12.449320035656552,12.47831,12.46986036778374,12.452167332433419
1168,12.158777764533491,12.152509052905247,12.153042610331285,12.156980363189183,12.137787820324867,12.147634382558723,12.133865,12.140843470760858,12.15802527864969,12.15572036383014,12.1534439433872,12.1523075885413,12.16066774189244,12.126469175898094,12.144825,12.127140051257394,12.15802527864969
1169,12.294803365796835,12.267283761742755,12.267941704650157,12.289989326327936,12.297228681970795,12.23107935250849,12.236061,12.26442432895522,12.205534284158093,12.292506584458794,12.268625097615004,12.267304243039726,12.255991703229828,12.226573014103506,12.201078,12.228945555676876,12.205534284158093
1170,13.14464132696358,13.1556209509752,13.156126207987294,13.213301351948488,13.226964416845911,13.330000164563785,13.302772,13.292160602632856,13.336019283042098,13.143552043649139,13.159235550072134,13.156631869377588,13.216616224807556,13.249651525368412,13.28945,13.321509726381498,13.336019283042098
1171,12.000755522570522,11.995048589588759,11.994778569023701,12.018324803637533,12.076127051210081,11.902960255913332,11.913486,11.89322430491308,11.946778048222743,12.00142649134319,11.995398083598095,11.995332520211933,12.002045165290157,11.898844845217118,11.9374485,11.89446637144436,11.946778048222743
1172,12.020237635500349,12.027787467388974,12.026999263470714,12.032887144721869,12.034806093591287,11.982720716300035,11.978498,11.996537969174083,12.000183633035496,12.021697231208336,12.02597005374961,12.028119563908895,12.018876117093198,11.96690320041978,11.971971,11.980662108827827,12.000183633035496
1173,11.994289579617424,11.993347519297643,11.992532199353636,11.978195414007816,11.958643472081627,11.985783470444318,11.996367,11.999334364834983,11.992021957588666,11.994705604052097,11.989417974232499,11.99000624521908,11.97631739788626,11.998586508871373,11.995067,11.992670317658536,11.992021957588666
1174,12.26968682996834,12.255519003532866,12.253614975527404,12.28147839975323,12.215938930065413,12.229883699443297,12.272258,12.215328072968846,12.211816487731353,12.275258345867567,12.257540560500484,12.25604223961872,12.245117497705072,12.28723119992731,12.270557,12.239867905064749,12.211816487731353
1175,12.356260476166394,12.362335923210999,12.360797245042093,12.363819390806587,12.42894911167951,12.352759641678274,12.323155,12.349682270356219,12.32738014057875,12.361040861597058,12.364343367018066,12.363059568712586,12.376437453674802,12.380081590996907,12.349686,12.33703673980456,12.32738014057875
1176,12.639906003403382,12.650097839555395,12.649501384025882,12.631603926071588,12.64104332022887,12.585192577115263,12.551106,12.605314718543566,12.586184764316355,12.645078355098907,12.648805068600014,12.65021184152757,12.642231529236144,12.602218615608733,12.546518,12.600361926882517,12.586184764316355
1177,11.654957572019647,11.672318904108574,11.672871888494853,11.67875925964957,11.7130703255469,11.76988937875854,11.778834,11.805702668295716,11.761228092241238,11.655317640791782,11.671561571945933,11.671906149361272,11.687854718875533,11.7727739396461,11.780807,11.782529102190388,11.761228092241238
1178,11.620450216206615,11.6251177262644,11.62546496735247,11.624315821321021,11.57183739146811,11.604826458259994,11.573188,11.557754433450475,11.551919967492621,11.61965861811036,11.624399677320424,11.624878361791112,11.613302494888812,11.587602331467528,11.568199,11.585367785064562,11.551919967492621
1179,11.719289565145663,11.743848602812463,11.744464044697501,11.737887246489036,11.752229515886917,11.794300362744986,11.774219,11.774503744366706,11.820044641362227,11.721643393603788,11.745549629346625,11.743484422261742,11.72483632986901,11.785347776514232,11.759028,11.783860272890221,11.820044641362227
1180,11.424756802945547,11.397414462759919,11.397397216364139,11.442014262497057,11.460239711646253,11.537447623574465,11.490901,11.494610803886184,11.518627146573325,11.426532823747799,11.39701561095346,11.397930978203267,11.452699172522635,11.54863831842794,11.5179405,11.494838209292066,11.518627146573325
1181,12.405245781373768,12.40838751872474,12.408703873448713,12.390106288337966,12.336168358462213,12.349599796051384,12.364141,12.362926050278833,12.361390263457823,12.403670154710847,12.408325309329756,12.408425517396974,12.366058028113619,12.411509700690553,12.368059,12.402751327857699,12.361390263457823
1182,12.59069497600591,12.57473203060343,12.573390878016262,12.61724939064351,12.613084102440835,12.655163777346596,12.66025,12.608147801253029,12.590793799084741,12.600385252738974,12.56687917716202,12.568147909026235,12.603669117326126,12.673073568397108,12.652439,12.628734571430103,12.590793799084741
1183,13.30580294119664,13.299876906752726,13.297852555767514,13.419778048255269,13.39905287353963,13.28947470106491,13.207512,13.267871714788365,13.182993644710272,13.303781968909194,13.29202067273043,13.287180052417916,13.372594702650222,13.197080429475557,13.184307,13.205941266257199,13.182993644710272
1184,11.872449553672457,11.839380815227466,11.837837887270862,11.855008959695887,11.859336243770544,11.866642398527517,11.906802,11.90808955679998,11.895018601456682,11.87162756068542,11.84181304677497,11.840554041188751,11.878793311701115,11.896611735629405,11.9309845,11.895053564181753,11.895018601456682
1185,12.254386108083356,12.257994497681336,12.261295953802266,12.225201195133849,12.225995203943803,12.147762255523915,12.177724,12.197478764743549,12.223860363739556,12.249799087293312,12.277035934953366,12.273923002113467,12.225644147461194,12.19277294705645,12.207809,12.222845514743097,12.223860363739556
1186,11.706362880703347,11.713517242457192,11.714908915500361,11.723821540101802,11.68319607349904,11.745534761905947,11.691183,11.70074585202881,11.70029071671273,11.697021395819545,11.721525924893003,11.720314041532601,11.659087219208816,11.750501613777624,11.693661,11.740091012548916,11.70029071671273
1187,11.449235610756045,11.483585326295568,11.49005931657134,11.436585616538293,11.44474442593516,11.52042452530261,11.46771,11.633544410195784,11.510023601863075,11.454977074983201,11.51810559724356,11.527273138513005,11.467413467558604,11.567955861522563,11.510477,11.498381558223702,11.510023601863075
1188,12.535233245326129,12.52505840308322,12.524249803213193,12.521871995779495,12.511495043637673,12.534622995153113,12.523083,12.55118548273531,12.542512841582637,12.541206578419944,12.519859483235333,12.520792312259017,12.517950496908574,12.529251581128946,12.534957,12.555946617069445,12.542512841582637
1189,12.139375209472913,12.144467011481435,12.144866506264542,12.1382701152806,12.145879281115924,12.14127769993198,12.140007,12.130460566838487,12.143339053291559,12.138436357596541,12.144033298434703,12.14433699820628,12.139048241326142,12.11899988103597,12.12993,12.136060523855724,12.143339053291559
1190,12.145728627876553,12.154629901312274,12.1551218182367,12.152715967243036,12.17282818024975,12.161764704673041,12.204242,12.19210378750818,12.183761464943025,12.146424577885846,12.157470537155083,12.158629043373288,12.154020548056504,12.180498853347874,12.181625,12.177542010148242,12.183761464943025
1191,12.128091957768456,12.18297393545787,12.185118927110908,12.103070413562335,12.052090855485405,12.021601517843393,12.006923,11.930312049111704,11.909110273912722,12.124724160517097,12.188276522569463,12.181278017566948,12.09324158428183,12.044194900880091,11.969087,12.006448183329526,11.909110273912722
1192,12.025656820515204,12.036697457924575,12.036985607369362,12.024543164305655,12.029416721153757,12.060182707163126,12.070463,12.047618134577911,12.046223863430653,12.025115657777322,12.036211735844862,12.036527398463905,12.01150731857715,12.028314380932661,12.077525,12.043806253366634,12.046223863430653
1193,11.79657379553409,11.806883133349796,11.80628677824425,11.796811059028517,11.83142215044084,11.745143578756823,11.755829,11.719671938356926,11.763751119702324,11.797860089009635,11.804897497771895,11.805312402956092,11.848151461121633,11.741328835195393,11.709526,11.74625757560398,11.763751119702324
1194,11.969489820889514,11.95940645266271,11.96092070408817,11.972362385078398,12.01032602955541,12.01106546435436,12.00841,11.998411555312886,12.002333711744997,11.963616687337414,11.962530219574175,11.959243183949486,11.967847048472992,12.002063621535433,12.001909,12.002722367916501,12.002333711744997
1195,11.917734271253995,11.918361920762983,11.917693927040562,11.91827333804571,11.923117221305255,11.913142738080047,11.902411,11.905577712998394,11.913421572992927,11.919795663348829,11.919227716298314,11.91879093298856,11.94612841389686,11.947117779407426,11.933524,11.915453788142836,11.913421572992927
1196,12.001568453443621,12.016234697927837,12.016281181048571,12.000731272780396,12.017808499809387,11.976558398156538,11.991105,12.009848111156199,11.985294110482037,12.002825692349523,12.018791490371509,12.018215965837244,12.006968820274833,12.018931218779521,11.9940195,11.99165794637959,11.985294110482037
1197,12.376924763473221,12.383516381874037,12.38364211729341,12.36462989552263,12.337214591549342,12.317793082671757,12.326926,12.327131939490533,12.331336767026071,12.37623630653858,12.384012676597669,12.383420560365915,12.354288614417628,12.30686205847593,12.344253,12.346578965769927,12.331336767026071
1198,11.914511810481539,11.915262057131871,11.915683148956074,11.933600079132127,11.911002171567482,11.924760113225414,11.924859,11.942733037104023,11.94836877600815,11.914018775348646,11.916484792193746,11.916264913474826,11.856789807760428,11.930168340611191,11.945169,11.945711244084954,11.94836877600815
1199,12.050783413101353,12.054665237072314,12.055503580575602,12.036056508614028,12.026916399659425,12.09260078884943,12.102141,12.099213720444794,12.071175717581045,12.049398765366881,12.053869805672303,12.054386535105499,12.03065585877989,12.091645882488166,12.088416,12.097692900432074,12.071175717581045
1200,11.8338538838068,11.83800685610038,11.836925228574126,11.839865533732558,11.855440463225698,11.813288656027453,11.778235,11.804756376323821,11.769000896912909,11.83290568064579,11.832133114005865,11.831601604066527,11.872635745487283,11.81591271518989,11.787838,11.783770987384155,11.769000896912909
1201,11.495305556862201,11.48493125188506,11.483879257094168,11.490853926156134,11.548166946847509,11.561158065818045,11.589653,11.597670551527932,11.552758323916821,11.494319315526445,11.479387376622656,11.47790733011724,11.529703353441118,11.530353952518945,11.572868,11.553919257831033,11.552758323916821
1202,12.212021781721994,12.211727420038738,12.211458679504616,12.214460839628577,12.211349252542625,12.20676302340348,12.206343,12.190447098331136,12.191211806798057,12.213982635351465,12.211775685215734,12.211800703211066,12.198852593050471,12.197666842311943,12.193282,12.196991841607476,12.191211806798057
1203,11.790687032256935,11.810003817398233,11.80863776172624,11.818528639702041,11.8363276324584,11.796272719345554,11.779608,11.735623503250618,11.769328066062918,11.78907400476759,11.80333946557323,11.796785687262554,11.81919406188155,11.813853206204353,11.764692,11.755553703601667,11.769328066062918
1204,12.224816771961917,12.235344674487811,12.236135801668473,12.222924306771432,12.219952369769274,12.25646657423371,12.286449,12.301337962515548,12.282638328969043,12.221517450065624,12.23716377736751,12.234870991931727,12.220180572684262,12.259600774761969,12.279451,12.25992162999254,12.282638328969043
1205,11.887164106716622,11.89042403699079,11.890358913889035,11.896278415824828,11.91530753959997,11.909935592463313,11.903936,11.872452988909266,11.892639643403387,11.887159852550427,11.890492916518435,11.890462018820795,11.910231510894747,11.889510312889122,11.898818,11.906464242582672,11.892639643403387
1206,12.611267859151122,12.608119183543806,12.608833100252511,12.59443221038874,12.557444856515628,12.54140812732785,12.524365,12.519616143923201,12.520788006188049,12.610707899170148,12.611133514772321,12.614676038675682,12.582885516776773,12.542322105707097,12.5113735,12.501525188703038,12.520788006188049
1207,11.585006965803444,11.536012191684707,11.537457704559989,11.580727395945205,11.626802031539482,11.528122421925895,11.521979,11.596512088997601,11.553546639071572,11.587574427371061,11.53935793386908,11.553369949487951,11.62729617215199,11.539864574979882,11.534899,11.491704066166442,11.553546639071572
1208,12.309811138634984,12.304962824950564,12.304792805064075,12.315542044905374,12.318445013632534,12.249768244232989,12.2415695,12.272876182434583,12.267629702923868,12.309742403799296,12.303938659034749,12.304517863298114,12.304861228550703,12.261312721054844,12.231171,12.257504282113832,12.267629702923868
1209,11.873888419827114,11.874028757274514,11.873290967967225,11.886982522157211,11.85799896006571,11.847617359084413,11.859359,11.847639579649472,11.857461704969236,11.875293752578486,11.868837928616333,11.86957766713449,11.875486199930693,11.864257837884379,11.860551,11.850656442469697,11.857461704969236
1210,12.58394365413611,12.565586084481755,12.564449437384082,12.576164344267617,12.582895997643842,12.58713899802848,12.608663,12.661516912636701,12.565785724886641,12.584330344889617,12.567073104713996,12.566227627614076,12.543562943478841,12.619262568056524,12.6029005,12.604997606349233,12.565785724886641
1211,12.170354801441377,12.162821102277906,12.162646070599992,12.187163013868767,12.240399857324787,12.15234313914057,12.167754,12.152495448101982,12.137711402635276,12.16994695818989,12.161246657242787,12.162079053172668,12.20038124284158,12.178038726144626,12.161413,12.150596440259594,12.137711402635276
1212,12.32466529818099,12.343794201562305,12.345699787170913,12.297095990865074,12.281017507929855,12.253522964945667,12.278021,12.274639895188935,12.273478315624216,12.326928680157884,12.346429366741514,12.342771190436846,12.327329695644785,12.18143254464451,12.274088,12.268833220009704,12.273478315624216
1213,11.359252180179867,11.394425739813325,11.394998720206136,11.362198448943928,11.36954023291931,11.340719452345963,11.258362,11.22735621134022,11.320494957515415,11.358943303478677,11.400902535348841,11.399015220000935,11.397219376748751,11.30488810797774,11.282122,11.251356471217223,11.320494957515415
1214,11.924220533206373,11.941980147953576,11.940404445624607,11.899447604641209,11.862004031462126,11.722872118336007,11.698769,11.696163584595102,11.676538033482789,11.922463801608867,11.935340931526001,11.930802978781784,11.94994119877014,11.717898220923123,11.7226095,11.670509547842574,11.676538033482789
1215,11.76819561991504,11.76889104553169,11.767505002975268,11.782683966332314,11.763802851594399,11.78052723181138,11.767987,11.780890707835066,11.776273792770054,11.770335386994068,11.77042052449662,11.769448330114972,11.743544221438787,11.783587110622312,11.769122,11.777529034212249,11.776273792770054
1216,11.59408969743434,11.584540492325853,11.5841449963192,11.633696172651545,11.659713140910275,11.663775095526912,11.655834,11.636663552344507,11.637234597121008,11.595048146570551,11.585150391293604,11.584788826324006,11.674463587767752,11.656512442298395,11.659062,11.66875187169049,11.637234597121008
1217,11.754668189245002,11.742996117969522,11.745786311232287,11.74703400509334,11.748354518870897,11.748539968531523,11.755595,11.752121052383327,11.743519948934097,11.748165493174344,11.756427014438643,11.755262938890729,11.766002866826087,11.734913161091956,11.723766,11.712162969952237,11.743519948934097
1218,12.368592603873626,12.367487688969485,12.366960337711314,12.367485298719448,12.375556380873562,12.406721655396948,12.414755,12.420870649311636,12.408720163030289,12.370991934142186,12.366626382160527,12.367787342103993,12.377833640775238,12.38720080536815,12.423918,12.428036194088577,12.408720163030289
1219,11.27446983480757,11.28456945262974,11.28612072861782,11.239965990169381,11.11970778245759,11.13188983689924,11.209567,11.224809747593156,11.199802339383192,11.280861517409312,11.288203365495225,11.284237635362825,11.212451819588475,11.17531798254334,11.194433,11.178996147237994,11.199802339383192
1220,11.386764575170911,11.38353819302164,11.38204783860526,11.38135448887301,11.366174739115475,11.487696564520803,11.485249,11.50976237096818,11.465325896763083,11.385805276828549,11.378498500394835,11.376726113025489,11.412103338766823,11.494881809406074,11.47348,11.459865042659986,11.465325896763083
1221,11.516400073133642,11.517658732562717,11.518154360174961,11.553633449591286,11.605434293158488,11.635654813182063,11.588367,11.626140518912676,11.59967637877376,11.511940111313901,11.518871514892737,11.517621629503031,11.600913067510753,11.620917396819882,11.562529,11.53819855800434,11.59967637877376
1222,11.691564121886355,11.709876263666631,11.710441600035495,11.707117419321284,11.717573853769688,11.738471284222712,11.710855,11.704144554349144,11.748830586308202,11.689429890903337,11.71153970990608,11.70950663600271,11.745948663894579,11.73574641873855,11.708358,11.722672064563712,11.748830586308202
1223,11.956309236779568,11.961055989014124,11.96183646838814,11.943606792905074,11.89804387974283,11.92212837274802,11.948404,11.932278657503787,11.856251387367623,11.952406161221077,11.96644768933995,11.965488877822724,11.922087039371066,11.929887115691596,11.941854,11.919495876887005,11.856251387367623
1224,11.921587011551786,11.919794880606855,11.918448820426525,11.864566491121504,11.785704816158864,11.769224387106668,11.70605,11.738450366223313,11.643458402843203,11.919305703367288,11.913903896135716,11.914823078282724,11.892365210610054,11.706950698045365,11.764274,11.694960414631357,11.643458402843203
1225,12.255317618705694,12.249042828606997,12.249191520654044,12.25393511054977,12.208436106222173,12.179195900531276,12.195297,12.205385815851,12.152526298601295,12.256561245389495,12.24964272936088,12.24884350370085,12.242790431945918,12.140262277992932,12.174128,12.194462654686976,12.152526298601295
1226,11.931880727016296,11.933836777139062,11.933594715489951,11.917988327045542,11.88992525230692,11.892494191483422,11.884708,11.89886286973547,11.8918621738587,11.933411495558556,11.932224858467979,11.932473477296885,11.902054330650751,11.897305817313939,11.908135,11.881809976893187,11.8918621738587
1227,12.34722536204336,12.324630030753283,12.323097625118747,12.348575154124298,12.377566283455975,12.254179420783059,12.253117,12.245221731965067,12.216860326205039,12.350790052607582,12.320891972614923,12.32541477788356,12.386190543708226,12.251645397241964,12.255371,12.26786357216729,12.216860326205039
1228,11.902824419560254,11.907687661499766,11.906696475962777,11.895037970309522,11.88953464314292,11.883328450204115,11.826241,11.805548287745502,11.85279574614134,11.901952359121045,11.901736268428813,11.899577846363007,11.90202428659062,11.868847266980845,11.843732,11.832424617080495,11.85279574614134
1229,12.714363703649703,12.716838407020028,12.71604615772409,12.724193662603344,12.740766695511871,12.794904465753532,12.841907,12.771292995485224,12.87848787689246,12.715244735550788,12.715205902506229,12.71703267380611,12.707618845651975,12.802270446385801,12.844297,12.842746690100213,12.87848787689246
1230,11.774820078702229,11.774098347354453,11.773405057101629,11.776306983105203,11.8106548238522,11.795686674577155,11.77488,11.803725981460794,11.811602455686362,11.781884283858025,11.772605956306066,11.77418010516936,11.822484518290345,11.84478246624424,11.768766,11.790632542046906,11.811602455686362
1231,12.23696240247722,12.283802517177461,12.283766948758515,12.190124722343507,12.163722768037621,12.17908503109799,12.142555,12.15263540793425,12.240735351602172,12.234859733544939,12.284611985473054,12.283679785139494,12.217313811387642,12.248003015590864,12.156134,12.210960740797528,12.240735351602172
1232,11.812685918627535,11.788117308057565,11.788444808448613,11.812004080463204,11.81974518092894,11.882882761701575,11.880742,11.89555619266471,11.894927466259055,11.812524663935182,11.788113830457586,11.788215675979696,11.814356549073311,11.884545951500424,11.890149,11.900661572225214,11.894927466259055
1233,11.514778979332336,11.516148428943593,11.520019256251052,11.515220871602235,11.467146249661836,11.558292843045491,11.547662,11.55535722596172,11.51752260979592,11.510655806695373,11.524426247678678,11.514443053606023,11.451392224612773,11.561762945212298,11.549111,11.581772211304092,11.51752260979592
1234,11.719141076372185,11.733261406841505,11.733684436898178,11.72119220489939,11.790427725662504,11.831707963800703,11.830439,11.818683314704126,11.818624638010307,11.719780492302258,11.737672951555755,11.73733940681148,11.764057298217615,11.831235618577189,11.831988,11.806495978353253,11.818624638010307
1235,11.57522335270401,11.515706756724835,11.515726144272234,11.560042829305559,11.608187383876695,11.54409722077143,11.537521,11.635271249690861,11.500951769817586,11.578431116448145,11.51537923000765,11.52639574915865,11.59996830781012,11.523705691963192,11.551826,11.46329750199263,11.500951769817586
1236,11.873446038417537,11.877874992460296,11.875040354619275,11.882543827581857,11.919007466374305,11.897641482006973,11.86759,11.842589810384164,11.874050767061203,11.88746436324338,11.87177431511585,11.879108136520435,11.903587157831456,11.895737362967049,11.865969,11.864182387779094,11.874050767061203
1237,12.050748687999182,12.072171238708853,12.07103196020862,12.032655968260965,12.00965765386765,11.990284208135572,11.998072,12.006150097092634,11.991854981768192,12.051611923388396,12.06758540894159,12.068252377757545,12.054589973059636,11.980327550822729,11.99187,12.012555559662761,11.991854981768192
1238,12.245066751089517,12.249788767548933,12.251297748934851,12.23178791886176,12.19767684831684,12.262391276411892,12.264997,12.302244101355878,12.254395058324617,12.238571599207019,12.252878450448009,12.249169882480953,12.201388126380971,12.260708456494882,12.257471,12.273995312832932,12.254395058324617
1239,11.854881362063981,11.839628605930228,11.843469915854053,11.828506211198093,11.818755055812728,11.843108338552785,11.795668,11.795680147721464,11.791039735421423,11.84927844248103,11.835677043457373,11.838256632499283,11.849980487779577,11.869239275166715,11.801172,11.838720068642713,11.791039735421423
1240,12.35420986633795,12.344317902324836,12.344439484968623,12.340439831542284,12.342913967811613,12.31826486987368,12.3356085,12.316203841022618,12.31696113054352,12.348139534113246,12.346891045846908,12.346182218601985,12.334346834706947,12.31228686934927,12.33399,12.309068788236718,12.31696113054352
1241,12.241013862024603,12.240105611932478,12.240250923131404,12.24469248086125,12.271027329716953,12.249161549225093,12.237769,12.252270682010522,12.257697716005653,12.24048289795021,12.240518819366773,12.240033670538777,12.259806031164274,12.26293051128853,12.257639,12.235673315273676,12.257697716005653
1242,12.51746793586665,12.527138546539872,12.52618340346681,12.500247285478125,12.469466267102845,12.397796048920203,12.398091,12.409672721368697,12.45720541164725,12.521847808078178,12.526013538047595,12.527210002696158,12.482779703468434,12.389947779488786,12.417017,12.41695545834001,12.45720541164725
1243,12.035507541406252,12.053766294071682,12.057125052514676,12.028433871317844,12.076222004607894,12.090936517715114,11.967524,11.98747907907045,11.923348037710111,12.023744126530845,12.07062137635184,12.068301325618918,12.059585818853938,12.099212309251833,11.962059,12.012454986904693,11.923348037710111
1244,12.948088328582534,12.952264840082114,12.952954401918074,12.981786450104455,12.977582324649962,12.993211940082016,13.025016,13.001504315239817,13.032566682911522,12.948121952759312,12.953333942376574,12.951984912431648,12.960628228687174,13.015880999779519,13.043425,13.059073262195923,13.032566682911522
1245,12.231892291586432,12.222887310793181,12.22097800187283,12.24144776101611,12.2481544765655,12.224424863745094,12.281994,12.242563730462283,12.237509481793396,12.247087527518929,12.21179038688854,12.213496297554917,12.167890163588963,12.254521337521856,12.278786,12.264811601049372,12.237509481793396
1246,12.225734564204183,12.209960176101784,12.208737394450154,12.221903742137536,12.24269822372978,12.151669105710893,12.139703,12.149199690472445,12.169219059297633,12.222911383937245,12.207463243812757,12.210196817043693,12.23757856153567,12.168209100922603,12.138489,12.156904153021374,12.169219059297633
1247,12.195680489428753,12.20172712597195,12.200885320755834,12.188023665514306,12.173301918256417,12.181376811300703,12.174383,12.197598433100701,12.200896623852591,12.199399458791028,12.199549828549387,12.202119684063792,12.178521959731594,12.179809736403945,12.184743,12.17597069267943,12.200896623852591
1248,11.88208910009787,11.880383792659636,11.880760952579664,11.881161289302401,11.90681052224987,11.884109965408213,11.9162445,11.895429991778535,11.897246369949155,11.881327500723978,11.879975300585727,11.880243318859545,11.917739433863636,11.887399257362496,11.915481,11.873313449074084,11.897246369949155
1249,11.861891575452598,11.840425977921411,11.842046270147307,11.830292173312747,11.779810379811877,11.88920111975426,11.819383,11.812310862569024,11.810256192053492,11.859153016543841,11.84085457707048,11.840815422974169,11.836823419033449,11.863624372138764,11.815205,11.85060269597924,11.810256192053492
1250,11.666276448900557,11.661805388282886,11.661523055549408,11.698098001652973,11.695628376905272,11.735131908940756,11.729395,11.725583012827487,11.712749780563755,11.666607274762066,11.66026266616407,11.660489058805396,11.692225522165588,11.75153017486242,11.7478695,11.729544502707965,11.712749780563755
1251,12.545411195045348,12.544364645357811,12.544378372653574,12.503956565216898,12.466852568471898,12.429893737726658,12.460036,12.452037583837177,12.482416286191885,12.54555572274973,12.544490076247003,12.544454953248032,12.480511728669702,12.439449037023332,12.452562,12.464300008126845,12.482416286191885
1252,12.170203393584094,12.160759101382018,12.160452415492998,12.158389184296485,12.116222702958446,12.094487090576859,12.058263,12.088615450431906,12.066687565917642,12.169934345245416,12.16057289514565,12.16068525341471,12.119597337087585,12.115301957240094,12.083177,12.053248455039522,12.066687565917642
1253,11.608923139117959,11.614119840072243,11.614713288942552,11.632577445025655,11.679842917670452,11.70172999054942,11.662658,11.692647788195305,11.680481174008055,11.60844179269904,11.619777066601523,11.618591129081612,11.654180942327242,11.675732363465047,11.659805,11.688446769704441,11.680481174008055
1254,12.533676166895507,12.502177065344553,12.501456476656648,12.542143057155133,12.602032039980992,12.490254589186273,12.507898,12.480606674848742,12.517461891195028,12.536573619233224,12.502570578539453,12.503014890551691,12.514805323616997,12.502258588095634,12.492227,12.479979827654503,12.517461891195028
1255,12.158355693502799,12.13631428201032,12.136767624365246,12.147063656219995,12.154203442384276,12.123366517128149,12.110779,12.13462177078797,12.118864304072662,12.153148335342207,12.136509761609767,12.136336943652152,12.140226225155278,12.126550770256564,12.122936,12.128253891921474,12.118864304072662
1256,11.817119214291122,11.816143243407637,11.816061497413317,11.811222368123692,11.81981946826489,11.818283850484375,11.794396,11.79273490040643,11.81922475104654,11.816699378349096,11.814256993193363,11.814808402889595,11.833912463391476,11.79457558707463,11.805056,11.802189645500581,11.81922475104654
1257,12.638001807116613,12.633227572619498,12.632387454325128,12.632518604776257,12.643098663072116,12.656769629320605,12.636447,12.650226029726687,12.628335192166265,12.641108803089903,12.631226257935657,12.633502449873678,12.634773070048444,12.677262394794095,12.640773,12.639867236102914,12.628335192166265
1258,11.381199382001187,11.368507065927878,11.370249181416956,11.370090488587724,11.3704950327858,11.391544846039425,11.369221,11.370493505328888,11.370090008492753,11.372752480689588,11.378409218982279,11.376550226476201,11.381966335225888,11.402324177312435,11.384109,11.395062253975098,11.370090008492753
1259,12.157942656406945,12.15507589444959,12.155934557726894,12.158232608709397,12.159924669359647,12.140100726073229,12.138509,12.12196297119737,12.121540651680933,12.156354358307528,12.159753163656974,12.158997972459263,12.151140693227399,12.154397962973535,12.127598,12.142186462576234,12.121540651680933
1260,12.048044403621725,12.059316620659404,12.060225623790412,12.00577256649295,11.946311654266191,11.947003167805704,11.91149,11.925927225365342,11.93338979995422,12.0439834566342,12.060393185635206,12.059067392818273,11.975133299868087,11.947611389600022,11.920621,11.915544985217357,11.93338979995422
1261,12.168748292327992,12.142857834712776,12.142772147674636,12.162493121977738,12.189998044485682,12.10727449217592,12.124742,12.133027659402007,12.133772649449122,12.17005914644502,12.140604117229834,12.140991296183884,12.195812042205786,12.155589165718702,12.129673,12.128575434170106,12.133772649449122
1262,11.751016559130536,11.749584816307523,11.749144208104232,11.75793629578718,11.758975750770674,11.747744556587818,11.734154,11.742571200259118,11.707862610036159,11.750554154033448,11.748141535487996,11.746579077013386,11.768712335134545,11.7436128057619,11.729299,11.730546940043666,11.707862610036159
1263,11.830671041737455,11.827540123104557,11.82545041702228,11.839430966070129,11.856273952773394,11.86665636164554,11.854538,11.828868359298616,11.82942567840913,11.82948626556903,11.817045407578792,11.81523140505555,11.863442576040313,11.859138228001175,11.866257,11.849255352497794,11.82942567840913
1264,12.005315157299222,12.003388298129886,12.002107712845065,12.002079978056498,12.065408772279339,12.031006358650286,12.004793,11.999775514514047,12.000055742759185,12.013068065065017,12.001767777932486,12.003782430046638,12.048539556555173,12.011338525636594,11.994522,11.964163326137813,12.000055742759185
1265,12.017055459788935,12.021848467072344,12.022454259981833,12.012567572697632,12.007226144249927,12.044430464992933,12.047855,12.051937084449973,12.026427725714477,12.014718595930741,12.021211432696774,12.021616632656537,12.012691538416513,12.043300744307135,12.05047,12.046421685035908,12.026427725714477
1266,12.10986884245302,12.118092596212477,12.117833041518594,12.096080783175946,12.072334803900109,12.046315601884006,12.05519,12.039995966709169,12.052268337166423,12.101074293742371,12.115233141955379,12.115801052360434,12.078517840921803,12.039595621062295,12.051693,12.054014690854828,12.052268337166423
1267,11.645577026131198,11.674793250851899,11.676026261277691,11.621274051531088,11.615287115404637,11.75094397308172,11.758821,11.767865012059751,11.808000065444821,11.646725626048369,11.68450810565695,11.683521103196053,11.636895421691502,11.763869634450456,11.746851,11.78380761287692,11.808000065444821
1268,12.669401889656758,12.665680285580407,12.665777222122106,12.677444421156169,12.7248807041708,12.727884214323907,12.663848,12.652440115570103,12.710035626366087,12.667128053884221,12.670413776986756,12.669261903538583,12.670351532372779,12.704084270907005,12.707897,12.676202272237045,12.710035626366087
1269,12.912118396316446,12.952957652558952,12.951368345635007,12.93522221946228,12.930666751539365,12.877702397788237,12.947891,12.84055704972837,12.918086950374331,12.930605654397398,12.94281699681585,12.944867528860122,12.912123954360025,12.828026585634003,12.938686,12.926881519973826,12.918086950374331
1270,11.823237261943662,11.82635859376653,11.82128684188905,11.825439077404102,11.84581423458584,11.838686204174124,11.848647,11.862269021850274,11.838393800447966,11.835225305745457,11.815323576219857,11.828094990591847,11.846864345551534,11.85888257147131,11.858384,11.845930762844764,11.838393800447966
1271,12.4663395978168,12.48255398007629,12.48078602826479,12.462704223618848,12.496858355624886,12.437400663742519,12.406047,12.375094044353027,12.4442361177023,12.462990727082282,12.480118114685474,12.48323953469406,12.475826651494382,12.407131027084557,12.374721,12.420222420981284,12.4442361177023
1272,12.111820087381103,12.099309699259766,12.09908550891527,12.09911564956709,12.120445928720223,12.10113050271074,12.113385,12.132665919542251,12.12224293912009,12.111796921964421,12.09936772064522,12.099251332854848,12.0813787544503,12.08110549814558,12.100485,12.11908309570063,12.12224293912009
1273,11.776214514492892,11.76392440748759,11.76375709612562,11.785531726449593,11.83005337373954,11.798453289871448,11.780837,11.809672234862635,11.79604479710886,11.777169191888788,11.762710434911966,11.764302673797248,11.81200941681822,11.815713781082378,11.799543,11.768678233580745,11.79604479710886
1274,12.061883208740774,12.09066437342825,12.093610724623325,12.035532679568247,12.022487900819222,12.029913481653827,12.038468,12.02335393344166,12.062094731381714,12.05613404993497,12.086582784245106,12.088944127955642,12.018103953785202,12.028799397554156,12.0543375,12.030255819189165,12.062094731381714
1275,11.79705114218979,11.841113635995296,11.837607595626192,11.815307474623637,11.782952236463089,11.725302630233756,11.740803,11.738959009680476,11.76718380682678,11.802662704079639,11.823851584156527,11.826736470994208,11.756878772026534,11.729694892092432,11.753631,11.779375188107924,11.76718380682678
1276,11.90016592257542,11.90136517415904,11.901319915735774,11.889081205038291,11.886728874138601,11.864405134468742,11.899954,11.86324169817712,11.841332745858468,11.898176023483254,11.901086992964098,11.898824276817976,11.847276204286576,11.887017679421033,11.8930235,11.899707633970953,11.841332745858468
1277,11.94957142538173,11.95984758915685,11.960401727566472,11.96364158260274,11.994230745808428,11.998034999116026,12.007651,12.010393527450804,11.992217482145959,11.948897955182229,11.963684735873597,11.963033397566901,11.990228691171561,12.016968788362309,12.0156145,11.991831206438652,11.992217482145959
1278,12.204931754237366,12.1877265774938,12.188010206238271,12.194888648911013,12.209443627683084,12.139413743967745,12.144914,12.09931316251743,12.161887522892224,12.204135005268366,12.187763356210818,12.187850464248076,12.201434130223673,12.137391327565787,12.135026,12.135240868190735,12.161887522892224
1279,12.426957856749134,12.434005333961437,12.434972848096882,12.426435235523718,12.409540913377686,12.477251796857116,12.502265,12.50231269884245,12.52040612245753,12.425312919478046,12.432890120432686,12.433686797124432,12.422928928450366,12.48631315523765,12.486708,12.481733220849268,12.52040612245753
1280,11.340879783064993,11.220211544098495,11.230698071309067,11.325411906604636,11.41201737680041,11.48790549306343,11.248559,11.303168800956144,11.294648928607051,11.330860343766195,11.213915877412573,11.219858762230684,11.462990557895727,11.456443047563626,11.314841,11.413899623735528,11.294648928607051
1281,12.26997497404058,12.2697623400883,12.270509946685088,12.269594776716588,12.272976125253871,12.284979166692926,12.26877,12.270446797835618,12.260290002701792,12.266558697904747,12.271205726328802,12.269415196212115,12.269565012993437,12.275118649690834,12.239431,12.275198967270935,12.260290002701792
1282,12.182423544263418,12.186356664295282,12.186416320853953,12.162492484297939,12.112989214807095,12.144589231896584,12.131255,12.129170709595869,12.121774305511531,12.181271100690836,12.18590623753783,12.186407025620058,12.146385989174783,12.129406791612737,12.13488,12.12983782017198,12.121774305511531
1283,11.902013742015335,11.918760641872648,11.919054720524374,11.881615857694953,11.864423630566286,11.898717234739618,11.8957815,11.891470731967464,11.878681941216799,11.903630849428463,11.922824956937148,11.921933211760862,11.88863172880155,11.871099741738936,11.894882,11.905222994582418,11.878681941216799
1284,11.852222078668104,11.857018936731059,11.858372307818236,11.845116522726569,11.856147059160683,11.836685463147218,11.868234,11.871420480814452,11.861937102112549,11.83681484649203,11.863529102754375,11.862417771927202,11.86257515297566,11.842932123092025,11.842896,11.868439538580958,11.861937102112549
1285,12.10959206123305,12.089171075493606,12.088011165651837,12.145549722183826,12.158486658673992,12.09710239105313,12.113866,12.132989352932931,12.116154488181618,12.105267079469604,12.087977148807223,12.089650524951056,12.082746465971004,12.094329567146438,12.148792,12.083396348164419,12.116154488181618
1286,11.768177614910728,11.773280854038537,11.773133159798089,11.770409062423758,11.7938660303542,11.77807154629175,11.749979,11.771829310932679,11.783605889645687,11.769960990825599,11.773500070106827,11.773366664549311,11.752782694490763,11.766918885059047,11.743253,11.757547046578729,11.783605889645687
1287,11.912278681038847,11.908350677659225,11.908531268696128,11.910398308747359,11.937349630643446,11.958698406735076,11.961943,11.951763152230434,11.978438352615612,11.913646839328166,11.911037350397827,11.91395615016903,11.929124461778766,11.962980744245627,11.974002,11.947690155428669,11.978438352615612
1288,12.067646008947815,12.089885833026225,12.088090229233838,12.060852362894813,12.088926640343848,12.108305693821753,12.029346,12.12428647874601,12.133762935355445,12.070143598002307,12.077698588706633,12.079461559256641,12.106436598235378,12.114336291100766,12.048305,12.113357670232407,12.133762935355445
1289,12.42585041586292,12.429508936154129,12.428018487494166,12.434510403492128,12.447895243821538,12.476091776483711,12.448594,12.449047868647073,12.457749757434144,12.424658971072281,12.422455695255229,12.417734900444627,12.428928710824483,12.516423273613231,12.457982,12.47532103871794,12.457749757434144
1290,12.574791233111249,12.569297250849626,12.568455543235839,12.56454882871258,12.553633494698241,12.533973110122206,12.523227,12.565364302520859,12.554385278258085,12.576045214530744,12.569993499702559,12.569544603231757,12.552477699516727,12.51655426034697,12.514811,12.528249961964688,12.554385278258085
1291,11.963326327246307,11.960729652082225,11.961322226697055,11.954172806564733,11.939152988995362,11.99309807733657,11.967964,11.987453946362043,11.99071218289402,11.964500933430488,11.967978308440196,11.972105915600872,11.96012156494081,11.976625156242969,11.95912,11.9616007268326,11.99071218289402
1292,11.664529853901422,11.64442321293526,11.644014724699574,11.673315938917112,11.702613087290182,11.661839526792683,11.648803,11.672494148735032,11.66311238671388,11.670619838867472,11.642907704384264,11.645450171495197,11.69342153935059,11.664446277333752,11.682791,11.676181317392706,11.66311238671388
1293,11.695428941904652,11.686319382146248,11.68462293828272,11.69821751828968,11.714882490872627,11.704116584770246,11.712193,11.70772926195067,11.728725927806165,11.695575475950507,11.682647442401754,11.678771637657709,11.709414880298144,11.673313453060471,11.72188,11.710827381310784,11.728725927806165
1294,12.115418746275239,12.107094830784614,12.107981144542466,12.12747637458698,12.122627173784187,12.116173285080107,12.104246,12.073640428222664,12.11227727780069,12.11054902970337,12.11188327421093,12.111044916672299,12.092606138848547,12.09915623811725,12.083276,12.117020124628155,12.11227727780069
1295,11.728179395946949,11.704461308825598,11.704148012292428,11.725465707686231,11.689994901623718,11.702839285571994,11.698349,11.698061018677686,11.69228498703807,11.732629605307553,11.703518052677348,11.704954187358048,11.697894184477168,11.713845375716383,11.688587,11.693846970753762,11.69228498703807
1296,11.771625256814627,11.776690186581568,11.776267447362553,11.778487648541992,11.782622799453733,11.836909264501566,11.852054,11.861016893725708,11.849944808702364,11.77096187207145,11.773368695308525,11.773757333420368,11.77696848127338,11.853983999411422,11.87164,11.860702432814865,11.849944808702364
1297,11.908899631526216,11.907017246283042,11.905431495451161,11.908276847341847,11.942019588783905,11.90896302274372,11.9047785,11.896098648902079,11.883378992763278,11.913437718221008,11.904001060289099,11.90756706615386,11.905472851634277,11.889640287874025,11.897574,11.886371469138934,11.883378992763278
1298,11.896493305809583,11.90974679378917,11.90928748629546,11.89780995392433,11.931878797459518,11.896376930377933,11.834439,11.892619880363759,11.906564235341477,11.896732837591832,11.912835591985772,11.913119974570469,11.891020212891707,11.879568077939767,11.854315,11.833772995680706,11.906564235341477
1300,12.001354858219617,12.017418303621211,12.016467524202746,11.98658475683859,11.96852770511267,12.025947300274176,12.035151,12.003632883104176,12.024411545289158,12.001694243502397,12.012079979020791,12.013100548352515,12.019013875376144,12.044853407989127,12.046406,12.02963798550708,12.024411545289158
1301,12.361129064660586,12.352952801115753,12.353244244785214,12.349975089241937,12.363024960049206,12.317524325139004,12.322622,12.312292029445711,12.317877925464874,12.359803295397246,12.353795923102917,12.352740177438406,12.34934770301932,12.313074785724881,12.33059,12.320528864454891,12.317877925464874
1302,11.934439282316385,11.956740747487855,11.95700050146332,11.96170259634418,12.012991942033,12.023151700614116,12.012404,11.977613397448112,11.999939288138307,11.941899233024357,11.958043016246783,11.956402260718896,11.988589909958279,12.018819289162217,12.001701,12.001561204120934,11.999939288138307
1303,12.597117106377171,12.602079031902644,12.600824503910859,12.611648358634802,12.65817691410482,12.663495670828109,12.629485,12.648723841982395,12.609605431723795,12.60234091819736,12.59962176126706,12.602527925241187,12.63523309527793,12.6801187574839,12.638661,12.639045069851482,12.609605431723795
1304,12.3461027288958,12.338855649614846,12.338547479022358,12.34619089937473,12.374342977267062,12.320321692458231,12.30556,12.323401125768678,12.310753760667042,12.34549274869298,12.338094297326316,12.336404147851365,12.364771987997777,12.334212995656578,12.306442,12.325562239150308,12.310753760667042
1305,11.856811831672209,11.850925594798605,11.853372846721275,11.852402090854678,11.831149264537931,11.841006833881195,11.860228,11.850540957813347,11.860220621522446,11.845572206135284,11.854647986750651,11.850741152193622,11.844039618654984,11.845757203455351,11.834991,11.861529748108902,11.860220621522446
1306,12.659185471091629,12.653378652592322,12.653559232997903,12.671669830928115,12.709132233759364,12.699793858082094,12.697097,12.66315786426072,12.690108207063993,12.6592502906506,12.654023070269453,12.653333217212445,12.668159487082587,12.690569130224997,12.694114,12.697113414177911,12.690108207063993
1307,12.244858338318997,12.25063080760226,12.2493125938145,12.22541307657324,12.18916059301329,12.15422441503008,12.190039,12.198592015646797,12.211472675419463,12.24397426966815,12.242394081884614,12.239703519155137,12.214009748186385,12.173644576788433,12.205956,12.17994434401851,12.211472675419463
1308,11.804152220150039,11.812870797935599,11.81216728336899,11.818353470874817,11.853064937206911,11.842443164643406,11.853877,11.875915290278716,11.847126282079344,11.806240236758663,11.811882684622041,11.812838573612852,11.85029033012876,11.851208649118357,11.850658,11.84257023611547,11.847126282079344
1309,11.8853101181708,11.871140315045883,11.87003464146131,11.907482045010038,11.926928167446734,11.877198574564535,11.887256,11.875298727991362,11.859863718516692,11.890950096532588,11.863073150642588,11.864306936111872,11.941596332767242,11.904175209409793,11.874821,11.876544530094527,11.859863718516692
1310,12.048431593660457,12.051088970724608,12.051180420960202,12.054846869549998,12.065761800587005,12.056638015168776,12.063141,12.064618795829379,12.075491690063076,12.049576544031458,12.051813916931856,12.050881071653436,12.059584532585722,12.063012089043658,12.055586,12.035576349705693,12.075491690063076
1311,12.676625246495027,12.721405264955369,12.720086289408806,12.671092170135823,12.683713593819924,12.695627106580776,12.667411,12.701754590276824,12.65169863492775,12.681136066669255,12.72227317387451,12.721719727844388,12.632794066589193,12.69961846665309,12.695257,12.70512744361903,12.65169863492775
1312,12.214293025664837,12.226422178442865,12.22652245038058,12.208722650778359,12.203589050296348,12.234520331360002,12.236386,12.236941448393974,12.239196377749492,12.214249148752197,12.227380770169109,12.22692226642857,12.206243328645382,12.247186922676311,12.250793,12.245247979621638,12.239196377749492
1313,12.639873864863356,12.629633561055979,12.628868130458043,12.632477445472938,12.647767681199214,12.686796089871256,12.6711235,12.638904291336003,12.637747384160313,12.63868100644222,12.624072844227799,12.62127157887387,12.640965416307456,12.68490660608261,12.66156,12.674353003756098,12.637747384160313
1314,12.67521433245743,12.671581724773924,12.670585912411848,12.670132671973708,12.673540273099082,12.659361943029701,12.692506,12.711764327114622,12.699467966659805,12.677771701659601,12.672654033307204,12.671985141753112,12.68088989824671,12.694335893877836,12.677484,12.687191394328966,12.699467966659805
1315,11.6292334253771,11.62278098984595,11.623557369546116,11.632308734545818,11.653944521901169,11.695948667503073,11.692875,11.667095082646277,11.680037123255858,11.627130148610007,11.624276687737387,11.622548995790604,11.657447132718154,11.675556545019214,11.681634,11.706421568187569,11.680037123255858
1316,12.153432571828327,12.15686984869311,12.157448496547438,12.131638113761959,12.106130707607104,12.103709182822449,12.1201515,12.099971846418056,12.104419822577514,12.154002774511207,12.15785555533107,12.15676748727575,12.119492583271523,12.117842196801327,12.121387,12.115184002437259,12.104419822577514
1317,12.491176542329955,12.495004627529903,12.495511306459873,12.502257620138904,12.487966765121463,12.554816978224812,12.559764,12.554341877663811,12.547488031560317,12.4878620082535,12.496574114439705,12.49469847124327,12.479005087770174,12.565943100656055,12.570369,12.586151871921544,12.547488031560317
1318,12.176544341771784,12.165714726734864,12.163817387363855,12.185670089516922,12.198034887238373,12.149371489072642,12.141613,12.150167590691634,12.196862930719165,12.175432566736191,12.153299291761474,12.150032430043984,12.187671302414241,12.174382718184464,12.155175,12.164165733996528,12.196862930719165
1319,12.491050339745279,12.493112276229281,12.493843435876258,12.494945634907236,12.49884518385771,12.52481114370369,12.485337,12.490202021782359,12.48350123229945,12.488541345787183,12.497023590279401,12.496462683912316,12.469605864994529,12.50199794645529,12.493787,12.509127611848479,12.48350123229945
1320,11.56113602985849,11.558752323069236,11.558986751088698,11.568322989122692,11.59346437645732,11.679353839511412,11.6577635,11.666663476869719,11.63318366812949,11.55892132936752,11.559587854474053,11.55855269165806,11.597714386843938,11.695961865680118,11.69075,11.675693977800014,11.63318366812949
1321,12.019613767671288,12.033754906850167,12.033170396303671,11.99771326638484,11.991141219479495,11.988672725715052,11.9753,11.954036000172415,11.989714394447967,12.019597363346133,12.032559959051223,12.033777586409844,11.989052300168087,11.972869785259999,11.958188,11.975316414384896,11.989714394447967
1322,11.23790713040338,11.248477752111446,11.245208736528518,11.280072761465306,11.361092735854479,11.300503810055089,11.28118,11.288511158787033,11.284085979096098,11.246558110795322,11.232169383249307,11.23460213087036,11.338486562506487,11.302043104358935,11.265336,11.234970157886808,11.284085979096098
1323,12.382727624381861,12.370866657103777,12.369792766561465,12.365811346195292,12.338773807397356,12.305936127362752,12.293593,12.317880706469674,12.290890063986769,12.38331762208353,12.372342799501215,12.371548331865577,12.371457310474616,12.29090977718483,12.276289,12.300128424882566,12.290890063986769
1324,11.345657288727242,11.365522375501264,11.362845535991656,11.367407659316688,11.43291050383879,11.156177740437828,11.195649,11.228887759332542,11.251591907556751,11.353158977211429,11.368416378970421,11.3663492312989,11.410733381492198,11.215414029495784,11.1995125,11.131402891224626,11.251591907556751
1325,12.55511303914165,12.559847639453327,12.559210265910616,12.573182476106236,12.601256494041298,12.5522846572374,12.547468,12.569042358252046,12.540029583288002,12.557925396258131,12.55915023333933,12.559808729736732,12.560501078091601,12.56080492087716,12.545715,12.57512186565923,12.540029583288002
1326,11.018273600492286,11.064035610292116,11.064178339142078,10.994361930507381,10.9817226787908,10.947344543057788,11.050525,11.046262577593437,11.026851451170309,11.01023037261874,11.06849053332223,11.062598726994086,11.03085762819189,10.95108532372029,11.010956,10.953791370927764,11.026851451170309
1327,11.365979893362722,11.36406229725912,11.36498143863324,11.337729540038037,11.323627487980017,11.299815227880707,11.160155,11.216852947902394,11.25918991911323,11.370484904807217,11.365764544114125,11.365394720995354,11.355771484248605,11.247429769299938,11.205424,11.242599407993383,11.25918991911323
1328,11.810381951216781,11.808878404193846,11.810503427034032,11.788544208619298,11.77725843575765,11.835708753489147,11.737368,11.765714552623283,11.788025995107002,11.803443193335296,11.811968564560848,11.80818124513372,11.80082609692743,11.843113398352973,11.714521,11.770767175364254,11.788025995107002
1329,12.2272984438294,12.222736870546141,12.22213934876143,12.220369295048261,12.223104812384008,12.279892153603885,12.266364,12.30148559564818,12.329681489400773,12.237694887678755,12.228349899593852,12.226622551855117,12.244575405692972,12.321376242670075,12.268587,12.205548563939312,12.329681489400773
1330,12.126150439148574,12.127913309214772,12.12837219807833,12.115703051338588,12.105586218088973,12.1219714336118,12.132592,12.105074283768188,12.12023595649726,12.122495536472812,12.131261320293513,12.13066803023082,12.116145549144294,12.105284670444552,12.126726,12.140124279558838,12.12023595649726
1331,12.432604893567566,12.424810085426135,12.424526455094181,12.443848023370052,12.485468546135477,12.437401935978867,12.395454,12.384705647889694,12.410214605651921,12.432450319324383,12.42526025240622,12.424588564850628,12.470171112052075,12.421614583727168,12.41621,12.394659002791201,12.410214605651921
1332,11.76610778213621,11.762187819049215,11.76122046445841,11.778564560361588,11.804023997407809,11.775855603634103,11.786308,11.805459615287411,11.792135812050939,11.767771403687684,11.763024549089902,11.76240197262988,11.79012013251698,11.755779919191339,11.801308,11.775199849433895,11.792135812050939
1333,11.630927360793512,11.641096452577862,11.64111157774545,11.622790014551006,11.606582957922857,11.634152294342258,11.640815,11.601186737953771,11.679461035947286,11.628490851770032,11.642158089642813,11.640824882296949,11.591797816298675,11.650759779533823,11.601149,11.634559210489048,11.679461035947286
1334,11.733087951939835,11.73668539855828,11.736842217031006,11.750132254981466,11.787881278242795,11.765441892916936,11.790319,11.817863730363621,11.76298431024775,11.733722219396734,11.736530948945692,11.736580615878612,11.789623359478897,11.747810257052949,11.800325,11.778104172462472,11.76298431024775
1335,11.652212237479132,11.638010741318373,11.63852639890752,11.674607625965072,11.667138610936131,11.704861696484308,11.702137,11.703427539916687,11.667350444827118,11.65439755114932,11.641405749859027,11.640784373871643,11.69135487343223,11.709290967462643,11.703815,11.715013135481163,11.667350444827118
1336,11.99169693056013,11.99769511075501,11.998045449289965,11.985324264921388,12.003448923692625,12.009403802672471,11.989054,11.983672076502682,11.98160021537991,11.990843971900006,11.9990430227494,11.997367156374713,12.01337229891155,12.009929197983945,12.01503,11.981489270798816,11.98160021537991
1337,11.820210848318927,11.83184886712162,11.832643219617314,11.821111244671227,11.801096255055361,11.863566330657852,11.902101,11.89581838346405,11.869636529796477,11.818209633116489,11.830894585208132,11.83143982209596,11.814266540794433,11.888333894026637,11.887856,11.870486083991484,11.869636529796477
1338,11.015985569256994,11.028471472294461,11.02700419273267,11.029346633265572,11.110462297622789,11.057801560636463,11.017375,11.072165930928865,11.005418514286815,11.014871455291305,11.021591813790623,11.022353339942068,11.120134421381477,11.016727706189998,11.025969,11.009482722392498,11.005418514286815
1339,12.397712453721194,12.37726543663452,12.376636540794944,12.387914981277142,12.38003164403149,12.298431095814662,12.31412,12.303296273915947,12.288754834469755,12.399618108927319,12.371045620892184,12.372329434699372,12.368555556125843,12.29721833462639,12.288494,12.289311501259823,12.288754834469755
1340,11.764964876404314,11.760530239578221,11.759805535585734,11.777795433247704,11.763724058133176,11.758394777606465,11.737143,11.75169348317227,11.770939464157824,11.767718407450968,11.757525166756356,11.757929786964848,11.749393315836786,11.772354015247666,11.73696,11.755352116580648,11.770939464157824
1341,11.616643015708476,11.612625305771372,11.610912462220478,11.65174404041167,11.693147118310078,11.605639415165044,11.589847,11.593363181829373,11.58920550239414,11.619222389232311,11.614612578838187,11.613340246428518,11.69048264649633,11.597253304947047,11.588287,11.597424013050066,11.58920550239414
1342,11.984514583705158,11.990814023893877,11.992659375961475,11.975897549440393,11.993393235401136,11.967854194777445,11.983494,12.005194453599893,11.9541647980975,11.980339211108069,12.002690906405224,12.001357328789313,12.006049724136824,12.000430942182545,11.998067,11.978754242759058,11.9541647980975
1343,12.416938681049745,12.415898786338433,12.417113319338457,12.416227442678641,12.414261834016381,12.462611250911596,12.468379,12.48784345250225,12.447481725392015,12.412551549488892,12.418472181097695,12.415434516572557,12.408624912351446,12.441345252700883,12.452453,12.453848847423657,12.447481725392015
1344,12.035299696189384,12.06590535022243,12.06380933723667,12.034524473081248,12.063755656731743,12.000899064057966,12.068596,12.05982648072911,12.014780588411186,12.049860005605147,12.055152144998154,12.056925300126888,12.024866753442067,12.034622687115608,12.064194,12.046490341745363,12.014780588411186
1345,12.216272546601694,12.217841540759892,12.218044192897601,12.18013819710482,12.126731916314519,12.131406110280622,12.1488085,12.115852603366754,12.117506579358764,12.215854960605231,12.2175684040477,12.217740859268538,12.148863207718032,12.138640553213797,12.129763,12.134753126171725,12.117506579358764
1346,11.423855195119728,11.408638369328093,11.407537680660703,11.396501613289683,11.35253781977483,11.305033655250528,11.296589,11.30938774303729,11.327801797264797,11.4251051430479,11.405625649945225,11.40917324807469,11.39398174696875,11.31247759160476,11.261669,11.250473374760762,11.327801797264797
1347,12.463979547581172,12.454097718410136,12.451174364948995,12.468146453971057,12.50262972681486,12.461787085840678,12.486523,12.460653346387414,12.502414731821561,12.479945759080767,12.448813030318199,12.45532832436382,12.472644939001992,12.475534200899066,12.47922,12.522691904010918,12.502414731821561
1348,12.658589530402873,12.629561706598711,12.629206265783626,12.65544809018908,12.650501559761867,12.600936805129983,12.594015,12.58581389631946,12.616650525731956,12.657929902815107,12.630307166558525,12.630001910799901,12.603388744579332,12.59025020051477,12.572402,12.600551965002358,12.616650525731956
1349,12.389844740469307,12.384648024806257,12.386705789579452,12.381389558341109,12.371049827034472,12.39500982385223,12.400004,12.405513251928028,12.436297745370982,12.375844796871696,12.394743294201747,12.39323419191273,12.355882483899505,12.391899899748491,12.391833,12.39800148899131,12.436297745370982
1350,11.794475280584487,11.775650746421878,11.776797736960878,11.770082622987267,11.723050271021117,11.867342151756118,11.903063,12.038959769804045,11.84192604730557,11.788061053026176,11.77682413150218,11.77560335953477,11.77739123221981,11.820671514344856,11.891207,11.935465597089127,11.84192604730557
1351,12.212957502546125,12.219693994223086,12.221510513019295,12.195960917663427,12.178272115517231,12.042232467855767,12.089148,12.101578946648093,12.121719839867588,12.213237449500019,12.231732030697724,12.233049492075681,12.189656028535982,12.035778465040094,12.084737,12.125994680022053,12.121719839867588
1352,12.046844278651553,12.059007069275854,12.059425622018752,12.050222160393082,12.02676759955396,11.99314372722429,11.99685,11.960806862449958,11.980338938300665,12.046165379039442,12.062822227205194,12.062088617158778,12.027640896618783,11.973060190766924,11.974597,11.998280280600202,11.980338938300665
1353,11.868750592356516,11.888761836007511,11.889165238695623,11.857205608995622,11.828778244909186,11.786369935000518,11.746113,11.73522953650187,11.759766128060088,11.868030156206734,11.892169414500733,11.889110774196201,11.868043193339464,11.790128252779978,11.748404,11.740777211541499,11.759766128060088
1354,12.85635493979565,12.86491466875407,12.863720249688013,12.891685508774522,12.900482338277163,12.945532107002999,12.926091,13.004194485144614,12.918030246197057,12.85437306431795,12.858585376641786,12.854595117255872,12.908345972081388,12.912906498595751,12.915692,12.928729932536392,12.918030246197057
1355,12.361287873735312,12.360346283846622,12.361268006973983,12.363680258937329,12.361746060795667,12.386836406233963,12.368698,12.353793784446468,12.373723265013982,12.362443575299022,12.36492085576618,12.367578863209845,12.377315611038561,12.365529106222676,12.363698,12.394841575676708,12.373723265013982
1356,12.12828534066941,12.13346000700495,12.13431920971646,12.144777845809688,12.148864214822082,12.155977084706286,12.173654,12.188624099030008,12.148343121069436,12.12855236720121,12.138977016799346,12.14017615339879,12.137593446539451,12.194851081389109,12.182814,12.167602549260023,12.148343121069436
1357,11.579517494940976,11.587113673862934,11.5866432037418,11.611517800052146,11.643268562104131,11.668127016634227,11.642757,11.594349023914853,11.622980687874422,11.58103619604385,11.587555885607808,11.58722370548112,11.622388002540886,11.672057196145241,11.624406,11.66587829856678,11.622980687874422
1358,11.981530138819366,11.968195533686776,11.967151458261402,11.974631411610769,11.977053524678434,11.98144643156066,11.995137,11.975120421227547,11.979650633125663,11.982672395244286,11.96960827208245,11.968764931531918,11.982522321665995,11.984673673031907,12.001512,11.986808649572993,11.979650633125663
1359,12.01006989552285,12.018590023860723,12.018020090145935,12.015498987977404,12.048576098846794,12.072007108648238,12.063254,12.070818679538908,12.070162489159559,12.013432370265585,12.017409802208686,12.018726286404426,12.02341160692097,12.092538851931579,12.067519,12.067250985749908,12.070162489159559
1360,12.771794553917076,12.78187882527305,12.781868316208056,12.78407394226499,12.815516000585786,12.840274839675818,12.824481,12.841860063405225,12.840025557561782,12.772177914364887,12.781391373116296,12.781924642454458,12.774602647864933,12.866093113499526,12.832303,12.823234658082772,12.840025557561782
1361,12.121516799218192,12.08538805458502,12.084320121416157,12.137028556993057,12.163555137771983,12.137181872585737,12.136233,12.10641054505665,12.11537664582232,12.129078061748615,12.081949874250737,12.085961572066648,12.153319254109189,12.104832744495075,12.119967,12.114310157958966,12.11537664582232
1362,12.494796182791454,12.53230933758687,12.529653100913746,12.50046914518704,12.50266534881802,12.40925218863985,12.414918,12.415463160578,12.43833008440716,12.497591576614559,12.534846927040434,12.533059449260485,12.512749676516206,12.435421123168682,12.418168,12.431943594681655,12.43833008440716
1363,11.670841254813608,11.689396637513562,11.690513739757655,11.652711672318693,11.650730451389997,11.719134834140544,11.703646,11.68831418301454,11.730844777221304,11.662745811131122,11.691875452775687,11.688598184451056,11.66156168536979,11.696036577075608,11.718657,11.652769379103015,11.730844777221304
1364,12.058201056587592,12.059028315203767,12.058698865524175,12.04779200789563,12.029169073678682,12.004447826294882,11.998934,11.98962906451899,12.0406315085142,12.057859076274507,12.058110654506434,12.059117860399887,12.04671665658238,12.008774938663922,11.986007,12.00128841020857,12.0406315085142
1365,11.866193881128925,11.864419983347409,11.864452959849633,11.865848498508413,11.883228910424062,11.892404599690119,11.889833,11.909672064381441,11.909961260656722,11.866607655126634,11.864583749436008,11.864099286818389,11.866610684019339,11.878903054477503,11.8821745,11.904938700401907,11.909961260656722
1366,12.231934699458728,12.240610303345399,12.240423509737521,12.237617885221628,12.265223440078561,12.259610481405895,12.249405,12.289079774351636,12.27168433441348,12.235910550089349,12.239299818595521,12.239570873315891,12.245518574649774,12.265672883890918,12.251712,12.250654260436402,12.27168433441348
1367,12.198185205517674,12.201628658212101,12.202268458919626,12.197578032908442,12.223337404689088,12.216125134304232,12.21829,12.260723665884456,12.23737427601126,12.19368734688503,12.203079171181182,12.201136942140616,12.225089631594459,12.23530455862932,12.221357,12.21936455069409,12.23737427601126
1368,11.787590860324107,11.79009460870078,11.792323217200387,11.783524399144207,11.75361569343805,11.782946206665173,11.803138,11.829517650480629,11.82114790891995,11.777405762329787,11.791687236329516,11.788618049044402,11.745040162155759,11.792428803157511,11.8055525,11.824696961902154,11.82114790891995
1369,11.829093333950357,11.823226521470442,11.823573821744606,11.827762799341059,11.849835265242785,11.852847829088528,11.859372,11.851040058897048,11.85126107795108,11.828531995728454,11.823024781844078,11.823176453468648,11.834004708279844,11.847032684113627,11.853841,11.866241365507056,11.85126107795108
1370,12.390088147448338,12.399230986359377,12.400110753979087,12.403493655183778,12.41880841531323,12.427854156020127,12.450885,12.412317790840392,12.445223590900213,12.386264581989414,12.403761530324093,12.402871408542378,12.375187111054801,12.439884136682295,12.460998,12.44352169122368,12.445223590900213
1371,11.556002500637653,11.560039799697769,11.557975317776137,11.556823299119682,11.572651570341128,11.626652654539567,11.621077,11.59056948464638,11.587563571551605,11.555041716615941,11.557613729081584,11.560003214957604,11.564307538891589,11.617345181292702,11.581262,11.614865559225521,11.587563571551605
1372,12.146740257564971,12.144922360433792,12.14429674546419,12.132729384524378,12.075632081312033,12.040744246104392,12.079339,12.041412225821498,12.05701193609076,12.14780912394253,12.14162217080486,12.142254420191232,12.08020324217125,12.047194392452921,12.088359,12.079372669449546,12.05701193609076
1373,12.511470292747086,12.505119566003286,12.504823292268656,12.50522391225307,12.500572530563366,12.446210343852995,12.423522,12.435292184362766,12.46142613684943,12.511962117981557,12.502505195906323,12.503031245272409,12.482767077379505,12.44818663953326,12.434969,12.42704367283111,12.46142613684943
1374,13.030695308944987,13.022928689223527,13.02280119123213,13.074903100252333,13.16740354070895,13.089077073335774,13.067018,13.072260548800017,13.087205403793261,13.032342898946037,13.021053220657645,13.021489818141346,13.065412026759704,13.045398242190387,13.068141,13.09234067610075,13.087205403793261
1375,12.402948352400266,12.406512449150986,12.40597014716515,12.406041847401626,12.441959132746474,12.443863910314752,12.428208,12.460316725228658,12.427868194822514,12.408519324380658,12.404088238369548,12.404539310613263,12.415776479134243,12.461125308775907,12.429286,12.440410655262463,12.427868194822514
1376,12.440923051770238,12.433807980179516,12.433676889679349,12.43416727149345,12.41418562724286,12.4617356901661,12.496855,12.509632113068442,12.538113208631035,12.440035187979115,12.433984225371468,12.433892544413977,12.380698446391738,12.440042006564564,12.495163,12.475877288737058,12.538113208631035
1377,11.460772066374858,11.458036032489646,11.458892188183086,11.444252284854961,11.421094397102532,11.48358528967588,11.48903,11.46110696883163,11.451462445745804,11.461817239646935,11.464159549669647,11.465666928138278,11.446271985365751,11.487878748500568,11.482252,11.498029039009452,11.451462445745804
1378,11.76473044789812,11.766177722799712,11.766974594371048,11.76073654886032,11.753460784498326,11.804148323803753,11.79116,11.768475249583895,11.784600001613983,11.764286606978681,11.772179856240914,11.77112638200075,11.796399727594805,11.782268768284725,11.765332,11.812891432749225,11.784600001613983
1379,11.509282147981455,11.499769607723891,11.500736207067675,11.507891565380257,11.5036223460225,11.48614499950871,11.519246,11.473454204693969,11.485127312303272,11.513309331725756,11.500387606346433,11.500243022367144,11.512874982303346,11.480948230381284,11.49937,11.50538865157195,11.485127312303272
1380,11.931234953121175,11.938439513375323,11.937151662175543,11.926244952409679,11.943696356480402,11.926766153887497,11.912606,11.882862667997841,11.910088506615535,11.935355224621253,11.936277719885044,11.938664886067832,11.935681865538918,11.950398726066119,11.897572,11.922734955465748,11.910088506615535
1381,11.304812716602886,11.305494097578025,11.30601226680051,11.285089737931095,11.292625159628749,11.19096670379757,11.161154,11.185031315028766,11.202056094266263,11.304977588079224,11.309571170912545,11.308895194113491,11.330580185230177,11.219246338048354,11.142732,11.139197319579583,11.202056094266263
1382,12.401074961274338,12.404394429982862,12.404014255161687,12.377403663382625,12.349387257964514,12.334240152540898,12.281597,12.306743996668292,12.298881418248852,12.408075322510697,12.401038671930829,12.401654943601553,12.360626296686915,12.367765566964275,12.283299,12.327759742459842,12.298881418248852
1383,11.986396699844661,11.994290028260783,11.99378635795306,11.991283202811934,11.95166795862948,11.948936081198314,11.964861,11.953149419644951,11.95838344655501,11.985736788677823,11.99204168834152,11.990093476486404,11.956842986694202,11.93231711111514,11.961892,11.977720510449581,11.95838344655501
1384,11.914564418844376,11.913933251162016,11.914427726792836,11.936193734255879,11.944048661987559,11.888884956395636,11.84722,11.79771448749593,11.85148975189334,11.913495650163995,11.915051574401181,11.913639961005064,11.939920719753353,11.897185153549309,11.810405,11.875040244737662,11.85148975189334
1385,11.62766754472883,11.638350507552564,11.640138209537833,11.601501340992902,11.57302683967282,11.611392650101967,11.660214,11.67428147292672,11.646916418842554,11.627489549817637,11.65116495135015,11.650710341276106,11.652681030700926,11.603196322911995,11.65513,11.651005926589674,11.646916418842554
1386,11.554903679604944,11.571906791254122,11.572263465680061,11.553685136457286,11.612899411415892,11.639284852235185,11.606116,11.624754205201928,11.552329945014293,11.555479061186993,11.576703300860016,11.576211409285117,11.640480086367766,11.613707009650106,11.607225,11.607730130907544,11.552329945014293
1387,12.646040795165918,12.65080431953111,12.649424259516753,12.627910699132121,12.574460973732283,12.52475422133337,12.63115,12.561379101160071,12.642596396850202,12.65371810932192,12.641695979201765,12.643522978254113,12.565217341090717,12.560101077379304,12.64501,12.623949910640471,12.642596396850202
1388,12.051601007706914,12.044255953853744,12.043007835413643,12.015117295131017,12.034776748339349,11.988260432233092,11.926331,11.90842251643913,11.944002001010496,12.058463214644853,12.040935989434933,12.045179381113293,12.00609494630077,12.016203698640732,11.960998,11.939633346709908,11.944002001010496
1389,12.67603493091174,12.655586714103023,12.65691350772975,12.698165351489843,12.727514143137707,12.760094732677443,12.7761965,12.78093637703818,12.797647447935956,12.673156768394849,12.654489109702979,12.655297467643846,12.663013219716701,12.750164729519183,12.779576,12.790886662913184,12.797647447935956
1390,11.782945003668816,11.79186380148813,11.791300433062514,11.790056868187452,11.8298130259186,11.84062294678939,11.8253145,11.838006575971944,11.825638893966444,11.784993046901153,11.792408865586246,11.7920983122904,11.800249591968983,11.845262272495363,11.824465,11.838788797761234,11.825638893966444
1391,12.298440261521055,12.293839357804508,12.294817146706047,12.304584159089313,12.313526053124033,12.350438960162553,12.342721,12.334037027125975,12.335284221209665,12.295560606195503,12.29560841894674,12.293461477966119,12.301349126240948,12.332993193273145,12.341309,12.34892462499041,12.335284221209665
1392,11.764082443514859,11.766991717771464,11.76835562210506,11.748801012736548,11.71103990526312,11.76541243121355,11.728847,11.729817720263945,11.757760636199121,11.756845034321895,11.76950823419142,11.76647373578606,11.76383523507307,11.733025094641198,11.685651,11.718014731269106,11.757760636199121
1393,11.681021039504351,11.696052483750702,11.695997067504399,11.694814879620086,11.727996752274553,11.791240253676193,11.766496,11.782652138560174,11.783812491553908,11.680628767785999,11.69626373734729,11.696172804289144,11.674636597150068,11.759106311376847,11.760658,11.777937568424933,11.783812491553908
1394,11.86643751098397,11.861600359864054,11.862880420755232,11.884134517643528,11.99024601254372,11.8832909955098,11.843245,11.860686039405865,11.905683928043373,11.854517357351941,11.868586116940497,11.86743805056319,11.9379567289142,11.851213011255936,11.870473,11.8448537811734,11.905683928043373
1395,12.335982276387044,12.326525368946625,12.326618372660072,12.344232670475375,12.323929674839857,12.277653645151657,12.315005,12.324308776337483,12.337176673619714,12.334291906285484,12.326690844283792,12.326706496869235,12.341018154106417,12.29391172408641,12.3211155,12.321068864061344,12.337176673619714
1396,12.51392956394043,12.525603301526605,12.525753228647668,12.537935823610184,12.578624183546893,12.594791573551937,12.55991,12.559977227322117,12.55801889506425,12.511269092215304,12.525362636683292,12.525558360007722,12.53240919938989,12.605782146354773,12.57532,12.5709868854229,12.55801889506425
1397,12.012169866488529,12.023697873404217,12.02334926295922,12.014195146769996,12.05826354321432,11.999294946268995,12.000207,12.019190044522949,12.016185078693253,12.010915257426426,12.021934437593696,12.023908263890034,12.046467373026077,12.003916093419011,12.017136,12.004480481145812,12.016185078693253
1398,11.872773314823592,11.86306632202549,11.861150994036265,11.903281308818785,11.875843205410629,11.818839109488415,11.8006735,11.786986605846764,11.825593049630092,11.876771674100159,11.865296834820057,11.863899633294835,11.874669778919396,11.85233313082071,11.770106,11.821432886965134,11.825593049630092
1399,11.896103568432354,11.88989160492537,11.8882572080989,11.886679551847434,11.845687588599462,11.867452388033765,11.880029,11.838492029134537,11.78294092773599,11.907167272533083,11.882423192561449,11.88359326377929,11.878192067780402,11.838157570503064,11.874235,11.866255686809666,11.78294092773599
1400,11.947327751099742,11.926029226144623,11.927059949154321,11.92514630940227,11.886563324203728,11.9117012919755,11.889063,11.90991048575436,11.918625976936852,11.942537966503082,11.927594450272613,11.925887927524325,11.89076024606505,11.907782998096673,11.885672,11.89310181020898,11.918625976936852
1401,11.725368084681477,11.708938652317704,11.70784345373972,11.748904677875721,11.759968947290778,11.758241327952597,11.709503,11.703984615077461,11.737534974042116,11.725100449075006,11.703908945898588,11.703187902847098,11.72994882731303,11.724612812587258,11.73343,11.734729424713416,11.737534974042116
1402,12.139087928086653,12.142174654300472,12.142063979652075,12.140172214557383,12.130238650267133,12.128969612738658,12.113384,12.126314005514349,12.135854096831762,12.139347733869364,12.142021652559913,12.1421733714141,12.137282974846844,12.13075998167731,12.109226,12.122540056778115,12.135854096831762
1403,12.206006703591656,12.209457588500081,12.210174970342905,12.189979280672981,12.133687253934163,12.164595946753076,12.12634,12.169250876649448,12.142785864915785,12.204795630519268,12.208579084735572,12.209054835128278,12.157361056240012,12.12039321080239,12.100522,12.164661866414725,12.142785864915785
1404,12.46497906237893,12.433028718195692,12.43344064259637,12.470353872929426,12.46764850992613,12.430663535860106,12.435612,12.429605463984739,12.367682106638991,12.466802214107473,12.433024403467762,12.433069372928697,12.488394571141823,12.43442627629184,12.423177,12.422140204185395,12.367682106638991
1405,11.353118899523537,11.3431648338593,11.344166413583416,11.33133668336319,11.377505331083515,11.384276453604198,11.291643,11.263487703743603,11.36592018093745,11.342754027008592,11.346535084345197,11.342210570392979,11.382193618453114,11.328618679231777,11.329713,11.295022610684262,11.36592018093745
1406,12.505401802670088,12.486868493670201,12.486293725687405,12.521166143452895,12.49751114493598,12.569711103890116,12.583639,12.560805921961524,12.587350837651632,12.50696218409673,12.487657511570784,12.48721664598312,12.457556751677485,12.567397584590168,12.5744295,12.573314238598975,12.587350837651632
1407,11.742317472892084,11.752026854612511,11.750792518630098,11.740501746506295,11.729868745815567,11.812990531129227,11.792047,11.786199443063854,11.757564636201183,11.742620014070862,11.750142370134148,11.752128917251286,11.749774745531003,11.792736196484174,11.798871,11.797093012402376,11.757564636201183
1408,11.5844732790227,11.578715309800048,11.57911934169149,11.606388228668775,11.621513203817162,11.667432211394852,11.698154,11.727121083767566,11.677066488549464,11.583937343243035,11.580418484209899,11.579033290521288,11.615499342712425,11.698687754303412,11.682603,11.691351448329506,11.677066488549464
1409,11.611657588976865,11.604278300037942,11.602899183886484,11.640144103027989,11.68427463625536,11.636966216970876,11.656962,11.613408878593892,11.649824715348672,11.61690714650063,11.601245553885153,11.604643567714739,11.688152913220442,11.6352524623918,11.671373,11.618872744100438,11.649824715348672
1410,12.221754425270172,12.239946449541007,12.241722207529897,12.232569274406346,12.28452521765377,12.28366955840298,12.219091,12.236545008679908,12.267811037334283,12.222627598448154,12.251955784872376,12.251661687250028,12.245644257996005,12.249880303979465,12.212293,12.259001263781125,12.267811037334283
1411,12.310982174425009,12.315634948110638,12.316269345371698,12.313495982658043,12.336992495180368,12.317639040704787,12.302108,12.31021437643646,12.290367813075777,12.310045593960544,12.314968249804382,12.31546411473653,12.334225780738057,12.31661666202984,12.31406,12.298139520337598,12.290367813075777
1412,11.976842599115933,11.978345728688605,11.978601702879898,11.955741984524124,11.904676038012596,11.907634335767328,11.93126,11.94811417406568,11.912753462317381,11.972685210052905,11.978473830892039,11.978312059800247,11.952911550008313,11.906188211348656,11.915601,11.888326273765017,11.912753462317381
1413,11.44081675090603,11.411145536675388,11.40997564881699,11.441118349166839,11.444052206599343,11.48118791025464,11.495209,11.507580329279701,11.514323949633006,11.447551208887585,11.407445800419472,11.411880902029784,11.426052551632148,11.509276815794186,11.504177,11.473198712740077,11.514323949633006
1414,12.46480273974484,12.472227140095917,12.47225020630352,12.48033902944244,12.490253538277363,12.469071596278209,12.4219055,12.455078301697881,12.428810134980294,12.465085524388705,12.472771675648309,12.475239557406663,12.47708726538838,12.490946930323041,12.43421,12.45240590836116,12.428810134980294
1415,12.104145825325329,12.093557906767963,12.091915555198996,12.127164180052254,12.192576617151481,12.175074920517485,12.163988,12.205569112686469,12.175690872511334,12.105486760498728,12.095235386377196,12.094327259388777,12.14942233637034,12.186584748842924,12.201788,12.166935333870411,12.175690872511334
1416,12.267595521516897,12.261936435757113,12.26166592958254,12.272211606068623,12.298363968068474,12.25158078627047,12.252158,12.266697368781212,12.23338978994452,12.267045000166732,12.262542375228962,12.262228439881103,12.305407842381447,12.25224435685302,12.257477,12.26729581335943,12.23338978994452
1417,11.802132490236517,11.823702808327726,11.824172026490901,11.817937997911802,11.847478788286875,11.707361392970737,11.691153,11.647256157498589,11.672665811405684,11.806384630059052,11.828195346113528,11.827464019694881,11.76360971595924,11.662167275297014,11.689852,11.674125466644615,11.672665811405684
1418,12.672525029444042,12.670214032806697,12.669366864255895,12.684896843207222,12.728977539136864,12.68847754061623,12.666213,12.701841550952638,12.70333482713897,12.673394208416187,12.6712292046882,12.67065720680776,12.732788905017726,12.695071633171063,12.692965,12.654196370283286,12.70333482713897
1419,11.762739011745541,11.758136589857118,11.757910777432976,11.769448206623714,11.784672486920938,11.793934659017678,11.785174,11.771983234960114,11.77239779473512,11.762637036091773,11.75502477270189,11.756664378810926,11.76145860769956,11.771843987860326,11.788367,11.796027589877498,11.77239779473512
1420,12.371689921206142,12.41121434915306,12.410316162279585,12.367844341530908,12.349189826424007,12.312975804302623,12.275919,12.301805845922946,12.307413809665372,12.384231288893393,12.406719906153176,12.407550792125544,12.338057266162886,12.299540780786458,12.286644,12.283609722023801,12.307413809665372
1421,12.038760957345662,12.032957041326242,12.03326053160934,12.035560743506714,12.032974391647661,12.031742449745758,12.03578,11.99870341498414,12.02079627924795,12.03795399427106,12.033249409101268,12.033033411328937,12.043774591056598,12.00806830205478,12.032048,12.030826911301624,12.02079627924795
1422,11.850613372858527,11.830328633759368,11.828966646431399,11.858866454624547,11.892560133264883,11.875223050721136,11.862288,11.859303849238199,11.870504789790012,11.855282474161116,11.828976094368402,11.831309505104274,11.889463949530217,11.874866548995652,11.88641,11.877788062876759,11.870504789790012
1423,11.845890712194853,11.84966705851878,11.85027171794823,11.847088712479684,11.85953482491177,11.849974163257208,11.855122,11.843477448734431,11.849110505093423,11.847264207020999,11.854285001330624,11.853422275812074,11.83777626488378,11.853045641060742,11.852945,11.856113427797574,11.849110505093423
1424,12.387506641916426,12.375357935073534,12.374190314361694,12.36693541155723,12.410336657735334,12.198161750551728,12.195066,12.237349892564536,12.256737326657648,12.396256823951397,12.368534890394766,12.369615940369401,12.408053917636087,12.233942616827122,12.1722145,12.167574768120215,12.256737326657648
1425,11.83285721804515,11.825518598118384,11.825676266996771,11.831440622280487,11.833457160680561,11.862989799670737,11.88655,11.894791633558842,11.889829947363008,11.833133748507867,11.825862954752296,11.826809434320198,11.83299763987003,11.861854119298563,11.882624,11.899583387562751,11.889829947363008
1426,11.94906567267094,11.95019647139866,11.949916998149417,11.934567021354852,11.902658360454602,11.883896870974821,11.87655,11.891590116150573,11.905017776470883,11.946416995028347,11.949029412849956,11.950313836554672,11.917253963917007,11.85262889426845,11.888263,11.885437472771084,11.905017776470883
1427,12.52537873884127,12.526523142934874,12.525939024128077,12.529740774109724,12.550364646417156,12.467887923039125,12.461798,12.449142622343158,12.47060895615839,12.528430492170958,12.525986658841793,12.526601772719388,12.541599752449239,12.441053266149513,12.461684,12.44590914405779,12.47060895615839
1428,11.834861189575701,11.83539007269066,11.837009788227649,11.820372522766997,11.784929669227107,11.839453891510779,11.807457,11.848478597092578,11.830680690700882,11.826251090917673,11.838289829590694,11.834946172329182,11.801877514458015,11.852407134002089,11.803824,11.854412295031313,11.830680690700882
1429,11.599400488476704,11.616944388352834,11.617635198156126,11.57358935871773,11.586983790196529,11.696845633788893,11.686966,11.653207253279069,11.627949000305263,11.598925910754364,11.61610578762258,11.616514702148722,11.61881007852759,11.674539324104506,11.6747265,11.652113584936222,11.627949000305263
1430,12.206122277497354,12.185290345215137,12.185910911613766,12.194890989568698,12.200482665223678,12.169361991112474,12.126424,12.154493851253815,12.13766134652783,12.204174750329098,12.184892513196123,12.185202942525425,12.200971960970035,12.153905251266155,12.133171,12.133189831178397,12.13766134652783
1431,12.124335933873668,12.101263364576011,12.100842557861517,12.127688311911815,12.139378589061657,12.128667130422308,12.097578,12.123390075171448,12.09551646485767,12.12444088630896,12.101504919034449,12.103304492988348,12.142049967123985,12.142782890043133,12.115232,12.115374217763252,12.09551646485767
1432,11.82024860735435,11.807353437040632,11.807283736730383,11.822168016415413,11.818871494282108,11.844392269639917,11.826919,11.82132998556989,11.831811319385777,11.824431913624915,11.807659238570526,11.807256012639513,11.82992479984077,11.835626903339488,11.830048,11.827777823158046,11.831811319385777
1433,11.497630707771593,11.49853489164328,11.498727712714073,11.51995187684798,11.561249401992983,11.543585592798168,11.591701,11.51422615302227,11.544397518682207,11.498464192110305,11.49863368273282,11.498639365871842,11.538736428276293,11.575825754742603,11.535078,11.563939654174975,11.544397518682207
1434,12.169484115452159,12.164788483014492,12.164682352376957,12.16438484756916,12.152327049895838,12.138347413814392,12.123919,12.127920858559555,12.134803507555683,12.167198189799642,12.16458419282358,12.164884831356124,12.17114290434774,12.148226113456417,12.146489,12.129260853763006,12.134803507555683
1435,11.93601207614121,11.966917998106824,11.96627043133172,11.93418091957648,11.971363024469118,12.015788400719124,11.995601,11.966375378341747,12.038444643822357,11.928392255538835,11.963198873198072,11.963701804097427,11.973310606380304,12.02079712362632,11.991702,11.996029119806698,12.038444643822357
1436,12.132762416599894,12.131216400190715,12.132897025063,12.108269371836766,12.086318011909704,12.039218568105117,12.002313,12.024578322313936,11.985677910809574,12.128400903951286,12.129362423325134,12.130533009949884,12.13500916857406,12.061994353075061,11.998402,12.048207878475665,11.985677910809574
1437,11.643644239657583,11.649826079605502,11.650572222560948,11.668458483946601,11.711401350965236,11.697625265107662,11.678435,11.67394022009523,11.661357017815348,11.643036545453057,11.651127570208878,11.649559394100802,11.655991157453842,11.684645806652808,11.670493,11.687320812496228,11.661357017815348
1438,12.7275181705515,12.733309921869093,12.733575579674678,12.745614380766288,12.745836157186027,12.812980433633332,12.732133,12.735286753045875,12.806559765592574,12.728653153647818,12.734257635851236,12.734322002567664,12.744764082562346,12.784073129963437,12.735108,12.760328692204707,12.806559765592574
1439,11.894480001251376,11.893444153936723,11.89292683343013,11.896001041331358,11.923126764488197,11.90473933600194,11.933558,11.93699292679635,11.930310441308794,11.896719584382673,11.890695974134305,11.891134822048276,11.932665119598672,11.914333548725896,11.919669,11.918332385767217,11.930310441308794
1440,12.110316115882732,12.110906970230294,12.111891099117043,12.08536637622596,12.091322309823058,12.139138423615224,12.139793,12.121023958522397,12.11774107018482,12.107039678841165,12.117559034786957,12.116233335268753,12.113728541484997,12.15175925680688,12.146148,12.120222765136312,12.11774107018482
1441,12.326830518850498,12.319455264995158,12.313753609271858,12.33528816795149,12.270672623601937,12.325499827197135,12.278102,12.265793570040225,12.254467557106492,12.334205631029718,12.327670590065818,12.32238606006074,12.310758166590658,12.301931923961318,12.2582035,12.300853091113433,12.254467557106492
1442,11.88302636493833,11.883674768217857,11.884140068078272,11.876415881217703,11.877095205998375,11.875128482081404,11.877778,11.87078557941994,11.878900387795712,11.880844240674188,11.88467143815181,11.883510512898598,11.86907012263491,11.86684532729994,11.871092,11.87708033586775,11.878900387795712
1443,12.759485078466213,12.766649842755363,12.767384967551232,12.773117975306443,12.762351079172195,12.73743529162275,12.74058,12.747138313593855,12.74202219705756,12.759098070322729,12.768925642470052,12.769289883883681,12.764252138646977,12.776485801475808,12.755883,12.764119981004518,12.74202219705756
1444,11.513048178077975,11.517034208385414,11.522226935301246,11.50103372444962,11.565391584633796,11.616320489963861,11.575217,11.574218408550989,11.579729050528043,11.517033553185723,11.540184937141985,11.541302224594476,11.587389010448213,11.582796883238798,11.54458,11.506822112611893,11.579729050528043
1445,12.140228582551789,12.156009222616383,12.157333802897995,12.13261465579791,12.115551526974116,12.14437971870616,12.157001,12.151593906246893,12.15585116733069,12.136054166724449,12.15997821332266,12.15502993277206,12.098612006257989,12.168930927106889,12.154255,12.15631431037224,12.15585116733069
1446,11.81037461788507,11.804717427129974,11.803900737731519,11.827398288049231,11.827868579962411,11.758816345050825,11.788923,11.78330459088408,11.723393229397749,11.80951549931723,11.798064339915442,11.796301905274934,11.795491999801278,11.770166125173574,11.788225,11.78451028860828,11.723393229397749
1447,11.883023700208527,11.886711661525483,11.886854160530191,11.886726351523201,11.92322491435522,11.877933139754344,11.877144,11.88305919817999,11.893507664080772,11.884392595621147,11.888555431175298,11.888136412753616,11.92159634591106,11.94030341275809,11.893489,11.89351783082997,11.893507664080772
1448,12.433355120911814,12.442402467917756,12.443405106312548,12.434683166226865,12.423874797660506,12.475326962957592,12.52456,12.530033662158269,12.540048629871752,12.431988589901836,12.441064913647514,12.441961821865704,12.432686512544526,12.515979864728536,12.517932,12.480213876600851,12.540048629871752
1449,11.572196211114218,11.556864240949544,11.556841567607396,11.592391514012347,11.578626782325923,11.583027967736431,11.627667,11.60110474556617,11.631698199242503,11.569314990298269,11.55636587569268,11.556867406832959,11.552290234237772,11.606264999420748,11.6139965,11.604633582810761,11.631698199242503
1450,11.368392036051876,11.366027348690542,11.366766207660527,11.31323212011305,11.297562274015819,11.406118817339431,11.388933,11.353010188031567,11.439343106706767,11.364553125616242,11.3656494108018,11.365818515485985,11.312542250470175,11.42844373252427,11.391374,11.415323811263358,11.439343106706767
1451,11.774366166826047,11.77871401628007,11.779437073520679,11.785133944135316,11.807943528853203,11.795114479811255,11.789947,11.841071298507753,11.809194472390631,11.772911160256134,11.778072396564186,11.778558142006872,11.769841705311995,11.801676216718768,11.784537,11.805434517634248,11.809194472390631
1452,12.46147089848407,12.42830046188052,12.42888599324939,12.44274056531218,12.481879832461722,12.479207682639514,12.424187,12.424575580319997,12.44676694896421,12.459627438480299,12.428254594455435,12.428384903871779,12.456507988923738,12.475190787939184,12.443314,12.445757953653978,12.44676694896421
1453,11.78807106244688,11.788379117442195,11.787687738820663,11.785874320442296,11.845480303736679,11.818020078023265,11.772473,11.821425374072579,11.832572582410696,11.787648010080483,11.789408961432837,11.790429630663711,11.787429157148598,11.833632510702051,11.800669,11.79774743183007,11.832572582410696
1454,11.793540984500213,11.785196958521526,11.784953906798837,11.79727882281484,11.881937602224156,11.783713736927927,11.737381,11.752623654324916,11.75281608807773,11.796013770437494,11.784976257574087,11.785435972839059,11.849394971024488,11.7481530519346,11.735877,11.75782937952256,11.75281608807773
1455,12.148800848551899,12.146819130339669,12.146064545696458,12.14986949888306,12.175364472220965,12.139433262061134,12.155071,12.132535374965789,12.12164266694726,12.155234929122566,12.144889953591969,12.14720534431199,12.178541179381256,12.151153395918604,12.141392,12.13932900056488,12.12164266694726
1456,12.064533219577985,12.069642258679732,12.069891273260188,12.067948796652313,12.090910418534781,12.071515448436095,12.05663,12.054297471754145,12.076127562288383,12.063275687287248,12.070092605075995,12.069507693036716,12.070929743404015,12.07046041404505,12.039681,12.057040572922219,12.076127562288383
1457,12.265411883757476,12.281688838672896,12.282665572466826,12.250148699285138,12.25630094341656,12.223764486096563,12.187587,12.198127889392943,12.252726760117572,12.266073287006922,12.289267439707244,12.289425987090695,12.257907608220016,12.197371738326119,12.185771,12.185684953214729,12.252726760117572
1458,12.444138665312174,12.459481104459881,12.45930598320949,12.469007973713893,12.51369033126375,12.465381824374113,12.4796,12.47108786035681,12.4686785095902,12.454560558005547,12.4591167728115,12.459001741464606,12.429182081159345,12.430666716011734,12.489276,12.476570535641658,12.4686785095902
1459,11.88601486604711,11.872445615162736,11.871087049021073,11.842871572993207,11.844689119885777,11.831702341940517,11.8268,11.828131778726826,11.837324320951653,11.889719416740009,11.869322866687131,11.873085801838666,11.860787066619183,11.85468978379686,11.815808,11.844097351918679,11.837324320951653
1460,11.883924534363363,11.882097832299756,11.883079438755502,11.892462910512663,11.897319364451603,11.943460099845192,11.894414,11.91528532917082,11.923736357418349,11.880743053845032,11.884612809947555,11.881637298397056,11.879574645516078,11.925859202593063,11.885827,11.905856527065017,11.923736357418349
